"Street","Description","Barangay","City","Province","Classification","Zonal Value"
"A C CORTES AVE","FRM BOUNDARY OF BRGY. IBABAO (P. BURGOS ST.)   TO PLARIDEL ST.","ALANG-ALANG","MANDAUE","CEBU","RESIDENTIAL REGULAR","42,530.00"
"A C CORTES AVE","FRM BOUNDARY OF BRGY. IBABAO (P. BURGOS ST.)   TO PLARIDEL ST.","ALANG-ALANG","MANDAUE","CEBU","COMMERCIAL REGULAR","42,000.00"
"A C CORTES AVE","FRM BOUNDARY OF BRGY. IBABAO (P. BURGOS ST.)   TO PLARIDEL ST.","ALANG-ALANG","MANDAUE","CEBU","INDUSTRIAL","36,750.00"
"A C CORTES AVE","INTERIOR W/CAR ACCESS","ALANG-ALANG","MANDAUE","CEBU","RESIDENTIAL REGULAR","15,750.00"
"P. BURGOS STREET","F. MENDOZA ST. TO G OUANO ST.","ALANG-ALANG","MANDAUE","CEBU","COMMERCIAL REGULAR","21,540.00"
"P. BURGOS STREET","F. MENDOZA ST. TO G OUANO ST.","ALANG-ALANG","MANDAUE","CEBU","INDUSTRIAL","18,780.00"
"P. BURGOS STREET","INTERIOR","ALANG-ALANG","MANDAUE","CEBU","RESIDENTIAL REGULAR","10,800.00"
"F. MENDOZA ST.","P. BURGOS ST. TO BRIONES ST.","ALANG-ALANG","MANDAUE","CEBU","COMMERCIAL REGULAR","21,200.00"
"F. MENDOZA ST.","P. BURGOS ST. TO BRIONES ST.","ALANG-ALANG","MANDAUE","CEBU","INDUSTRIAL","18,150.00"
"F. MENDOZA ST.","INTERIOR","ALANG-ALANG","MANDAUE","CEBU","RESIDENTIAL REGULAR","11,400.00"
"J. BRIONES ST. (FORMERLY PLARIDEL ST.)","FRM . F. MENDOZA ST. TO   A.C. CORTES AVENUE","ALANG-ALANG","MANDAUE","CEBU","COMMERCIAL REGULAR","42,530.00"
"J. BRIONES ST. (FORMERLY PLARIDEL ST.)","FRM . F. MENDOZA ST. TO   A.C. CORTES AVENUE","ALANG-ALANG","MANDAUE","CEBU","RESIDENTIAL REGULAR","26,250.00"
"J. BRIONES ST. (FORMERLY PLARIDEL ST.)","FRM . F. MENDOZA ST. TO   A.C. CORTES AVENUE","ALANG-ALANG","MANDAUE","CEBU","INDUSTRIAL","36,750.00"
"J. BRIONES ST. (FORMERLY PLARIDEL ST.)","INTERIOR","ALANG-ALANG","MANDAUE","CEBU","RESIDENTIAL REGULAR","12,540.00"
"S. OUANO ST (FORMERLY G.  OUANO STREET)","BURGOS-PLARIDEL","ALANG-ALANG","MANDAUE","CEBU","COMMERCIAL REGULAR","26,750.00"
"S. OUANO ST (FORMERLY G.  OUANO STREET)","BURGOS-PLARIDEL","ALANG-ALANG","MANDAUE","CEBU","INDUSTRIAL","25,200.00"
"S. OUANO ST (FORMERLY G.  OUANO STREET)","INTERIOR","ALANG-ALANG","MANDAUE","CEBU","RESIDENTIAL REGULAR","11,280.00"
"R. COLINA ST (FORMERLY LIBERTAD STREET)","RIZAL-BURGOS","ALANG-ALANG","MANDAUE","CEBU","RESIDENTIAL REGULAR","63,000.00"
"R. COLINA ST (FORMERLY LIBERTAD STREET)","RIZAL-BURGOS","ALANG-ALANG","MANDAUE","CEBU","COMMERCIAL REGULAR","23,100.00"
"R. COLINA ST (FORMERLY LIBERTAD STREET)","RIZAL-BURGOS","ALANG-ALANG","MANDAUE","CEBU","RESIDENTIAL REGULAR","12,600.00"
"R. COLINA ST (FORMERLY LIBERTAD STREET)","RIZAL-BURGOS","ALANG-ALANG","MANDAUE","CEBU","INDUSTRIAL","18,900.00"
"R. COLINA ST (FORMERLY LIBERTAD STREET)","INTERIOR","ALANG-ALANG","MANDAUE","CEBU","RESIDENTIAL REGULAR","10,500.00"
"PLARIDEL STREET","A.C. CORTES AVE. TO BUTUANON RIVER","ALANG-ALANG","MANDAUE","CEBU","COMMERCIAL REGULAR","42,530.00"
"PLARIDEL STREET","A.C. CORTES AVE. TO BUTUANON RIVER","ALANG-ALANG","MANDAUE","CEBU","INDUSTRIAL","36,750.00"
"PLARIDEL STREET","INTERIOR","ALANG-ALANG","MANDAUE","CEBU","RESIDENTIAL REGULAR","10,600.00"
"M. FERNAN ST. (U.N. AVENUE)","PACIFIC MALL TO MARCELO FERNAN BRIDGE","ALANG-ALANG","MANDAUE","CEBU","COMMERCIAL REGULAR","63,000.00"
"M. FERNAN ST. (U.N. AVENUE)","PACIFIC MALL TO MARCELO FERNAN BRIDGE","ALANG-ALANG","MANDAUE","CEBU","INDUSTRIAL","47,250.00"
"M. FERNAN ST. (U.N. AVENUE)","INTERIOR","ALANG-ALANG","MANDAUE","CEBU","RESIDENTIAL REGULAR","14,400.00"
"SANCHEZ STREET","S.B. CABAHUG ST.-PLARIDEL","ALANG-ALANG","MANDAUE","CEBU","COMMERCIAL REGULAR","52,140.00"
"SANCHEZ STREET","S.B. CABAHUG ST.-PLARIDEL","ALANG-ALANG","MANDAUE","CEBU","INDUSTRIAL","21,700.00"
"SANCHEZ STREET","INTERIOR","ALANG-ALANG","MANDAUE","CEBU","RESIDENTIAL REGULAR","10,540.00"
"SITIO LIONG","","ALANG-ALANG","MANDAUE","CEBU","COMMERCIAL REGULAR","21,540.00"
"SITIO LIONG","","ALANG-ALANG","MANDAUE","CEBU","INDUSTRIAL","18,660.00"
"SITIO LIONG","INTERIOR","ALANG-ALANG","MANDAUE","CEBU","RESIDENTIAL REGULAR","10,140.00"
"MARCIANO QUEZON (FORMERLY P. BURGOS STREET)","","ALANG-ALANG","MANDAUE","CEBU","COMMERCIAL REGULAR","125,000.00"
"MARCIANO QUEZON (FORMERLY P. BURGOS STREET)","","ALANG-ALANG","MANDAUE","CEBU","COMMERCIAL REGULAR","25,840.00"
"MARCIANO QUEZON (FORMERLY P. BURGOS STREET)","","ALANG-ALANG","MANDAUE","CEBU","INDUSTRIAL","24,150.00"
"MARCIANO QUEZON (FORMERLY P. BURGOS STREET)","INTERIOR","ALANG-ALANG","MANDAUE","CEBU","RESIDENTIAL REGULAR","11,650.00"
"ALL OTHERS STREETS","","ALANG-ALANG","MANDAUE","CEBU","COMMERCIAL REGULAR","15,420.00"
"ALL OTHERS STREETS","","ALANG-ALANG","MANDAUE","CEBU","INDUSTRIAL","10,400.00"
"ALL OTHERS STREETS","INTERIOR","ALANG-ALANG","MANDAUE","CEBU","RESIDENTIAL REGULAR","6,400.00"
"SILVER SEA SUBDIVISION","","ALANG-ALANG","MANDAUE","CEBU","RESIDENTIAL REGULAR","15,090.00"
"ALL OTHER SUBDIVISIONS","","ALANG-ALANG","MANDAUE","CEBU","RESIDENTIAL REGULAR","12,550.00"
"AMAIA STEPS","","ALANG-ALANG","MANDAUE","CEBU","COMMERCIAL CONDOMINIUM","114,450.00"
"AMAIA STEPS","","ALANG-ALANG","MANDAUE","CEBU","RESIDENTIAL CONDOMINIUM","108,900.00"
"AMAIA STEPS","","ALANG-ALANG","MANDAUE","CEBU","PARKING SLOT","42,780.00"
"CASA MIRA TOWERS","","ALANG-ALANG","MANDAUE","CEBU","RESIDENTIAL CONDOMINIUM","125,000.00"
"ALL OTHER CONDOMINIUMS","","ALANG-ALANG","MANDAUE","CEBU","COMMERCIAL CONDOMINIUM","116,050.00"
"ALL OTHER CONDOMINIUMS","","ALANG-ALANG","MANDAUE","CEBU","RESIDENTIAL CONDOMINIUM","94,670.00"
"ALL OTHER CONDOMINIUMS","","ALANG-ALANG","MANDAUE","CEBU","PARKING SLOT","33,340.00"
"A.S. FORTUNA ST (FORMERLY BAKILID-BANILAD ROAD)","FROM BOUNDARY POINT OF BRGY. BANILAD TO M.C. BRIONES ST. (NATIONAL HIGHWAY)","BAKILID","MANDAUE","CEBU","COMMERCIAL REGULAR","66,650.00"
"A.S. FORTUNA ST (FORMERLY BAKILID-BANILAD ROAD)","FROM BOUNDARY POINT OF BRGY. BANILAD TO M.C. BRIONES ST. (NATIONAL HIGHWAY)","BAKILID","MANDAUE","CEBU","COMMERCIAL REGULAR","57,750.00"
"A.S. FORTUNA ST (FORMERLY BAKILID-BANILAD ROAD)","FROM BOUNDARY POINT OF BRGY. BANILAD TO M.C. BRIONES ST. (NATIONAL HIGHWAY)","BAKILID","MANDAUE","CEBU","RESIDENTIAL REGULAR","43,200.00"
"A.S. FORTUNA ST (FORMERLY BAKILID-BANILAD ROAD)","FROM BOUNDARY POINT OF BRGY. BANILAD TO M.C. BRIONES ST. (NATIONAL HIGHWAY)","BAKILID","MANDAUE","CEBU","INDUSTRIAL","57,750.00"
"A.S. FORTUNA ST (FORMERLY BAKILID-BANILAD ROAD)","INTERIOR","BAKILID","MANDAUE","CEBU","RESIDENTIAL REGULAR","25,730.00"
"BAKILID BARRIO ROAD","","BAKILID","MANDAUE","CEBU","COMMERCIAL REGULAR","19,400.00"
"BAKILID BARRIO ROAD","","BAKILID","MANDAUE","CEBU","RESIDENTIAL REGULAR","15,750.00"
"BAKILID BARRIO ROAD","","BAKILID","MANDAUE","CEBU","INDUSTRIAL","17,050.00"
"BAKILID BARRIO ROAD","INTERIOR","BAKILID","MANDAUE","CEBU","RESIDENTIAL REGULAR","8,400.00"
"ALL OTHER STREETS","ALONG THE ROAD","BAKILID","MANDAUE","CEBU","COMMERCIAL REGULAR","18,900.00"
"ALL OTHER STREETS","ALONG THE ROAD","BAKILID","MANDAUE","CEBU","RESIDENTIAL REGULAR","15,750.00"
"ALL OTHER STREETS","ALONG THE ROAD","BAKILID","MANDAUE","CEBU","INDUSTRIAL","16,800.00"
"ALL OTHER STREETS","INTERIOR","BAKILID","MANDAUE","CEBU","RESIDENTIAL REGULAR","8,400.00"
"M.C BRIONES (CEBU NORTH ROAD-HIGHWAY)","FROM BOUNDARY POINT OF BRGY. TIPOLO TO L. JAYME ST.","BAKILID","MANDAUE","CEBU","COMMERCIAL REGULAR","52,600.00"
"M.C BRIONES (CEBU NORTH ROAD-HIGHWAY)","FROM BOUNDARY POINT OF BRGY. TIPOLO TO L. JAYME ST.","BAKILID","MANDAUE","CEBU","RESIDENTIAL REGULAR","42,000.00"
"M.C BRIONES (CEBU NORTH ROAD-HIGHWAY)","FROM BOUNDARY POINT OF BRGY. TIPOLO TO L. JAYME ST.","BAKILID","MANDAUE","CEBU","INDUSTRIAL","45,680.00"
"M.C BRIONES (CEBU NORTH ROAD-HIGHWAY)","INTERIOR","BAKILID","MANDAUE","CEBU","RESIDENTIAL REGULAR","22,260.00"
"L. JAYME ST.","FROM M.C. BRIONES ST. TO V. ALBAÑO ST.","BAKILID","MANDAUE","CEBU","COMMERCIAL REGULAR","28,150.00"
"L. JAYME ST.","FROM M.C. BRIONES ST. TO V. ALBAÑO ST.","BAKILID","MANDAUE","CEBU","COMMERCIAL REGULAR","24,360.00"
"L. JAYME ST.","FROM M.C. BRIONES ST. TO V. ALBAÑO ST.","BAKILID","MANDAUE","CEBU","RESIDENTIAL REGULAR","23,630.00"
"L. JAYME ST.","FROM M.C. BRIONES ST. TO V. ALBAÑO ST.","BAKILID","MANDAUE","CEBU","INDUSTRIAL","24,360.00"
"L. JAYME ST.","INTERIOR","BAKILID","MANDAUE","CEBU","RESIDENTIAL REGULAR","16,070.00"
"L. JAYME ST.","FROM V. ALBAÑO ST. TO BOUNDARY OF CASUNTINGAN","BAKILID","MANDAUE","CEBU","COMMERCIAL REGULAR","23,420.00"
"L. JAYME ST.","FROM V. ALBAÑO ST. TO BOUNDARY OF CASUNTINGAN","BAKILID","MANDAUE","CEBU","RESIDENTIAL REGULAR","18,900.00"
"L. JAYME ST.","FROM V. ALBAÑO ST. TO BOUNDARY OF CASUNTINGAN","BAKILID","MANDAUE","CEBU","INDUSTRIAL","20,900.00"
"L. JAYME ST.","INTERIOR","BAKILID","MANDAUE","CEBU","RESIDENTIAL REGULAR","11,760.00"
"V. ALBAÑO ST.","FROM A.S. FORTUNA ST., TO L. JAYME ST.","BAKILID","MANDAUE","CEBU","COMMERCIAL REGULAR","24,120.00"
"V. ALBAÑO ST.","FROM A.S. FORTUNA ST., TO L. JAYME ST.","BAKILID","MANDAUE","CEBU","RESIDENTIAL REGULAR","21,000.00"
"V. ALBAÑO ST.","FROM A.S. FORTUNA ST., TO L. JAYME ST.","BAKILID","MANDAUE","CEBU","INDUSTRIAL","23,100.00"
"V. ALBAÑO ST.","INTERIOR LOTS - CAR ACCESS","BAKILID","MANDAUE","CEBU","RESIDENTIAL REGULAR","11,760.00"
"ANCIETO SENO ST.","FROM BOUNDARY CASUNTINGAN TO A.S. FORTUNA ST.","BAKILID","MANDAUE","CEBU","COMMERCIAL REGULAR","24,120.00"
"ANCIETO SENO ST.","FROM BOUNDARY CASUNTINGAN TO A.S. FORTUNA ST.","BAKILID","MANDAUE","CEBU","RESIDENTIAL REGULAR","20,850.00"
"ANCIETO SENO ST.","FROM BOUNDARY CASUNTINGAN TO A.S. FORTUNA ST.","BAKILID","MANDAUE","CEBU","INDUSTRIAL","21,000.00"
"ANCIETO SENO ST.","INTERIOR LOTS - CAR ACCESS","BAKILID","MANDAUE","CEBU","RESIDENTIAL REGULAR","11,760.00"
"BAKILID-CASUNTINGAN ROAD","FROM ANICETO SENO ST. TO L. JAYME ST.","BAKILID","MANDAUE","CEBU","COMMERCIAL REGULAR","23,420.00"
"BAKILID-CASUNTINGAN ROAD","FROM ANICETO SENO ST. TO L. JAYME ST.","BAKILID","MANDAUE","CEBU","RESIDENTIAL REGULAR","130,750.00"
"BAKILID-CASUNTINGAN ROAD","FROM ANICETO SENO ST. TO L. JAYME ST.","BAKILID","MANDAUE","CEBU","RESIDENTIAL REGULAR","18,900.00"
"BAKILID-CASUNTINGAN ROAD","FROM ANICETO SENO ST. TO L. JAYME ST.","BAKILID","MANDAUE","CEBU","INDUSTRIAL","20,900.00"
"BAKILID-CASUNTINGAN ROAD","INTERIOR","BAKILID","MANDAUE","CEBU","RESIDENTIAL REGULAR","11,760.00"
"E.V. ESPINA ST. / SACRIS ROAD","FROM BOUNDARY OF TIPOLO TO A. SENO ST","BAKILID","MANDAUE","CEBU","COMMERCIAL REGULAR","27,930.00"
"E.V. ESPINA ST. / SACRIS ROAD","FROM BOUNDARY OF TIPOLO TO A. SENO ST","BAKILID","MANDAUE","CEBU","RESIDENTIAL REGULAR","22,790.00"
"E.V. ESPINA ST. / SACRIS ROAD","FROM BOUNDARY OF TIPOLO TO A. SENO ST","BAKILID","MANDAUE","CEBU","INDUSTRIAL","24,150.00"
"E.V. ESPINA ST. / SACRIS ROAD","INTERIOR","BAKILID","MANDAUE","CEBU","RESIDENTIAL REGULAR","14,910.00"
"ALBAÑO SUBDIVISION","","BAKILID","MANDAUE","CEBU","RESIDENTIAL REGULAR","23,520.00"
"TYKA HOMES","","BAKILID","MANDAUE","CEBU","RESIDENTIAL REGULAR","17,960.00"
"RAINBOW HOUSING","","BAKILID","MANDAUE","CEBU","RESIDENTIAL REGULAR","16,070.00"
"ALL OTHER SUBDIVISIONS","","BAKILID","MANDAUE","CEBU","RESIDENTIAL REGULAR","15,750.00"
"J TOWER RESIDENCES","","BAKILID","MANDAUE","CEBU","RESIDENTIAL CONDOMINIUM","130,750.00"
"ANACLETO SENO STREET","HERNAN CORTES-CASUNTINGAN","BANILAD","MANDAUE","CEBU","COMMERCIAL REGULAR","24,150.00"
"ANACLETO SENO STREET","HERNAN CORTES-CASUNTINGAN","BANILAD","MANDAUE","CEBU","RESIDENTIAL REGULAR","16,800.00"
"ANACLETO SENO STREET","HERNAN CORTES-CASUNTINGAN","BANILAD","MANDAUE","CEBU","INDUSTRIAL","21,000.00"
"ANACLETO SENO STREET","INTERIOR","BANILAD","MANDAUE","CEBU","RESIDENTIAL REGULAR","11,450.00"
"A S FORTUNA STREET","ALBANO SUBD-HOLY FAMILY","BANILAD","MANDAUE","CEBU","RESIDENTIAL REGULAR","63,000.00"
"A S FORTUNA STREET","ALBANO SUBD-HOLY FAMILY","BANILAD","MANDAUE","CEBU","COMMERCIAL REGULAR","63,000.00"
"A S FORTUNA STREET","ALBANO SUBD-HOLY FAMILY","BANILAD","MANDAUE","CEBU","RESIDENTIAL REGULAR","37,170.00"
"A S FORTUNA STREET","ALBANO SUBD-HOLY FAMILY","BANILAD","MANDAUE","CEBU","INDUSTRIAL","52,500.00"
"A S FORTUNA STREET","INTERIOR","BANILAD","MANDAUE","CEBU","RESIDENTIAL REGULAR","15,850.00"
"ELIAS ESPINA STREET","HERNAN CORTES-CEBU CITY","BANILAD","MANDAUE","CEBU","COMMERCIAL REGULAR","20,550.00"
"ELIAS ESPINA STREET","HERNAN CORTES-CEBU CITY","BANILAD","MANDAUE","CEBU","RESIDENTIAL REGULAR","17,640.00"
"ELIAS ESPINA STREET","HERNAN CORTES-CEBU CITY","BANILAD","MANDAUE","CEBU","INDUSTRIAL","18,900.00"
"ELIAS ESPINA STREET","INTERIOR","BANILAD","MANDAUE","CEBU","RESIDENTIAL REGULAR","12,080.00"
"H. CORTES STREET","TIPOLO-CABANCALAN","BANILAD","MANDAUE","CEBU","COMMERCIAL REGULAR","26,250.00"
"H. CORTES STREET","TIPOLO-CABANCALAN","BANILAD","MANDAUE","CEBU","RESIDENTIAL REGULAR","20,790.00"
"H. CORTES STREET","TIPOLO-CABANCALAN","BANILAD","MANDAUE","CEBU","INDUSTRIAL","23,100.00"
"H. CORTES STREET","INTERIOR","BANILAD","MANDAUE","CEBU","RESIDENTIAL REGULAR","13,130.00"
"M L QUEZON STREET","","BANILAD","MANDAUE","CEBU","INDUSTRIAL","12,600.00"
"M L QUEZON STREET","INTERIOR","BANILAD","MANDAUE","CEBU","RESIDENTIAL REGULAR","10,500.00"
"P. REMEDIO STREET","A.S. FORTUNA-CABANGCALAN","BANILAD","MANDAUE","CEBU","COMMERCIAL REGULAR","17,250.00"
"P. REMEDIO STREET","A.S. FORTUNA-CABANGCALAN","BANILAD","MANDAUE","CEBU","RESIDENTIAL REGULAR","14,700.00"
"P. REMEDIO STREET","A.S. FORTUNA-CABANGCALAN","BANILAD","MANDAUE","CEBU","PARKING SLOT","79,700.00"
"P. REMEDIO STREET","A.S. FORTUNA-CABANGCALAN","BANILAD","MANDAUE","CEBU","INDUSTRIAL","14,910.00"
"P. REMEDIO STREET","INTERIOR","BANILAD","MANDAUE","CEBU","RESIDENTIAL REGULAR","9,450.00"
"TALAMBAN ACCESS, ADJACENT TO STO. NIÑO VILLAGE","","BANILAD","MANDAUE","CEBU","COMMERCIAL REGULAR","12,600.00"
"TALAMBAN ACCESS, ADJACENT TO STO. NIÑO VILLAGE","","BANILAD","MANDAUE","CEBU","RESIDENTIAL REGULAR","6,300.00"
"STO NINO VILLAGE","","BANILAD","MANDAUE","CEBU","RESIDENTIAL REGULAR","24,300.00"
"HOLY FAMILY VILLAGE","","BANILAD","MANDAUE","CEBU","RESIDENTIAL REGULAR","16,700.00"
"EL DORADO SUBD.","","BANILAD","MANDAUE","CEBU","RESIDENTIAL REGULAR","17,640.00"
"LORD OF MERCY SUBD.","","BANILAD","MANDAUE","CEBU","RESIDENTIAL REGULAR","15,750.00"
"GREEN PLAINS SUBD","","BANILAD","MANDAUE","CEBU","RESIDENTIAL REGULAR","16,600.00"
"MANGO GREEN SUBD.","","BANILAD","MANDAUE","CEBU","RESIDENTIAL REGULAR","17,330.00"
"ST. MARTIN SUBD.","","BANILAD","MANDAUE","CEBU","RESIDENTIAL REGULAR","16,380.00"
"ALBANO SUBD.","","BANILAD","MANDAUE","CEBU","RESIDENTIAL REGULAR","16,380.00"
"FLORIMER SUBD.","","BANILAD","MANDAUE","CEBU","RESIDENTIAL REGULAR","13,970.00"
"HIDDEN HOMES","","BANILAD","MANDAUE","CEBU","RESIDENTIAL REGULAR","13,020.00"
"SOLI GRANDE CONDOMIMIUM","","BANILAD","MANDAUE","CEBU","RESIDENTIAL CONDOMINIUM","79,700.00"
"SOLI GRANDE CONDOMIMIUM","","BANILAD","MANDAUE","CEBU","PARKING SLOT","49,560.00"
"MIDPOINT RESIDENCES","","BANILAD","MANDAUE","CEBU","RESIDENTIAL REGULAR","122,230.00"
"MIDPOINT RESIDENCES","","BANILAD","MANDAUE","CEBU","RESIDENTIAL CONDOMINIUM","122,230.00"
"MIDPOINT RESIDENCES","","BANILAD","MANDAUE","CEBU","PARKING SLOT","59,430.00"
"MIDORI RESIDENCES","","BANILAD","MANDAUE","CEBU","RESIDENTIAL CONDOMINIUM","102,500.00"
"MIDORI RESIDENCES","","BANILAD","MANDAUE","CEBU","PARKING SLOT","59,430.00"
"ALL OTHER CONDOMINIUMS","","BANILAD","MANDAUE","CEBU","RESIDENTIAL CONDOMINIUM","86,730.00"
"CHATSWOOD RESIDENCES","","BANILAD","MANDAUE","CEBU","RESIDENTIAL CONDOMINIUM","110,700.00"
"BASAK-DUNGOAN ROAD","CEBU NORTH RD-LABOGON","BASAK","MANDAUE","CEBU","COMMERCIAL REGULAR","10,250.00"
"BASAK-DUNGOAN ROAD","CEBU NORTH RD-LABOGON","BASAK","MANDAUE","CEBU","RESIDENTIAL REGULAR","8,200.00"
"BASAK-DUNGOAN ROAD","CEBU NORTH RD-LABOGON","BASAK","MANDAUE","CEBU","INDUSTRIAL","9,230.00"
"BASAK-DUNGOAN ROAD","INTERIOR","BASAK","MANDAUE","CEBU","RESIDENTIAL REGULAR","5,130.00"
"BASAK-PAGSABUNGAN ROAD","CEBU NORTH RD-LABOGON","BASAK","MANDAUE","CEBU","COMMERCIAL REGULAR","18,700.00"
"BASAK-PAGSABUNGAN ROAD","CEBU NORTH RD-LABOGON","BASAK","MANDAUE","CEBU","RESIDENTIAL REGULAR","10,250.00"
"BASAK-PAGSABUNGAN ROAD","CEBU NORTH RD-LABOGON","BASAK","MANDAUE","CEBU","INDUSTRIAL","15,380.00"
"BASAK-PAGSABUNGAN ROAD","INTERIOR","BASAK","MANDAUE","CEBU","RESIDENTIAL REGULAR","6,150.00"
"H ABELLANA STREET","JOSE RIZAL ST. (NATIONAL HIGHWAY) TO DECA HOMES SUBDIVISION","BASAK","MANDAUE","CEBU","COMMERCIAL REGULAR","18,220.00"
"H ABELLANA STREET","JOSE RIZAL ST. (NATIONAL HIGHWAY) TO DECA HOMES SUBDIVISION","BASAK","MANDAUE","CEBU","RESIDENTIAL REGULAR","9,210.00"
"H ABELLANA STREET","JOSE RIZAL ST. (NATIONAL HIGHWAY) TO DECA HOMES SUBDIVISION","BASAK","MANDAUE","CEBU","RESIDENTIAL REGULAR","40,750.00"
"H ABELLANA STREET","JOSE RIZAL ST. (NATIONAL HIGHWAY) TO DECA HOMES SUBDIVISION","BASAK","MANDAUE","CEBU","INDUSTRIAL","15,580.00"
"H ABELLANA STREET","INTERIOR-CAR ACCESS","BASAK","MANDAUE","CEBU","RESIDENTIAL REGULAR","7,380.00"
"H ABELLANA STREET EXTENSION","H. ABELLANA ST. TO BOUNDARY OF BARANGAY PAGSABUNGAN","BASAK","MANDAUE","CEBU","COMMERCIAL REGULAR","11,720.00"
"H ABELLANA STREET EXTENSION","H. ABELLANA ST. TO BOUNDARY OF BARANGAY PAGSABUNGAN","BASAK","MANDAUE","CEBU","RESIDENTIAL REGULAR","7,040.00"
"H ABELLANA STREET EXTENSION","H. ABELLANA ST. TO BOUNDARY OF BARANGAY PAGSABUNGAN","BASAK","MANDAUE","CEBU","INDUSTRIAL","8,690.00"
"H ABELLANA STREET EXTENSION","INTERIOR-CAR ACCESS","BASAK","MANDAUE","CEBU","RESIDENTIAL REGULAR","5,500.00"
"JOSE RIZAL ST. (NATIONAL HIGHWAY)","E. LLENES ST. TO CORNER OF H. ABELLANA ST. (BASAK ELEMENTARY)","BASAK","MANDAUE","CEBU","COMMERCIAL REGULAR","40,750.00"
"JOSE RIZAL ST. (NATIONAL HIGHWAY)","E. LLENES ST. TO CORNER OF H. ABELLANA ST. (BASAK ELEMENTARY)","BASAK","MANDAUE","CEBU","RESIDENTIAL REGULAR","18,100.00"
"JOSE RIZAL ST. (NATIONAL HIGHWAY)","E. LLENES ST. TO CORNER OF H. ABELLANA ST. (BASAK ELEMENTARY)","BASAK","MANDAUE","CEBU","INDUSTRIAL","29,130.00"
"JOSE RIZAL ST. (NATIONAL HIGHWAY)","INTERIOR-CAR ACCESS","BASAK","MANDAUE","CEBU","RESIDENTIAL REGULAR","14,220.00"
"FATIMA ROAD","CEBU NORTH ROAD-LABOGON","BASAK","MANDAUE","CEBU","COMMERCIAL REGULAR","25,630.00"
"FATIMA ROAD","CEBU NORTH ROAD-LABOGON","BASAK","MANDAUE","CEBU","RESIDENTIAL REGULAR","15,380.00"
"FATIMA ROAD","CEBU NORTH ROAD-LABOGON","BASAK","MANDAUE","CEBU","INDUSTRIAL","23,070.00"
"FATIMA ROAD","INTERIOR","BASAK","MANDAUE","CEBU","RESIDENTIAL REGULAR","6,150.00"
"P. SANCHEZ ST. (PAGSABUNGAN ROAD)","JOSE RIZAL ST. (NATIONAL HIGHWAY) TO BOUNDARY OF BARANGAY PAGSABUNGAN","BASAK","MANDAUE","CEBU","COMMERCIAL REGULAR","18,900.00"
"P. SANCHEZ ST. (PAGSABUNGAN ROAD)","JOSE RIZAL ST. (NATIONAL HIGHWAY) TO BOUNDARY OF BARANGAY PAGSABUNGAN","BASAK","MANDAUE","CEBU","RESIDENTIAL REGULAR","10,820.00"
"P. SANCHEZ ST. (PAGSABUNGAN ROAD)","JOSE RIZAL ST. (NATIONAL HIGHWAY) TO BOUNDARY OF BARANGAY PAGSABUNGAN","BASAK","MANDAUE","CEBU","RESIDENTIAL REGULAR","18,900.00"
"P. SANCHEZ ST. (PAGSABUNGAN ROAD)","JOSE RIZAL ST. (NATIONAL HIGHWAY) TO BOUNDARY OF BARANGAY PAGSABUNGAN","BASAK","MANDAUE","CEBU","INDUSTRIAL","15,700.00"
"P. SANCHEZ ST. (PAGSABUNGAN ROAD)","INTERIOR-CAR ACCESS","BASAK","MANDAUE","CEBU","RESIDENTIAL REGULAR","6,570.00"
"PALM HILLS ROAD","JOSE RIZAL ST. (NATIONAL HIGHWAY) TO BOUNDARY OF BARANGAY PAGSABUNGAN","BASAK","MANDAUE","CEBU","COMMERCIAL REGULAR","16,950.00"
"PALM HILLS ROAD","JOSE RIZAL ST. (NATIONAL HIGHWAY) TO BOUNDARY OF BARANGAY PAGSABUNGAN","BASAK","MANDAUE","CEBU","INDUSTRIAL","15,440.00"
"PALM HILLS ROAD","JOSE RIZAL ST. (NATIONAL HIGHWAY) TO BOUNDARY OF BARANGAY PAGSABUNGAN","BASAK","MANDAUE","CEBU","RESIDENTIAL REGULAR","12,650.00"
"PALM HILLS ROAD","INTERIOR-CAR ACCESS","BASAK","MANDAUE","CEBU","RESIDENTIAL REGULAR","9,110.00"
"J. ALINSUG ST. (FORMERLY BASAK - DUNGOAN)","JOSE RIZAL ST. (NATIONAL HIGHWAY) TO DECA HOMES SUBDIVISION","BASAK","MANDAUE","CEBU","COMMERCIAL REGULAR","18,900.00"
"J. ALINSUG ST. (FORMERLY BASAK - DUNGOAN)","JOSE RIZAL ST. (NATIONAL HIGHWAY) TO DECA HOMES SUBDIVISION","BASAK","MANDAUE","CEBU","INDUSTRIAL","15,750.00"
"J. ALINSUG ST. (FORMERLY BASAK - DUNGOAN)","JOSE RIZAL ST. (NATIONAL HIGHWAY) TO DECA HOMES SUBDIVISION","BASAK","MANDAUE","CEBU","RESIDENTIAL REGULAR","10,500.00"
"J. ALINSUG ST. (FORMERLY BASAK - DUNGOAN)","INTERIOR-CAR ACCESS","BASAK","MANDAUE","CEBU","RESIDENTIAL REGULAR","7,290.00"
"E. LLENES ST.","JOSE RIZAL ST. (NATIONAL HIGHWAY) TO BARANGAY LABOGON","BASAK","MANDAUE","CEBU","COMMERCIAL REGULAR","16,500.00"
"E. LLENES ST.","JOSE RIZAL ST. (NATIONAL HIGHWAY) TO BARANGAY LABOGON","BASAK","MANDAUE","CEBU","INDUSTRIAL","15,720.00"
"E. LLENES ST.","JOSE RIZAL ST. (NATIONAL HIGHWAY) TO BARANGAY LABOGON","BASAK","MANDAUE","CEBU","RESIDENTIAL REGULAR","12,570.00"
"E. LLENES ST.","INTERIOR-CAR ACCESS","BASAK","MANDAUE","CEBU","RESIDENTIAL REGULAR","8,600.00"
"ALL OTHER STREETS","","BASAK","MANDAUE","CEBU","COMMERCIAL REGULAR","12,300.00"
"ALL OTHER STREETS","","BASAK","MANDAUE","CEBU","RESIDENTIAL REGULAR","8,540.00"
"ALL OTHER STREETS","","BASAK","MANDAUE","CEBU","INDUSTRIAL","42,500.00"
"ALL OTHER STREETS","","BASAK","MANDAUE","CEBU","INDUSTRIAL","10,250.00"
"ALL OTHER STREETS","INTERIOR","BASAK","MANDAUE","CEBU","RESIDENTIAL REGULAR","5,130.00"
"PENTAGON LAND, INC.","J. ALINSUG ST.","BASAK","MANDAUE","CEBU","RESIDENTIAL REGULAR","18,450.00"
"COACO SUBDIVISIONS","","BASAK","MANDAUE","CEBU","RESIDENTIAL REGULAR","9,070.00"
"CONSUELO VILLAGE","","BASAK","MANDAUE","CEBU","RESIDENTIAL REGULAR","13,490.00"
"CORTES SUBDIVISIONS","","BASAK","MANDAUE","CEBU","RESIDENTIAL REGULAR","11,420.00"
"RAJAH TOWN HOMES","(CEBU COUNTRYSIDE SUBD.)","BASAK","MANDAUE","CEBU","RESIDENTIAL REGULAR","13,600.00"
"SMC VILLAGE","","BASAK","MANDAUE","CEBU","RESIDENTIAL REGULAR","11,650.00"
"PALM HILLS SUBDIVISION","","BASAK","MANDAUE","CEBU","RESIDENTIAL REGULAR","12,250.00"
"ELIAS CORTES","ML QUEZON-BUTUANON RIVER","CABANCALAN","MANDAUE","CEBU","COMMERCIAL REGULAR","13,700.00"
"ELIAS CORTES","ML QUEZON-BUTUANON RIVER","CABANCALAN","MANDAUE","CEBU","RESIDENTIAL REGULAR","10,000.00"
"ELIAS CORTES","ML QUEZON-BUTUANON RIVER","CABANCALAN","MANDAUE","CEBU","INDUSTRIAL","11,950.00"
"ELIAS CORTES","INTERIOR","CABANCALAN","MANDAUE","CEBU","RESIDENTIAL REGULAR","7,100.00"
"ML QUEZON","GREENHILLS-NPC","CABANCALAN","MANDAUE","CEBU","COMMERCIAL REGULAR","42,500.00"
"ML QUEZON","GREENHILLS-NPC","CABANCALAN","MANDAUE","CEBU","RESIDENTIAL REGULAR","25,000.00"
"ML QUEZON","GREENHILLS-NPC","CABANCALAN","MANDAUE","CEBU","INDUSTRIAL","35,000.00"
"ML QUEZON","INTERIOR","CABANCALAN","MANDAUE","CEBU","INDUSTRIAL","24,000.00"
"ML QUEZON","INTERIOR","CABANCALAN","MANDAUE","CEBU","RESIDENTIAL REGULAR","10,000.00"
"SITIO PILIT","","CABANCALAN","MANDAUE","CEBU","COMMERCIAL REGULAR","14,800.00"
"SITIO PILIT","","CABANCALAN","MANDAUE","CEBU","RESIDENTIAL REGULAR","10,500.00"
"SITIO PILIT","","CABANCALAN","MANDAUE","CEBU","INDUSTRIAL","11,600.00"
"SITIO PILIT","INTERIOR","CABANCALAN","MANDAUE","CEBU","RESIDENTIAL REGULAR","6,500.00"
"ALL OTHERS STREETS","","CABANCALAN","MANDAUE","CEBU","COMMERCIAL REGULAR","15,950.00"
"ALL OTHERS STREETS","","CABANCALAN","MANDAUE","CEBU","RESIDENTIAL REGULAR","11,750.00"
"ALL OTHERS STREETS","","CABANCALAN","MANDAUE","CEBU","INDUSTRIAL","14,150.00"
"ALL OTHERS STREETS","INTERIOR","CABANCALAN","MANDAUE","CEBU","RESIDENTIAL REGULAR","7,350.00"
"AGRO-MACRO SUBD PH I","ML QUEZON","CABANCALAN","MANDAUE","CEBU","RESIDENTIAL REGULAR","23,000.00"
"AGRO-MACRO SUBD PH II","ML QUEZON","CABANCALAN","MANDAUE","CEBU","RESIDENTIAL REGULAR","24,000.00"
"CEBU GREENWAY BUSINESS PARK","","CABANCALAN","MANDAUE","CEBU","RESIDENTIAL REGULAR","17,100.00"
"GARDEN RIDGE SUBD","ML QUEZON","CABANCALAN","MANDAUE","CEBU","RESIDENTIAL REGULAR","19,000.00"
"GREENHILLS SUBD","ML QUEZON","CABANCALAN","MANDAUE","CEBU","COMMERCIAL REGULAR","18,000.00"
"GREENHILLS SUBD","ML QUEZON","CABANCALAN","MANDAUE","CEBU","RESIDENTIAL REGULAR","15,000.00"
"GREENHILLS SUBD","ML QUEZON","CABANCALAN","MANDAUE","CEBU","INDUSTRIAL","16,200.00"
"GREENHILLS SUBD","INTERIOR","CABANCALAN","MANDAUE","CEBU","INDUSTRIAL","40,000.00"
"GREENHILLS SUBD","INTERIOR","CABANCALAN","MANDAUE","CEBU","RESIDENTIAL REGULAR","9,480.00"
"HIDDEN HOMES SUBD","","CABANCALAN","MANDAUE","CEBU","RESIDENTIAL REGULAR","12,600.00"
"NORTH TOWN WOODS SUBD","","CABANCALAN","MANDAUE","CEBU","RESIDENTIAL REGULAR","22,500.00"
"NORTH TOWN HOMES (PHASE IV A)","","CABANCALAN","MANDAUE","CEBU","RESIDENTIAL REGULAR","23,900.00"
"NORTH TOWN HOMES (PHASEIV B)","","CABANCALAN","MANDAUE","CEBU","RESIDENTIAL REGULAR","23,900.00"
"BF NORTHVILLE SUBDIVISION","","CABANCALAN","MANDAUE","CEBU","RESIDENTIAL REGULAR","22,550.00"
"EMERALD ESTATE","","CABANCALAN","MANDAUE","CEBU","RESIDENTIAL REGULAR","22,550.00"
"ST. THERESE HOMES I","","CABANCALAN","MANDAUE","CEBU","RESIDENTIAL REGULAR","20,050.00"
"ST. THERESE HOMES II","","CABANCALAN","MANDAUE","CEBU","RESIDENTIAL REGULAR","20,050.00"
"ALL OTHER SUBDIVISIONS","","CABANCALAN","MANDAUE","CEBU","RESIDENTIAL REGULAR","10,000.00"
"A. C. CORTES AVENUE (MACTAN ROAD)","PLARIDEL-ISLA DE PALMA (BRIDGE)","CAMBARO","MANDAUE","CEBU","COMMERCIAL REGULAR","40,000.00"
"A. C. CORTES AVENUE (MACTAN ROAD)","PLARIDEL-ISLA DE PALMA (BRIDGE)","CAMBARO","MANDAUE","CEBU","INDUSTRIAL","36,000.00"
"A. C. CORTES AVENUE (MACTAN ROAD)","INTERIOR W/ CAR ACCESS","CAMBARO","MANDAUE","CEBU","RESIDENTIAL REGULAR","15,700.00"
"GERARDO OUANO ST.","PLARIDEL ST. TO BOUNDARY OF BRGY. OPAO","CAMBARO","MANDAUE","CEBU","COMMERCIAL REGULAR","20,000.00"
"GERARDO OUANO ST.","PLARIDEL ST. TO BOUNDARY OF BRGY. OPAO","CAMBARO","MANDAUE","CEBU","RESIDENTIAL REGULAR","10,000.00"
"GERARDO OUANO ST.","PLARIDEL ST. TO BOUNDARY OF BRGY. OPAO","CAMBARO","MANDAUE","CEBU","INDUSTRIAL","18,000.00"
"GERARDO OUANO ST.","INTERIOR","CAMBARO","MANDAUE","CEBU","INDUSTRIAL","50,000.00"
"GERARDO OUANO ST.","INTERIOR","CAMBARO","MANDAUE","CEBU","RESIDENTIAL REGULAR","8,000.00"
"PLARIDEL STREET","F.MENDOZA ST. - G OUANO ST.","CAMBARO","MANDAUE","CEBU","COMMERCIAL REGULAR","40,500.00"
"PLARIDEL STREET","F.MENDOZA ST. - G OUANO ST.","CAMBARO","MANDAUE","CEBU","RESIDENTIAL REGULAR","25,000.00"
"PLARIDEL STREET","F.MENDOZA ST. - G OUANO ST.","CAMBARO","MANDAUE","CEBU","INDUSTRIAL","36,000.00"
"PLARIDEL STREET","INTERIOR","CAMBARO","MANDAUE","CEBU","RESIDENTIAL REGULAR","14,600.00"
"F. MENDOZA STREET (FORMERLY J. BRIONES ST.) (FORMERLY PART OF PLARIDEL ST.)","PLARIDEL-C.M. CABAHUG ST.","CAMBARO","MANDAUE","CEBU","COMMERCIAL REGULAR","17,650.00"
"F. MENDOZA STREET (FORMERLY J. BRIONES ST.) (FORMERLY PART OF PLARIDEL ST.)","F.MENDOZA ST. TO A.C. CORTES AVE.","CAMBARO","MANDAUE","CEBU","COMMERCIAL REGULAR","50,000.00"
"F. MENDOZA STREET (FORMERLY J. BRIONES ST.) (FORMERLY PART OF PLARIDEL ST.)","F.MENDOZA ST. TO A.C. CORTES AVE.","CAMBARO","MANDAUE","CEBU","RESIDENTIAL REGULAR","40,000.00"
"F. MENDOZA STREET (FORMERLY J. BRIONES ST.) (FORMERLY PART OF PLARIDEL ST.)","F.MENDOZA ST. TO A.C. CORTES AVE.","CAMBARO","MANDAUE","CEBU","INDUSTRIAL","45,000.00"
"F. MENDOZA STREET (FORMERLY J. BRIONES ST.) (FORMERLY PART OF PLARIDEL ST.)","INTERIOR","CAMBARO","MANDAUE","CEBU","RESIDENTIAL REGULAR","10,000.00"
"SAN ANTONIO STREET)","","CAMBARO","MANDAUE","CEBU","RESIDENTIAL REGULAR","12,000.00"
"SAN ANTONIO STREET)","","CAMBARO","MANDAUE","CEBU","INDUSTRIAL","15,000.00"
"SAN ANTONIO STREET)","INTERIOR","CAMBARO","MANDAUE","CEBU","RESIDENTIAL REGULAR","8,000.00"
"C.M. CABAHUG STREET","F MENDOZA ST-A.C. CORTES AVENUE","CAMBARO","MANDAUE","CEBU","COMMERCIAL REGULAR","17,500.00"
"C.M. CABAHUG STREET","F MENDOZA ST-A.C. CORTES AVENUE","CAMBARO","MANDAUE","CEBU","RESIDENTIAL REGULAR","11,000.00"
"C.M. CABAHUG STREET","F MENDOZA ST-A.C. CORTES AVENUE","CAMBARO","MANDAUE","CEBU","INDUSTRIAL","15,000.00"
"C.M. CABAHUG STREET","INTERIOR","CAMBARO","MANDAUE","CEBU","RESIDENTIAL REGULAR","135,000.00"
"C.M. CABAHUG STREET","INTERIOR","CAMBARO","MANDAUE","CEBU","RESIDENTIAL REGULAR","8,000.00"
"ALL OTHERS STREET","","CAMBARO","MANDAUE","CEBU","COMMERCIAL REGULAR","16,500.00"
"ALL OTHERS STREET","","CAMBARO","MANDAUE","CEBU","RESIDENTIAL REGULAR","10,800.00"
"ALL OTHERS STREET","","CAMBARO","MANDAUE","CEBU","INDUSTRIAL","15,300.00"
"ALL OTHERS STREET","INTERIOR","CAMBARO","MANDAUE","CEBU","RESIDENTIAL REGULAR","8,800.00"
"MHT RESIDENCES","","CAMBARO","MANDAUE","CEBU","COMMERCIAL CONDOMINIUM","120,000.00"
"MHT RESIDENCES","","CAMBARO","MANDAUE","CEBU","RESIDENTIAL CONDOMINIUM","100,300.00"
"MHT RESIDENCES","","CAMBARO","MANDAUE","CEBU","PARKING SLOT","37,200.00"
"CONDOMINIUMS-MID-HIGH END","","CAMBARO","MANDAUE","CEBU","COMMERCIAL CONDOMINIUM","135,000.00"
"CONDOMINIUMS-MID-HIGH END","","CAMBARO","MANDAUE","CEBU","RESIDENTIAL CONDOMINIUM","115,000.00"
"CONDOMINIUMS-MID-HIGH END","","CAMBARO","MANDAUE","CEBU","PARKING SLOT","50,000.00"
"ALL OTHER CONDOMINIUMS","","CAMBARO","MANDAUE","CEBU","COMMERCIAL CONDOMINIUM","110,000.00"
"ALL OTHER CONDOMINIUMS","","CAMBARO","MANDAUE","CEBU","RESIDENTIAL CONDOMINIUM","95,750.00"
"ALL OTHER CONDOMINIUMS","","CAMBARO","MANDAUE","CEBU","PARKING SLOT","35,550.00"
"H. ABELLANA ST.","CANDUMAN-PAGSABUNGAN ROAD","CANDUMAN","MANDAUE","CEBU","COMMERCIAL REGULAR","21,000.00"
"H. ABELLANA ST.","CANDUMAN-PAGSABUNGAN ROAD","CANDUMAN","MANDAUE","CEBU","RESIDENTIAL REGULAR","16,800.00"
"H. ABELLANA ST.","CANDUMAN-PAGSABUNGAN ROAD","CANDUMAN","MANDAUE","CEBU","GENERAL PURPOSES","22,260.00"
"H. ABELLANA ST.","CANDUMAN-PAGSABUNGAN ROAD","CANDUMAN","MANDAUE","CEBU","INDUSTRIAL","22,260.00"
"H. ABELLANA ST.","CANDUMAN-PAGSABUNGAN ROAD","CANDUMAN","MANDAUE","CEBU","GENERAL PURPOSES","5,250.00"
"H. ABELLANA ST.","INTERIOR","CANDUMAN","MANDAUE","CEBU","RESIDENTIAL REGULAR","6,830.00"
"B. SUICO ST.","P. SANCHEZ ST. TO H. ABELLANA ST.","CANDUMAN","MANDAUE","CEBU","COMMERCIAL REGULAR","16,800.00"
"B. SUICO ST.","P. SANCHEZ ST. TO H. ABELLANA ST.","CANDUMAN","MANDAUE","CEBU","RESIDENTIAL REGULAR","13,130.00"
"B. SUICO ST.","P. SANCHEZ ST. TO H. ABELLANA ST.","CANDUMAN","MANDAUE","CEBU","INDUSTRIAL","17,850.00"
"B. SUICO ST.","INTERIOR","CANDUMAN","MANDAUE","CEBU","RESIDENTIAL REGULAR","7,880.00"
"ARCADIO BORBAJO ST.","MARKET ROAD TO NHA HOUSING","CANDUMAN","MANDAUE","CEBU","COMMERCIAL REGULAR","15,750.00"
"ARCADIO BORBAJO ST.","MARKET ROAD TO NHA HOUSING","CANDUMAN","MANDAUE","CEBU","RESIDENTIAL REGULAR","8,190.00"
"ARCADIO BORBAJO ST.","MARKET ROAD TO NHA HOUSING","CANDUMAN","MANDAUE","CEBU","INDUSTRIAL","14,390.00"
"ARCADIO BORBAJO ST.","MARKET ROAD TO NHA HOUSING","CANDUMAN","MANDAUE","CEBU","GENERAL PURPOSES","5,360.00"
"ARCADIO BORBAJO ST.","INTERIOR","CANDUMAN","MANDAUE","CEBU","RESIDENTIAL REGULAR","3,680.00"
"ARCADIO BORBAJO EXT.","STREET CROSSING PARISH CHURCH","CANDUMAN","MANDAUE","CEBU","COMMERCIAL REGULAR","17,640.00"
"ARCADIO BORBAJO EXT.","STREET CROSSING PARISH CHURCH","CANDUMAN","MANDAUE","CEBU","RESIDENTIAL REGULAR","11,130.00"
"ARCADIO BORBAJO EXT.","STREET CROSSING PARISH CHURCH","CANDUMAN","MANDAUE","CEBU","INDUSTRIAL","17,850.00"
"ARCADIO BORBAJO EXT.","STREET CROSSING PARISH CHURCH","CANDUMAN","MANDAUE","CEBU","GENERAL PURPOSES","5,040.00"
"ARCADIO BORBAJO EXT.","INTERIOR","CANDUMAN","MANDAUE","CEBU","COMMERCIAL REGULAR","15,750.00"
"ARCADIO BORBAJO EXT.","INTERIOR","CANDUMAN","MANDAUE","CEBU","RESIDENTIAL REGULAR","3,680.00"
"GERVACIO SENO ST.","H. ABELLANA TO TAWASON","CANDUMAN","MANDAUE","CEBU","COMMERCIAL REGULAR","14,390.00"
"GERVACIO SENO ST.","H. ABELLANA TO TAWASON","CANDUMAN","MANDAUE","CEBU","RESIDENTIAL REGULAR","8,090.00"
"GERVACIO SENO ST.","H. ABELLANA TO TAWASON","CANDUMAN","MANDAUE","CEBU","INDUSTRIAL","12,390.00"
"GERVACIO SENO ST.","H. ABELLANA TO TAWASON","CANDUMAN","MANDAUE","CEBU","RESIDENTIAL REGULAR","3,780.00"
"JACINTO MAYOL ST.","H. ABELLANA ST. TO CANDUMAN  ELEMENTARY SCHOOL","CANDUMAN","MANDAUE","CEBU","COMMERCIAL REGULAR","14,910.00"
"JACINTO MAYOL ST.","H. ABELLANA ST. TO CANDUMAN  ELEMENTARY SCHOOL","CANDUMAN","MANDAUE","CEBU","RESIDENTIAL REGULAR","10,080.00"
"JACINTO MAYOL ST.","H. ABELLANA ST. TO CANDUMAN  ELEMENTARY SCHOOL","CANDUMAN","MANDAUE","CEBU","INDUSTRIAL","13,970.00"
"JACINTO MAYOL ST.","H. ABELLANA ST. TO CANDUMAN  ELEMENTARY SCHOOL","CANDUMAN","MANDAUE","CEBU","GENERAL PURPOSES","5,250.00"
"JACINTO MAYOL ST.","INTERIOR","CANDUMAN","MANDAUE","CEBU","RESIDENTIAL REGULAR","3,780.00"
"JACINTO MAYOL EXTENSION","CAMINO VICINAL;  H. ABELLANA ST.  TO DON SERGIO SUICO ST.","CANDUMAN","MANDAUE","CEBU","COMMERCIAL REGULAR","14,600.00"
"JACINTO MAYOL EXTENSION","CAMINO VICINAL;  H. ABELLANA ST.  TO DON SERGIO SUICO ST.","CANDUMAN","MANDAUE","CEBU","RESIDENTIAL REGULAR","9,770.00"
"JACINTO MAYOL EXTENSION","CAMINO VICINAL;  H. ABELLANA ST.  TO DON SERGIO SUICO ST.","CANDUMAN","MANDAUE","CEBU","INDUSTRIAL","13,650.00"
"JACINTO MAYOL EXTENSION","CAMINO VICINAL;  H. ABELLANA ST.  TO DON SERGIO SUICO ST.","CANDUMAN","MANDAUE","CEBU","RESIDENTIAL REGULAR","3,780.00"
"JACINTO MAYOL EXTENSION","INTERIOR","CANDUMAN","MANDAUE","CEBU","GENERAL PURPOSES","5,250.00"
"PEDRO SANCHEZ ST.","DON SERGIO SUICO ST. CROSSING  PAGSABUNGAN-TINGUB","CANDUMAN","MANDAUE","CEBU","COMMERCIAL REGULAR","15,750.00"
"PEDRO SANCHEZ ST.","DON SERGIO SUICO ST. CROSSING  PAGSABUNGAN-TINGUB","CANDUMAN","MANDAUE","CEBU","RESIDENTIAL REGULAR","20,480.00"
"PEDRO SANCHEZ ST.","DON SERGIO SUICO ST. CROSSING  PAGSABUNGAN-TINGUB","CANDUMAN","MANDAUE","CEBU","RESIDENTIAL REGULAR","13,020.00"
"PEDRO SANCHEZ ST.","DON SERGIO SUICO ST. CROSSING  PAGSABUNGAN-TINGUB","CANDUMAN","MANDAUE","CEBU","INDUSTRIAL","20,480.00"
"PEDRO SANCHEZ ST.","DON SERGIO SUICO ST. CROSSING  PAGSABUNGAN-TINGUB","CANDUMAN","MANDAUE","CEBU","GENERAL PURPOSES","5,250.00"
"PEDRO SANCHEZ ST.","INTERIOR","CANDUMAN","MANDAUE","CEBU","RESIDENTIAL REGULAR","8,720.00"
"DON SERGIO SUICO ST.","H. ABELLANA TO BUTUANON RIVER","CANDUMAN","MANDAUE","CEBU","COMMERCIAL REGULAR","15,960.00"
"DON SERGIO SUICO ST.","H. ABELLANA TO BUTUANON RIVER","CANDUMAN","MANDAUE","CEBU","RESIDENTIAL REGULAR","13,340.00"
"DON SERGIO SUICO ST.","H. ABELLANA TO BUTUANON RIVER","CANDUMAN","MANDAUE","CEBU","INDUSTRIAL","17,640.00"
"DON SERGIO SUICO ST.","INTERIOR","CANDUMAN","MANDAUE","CEBU","RESIDENTIAL REGULAR","3,680.00"
"V. VEGA ST.","H. ABELLANA ST. TO BOUNDARY   OF BRGY. CUBACUB","CANDUMAN","MANDAUE","CEBU","COMMERCIAL REGULAR","8,400.00"
"V. VEGA ST.","H. ABELLANA ST. TO BOUNDARY   OF BRGY. CUBACUB","CANDUMAN","MANDAUE","CEBU","RESIDENTIAL REGULAR","6,300.00"
"V. VEGA ST.","H. ABELLANA ST. TO BOUNDARY   OF BRGY. CUBACUB","CANDUMAN","MANDAUE","CEBU","INDUSTRIAL","7,350.00"
"V. VEGA ST.","INTERIOR","CANDUMAN","MANDAUE","CEBU","RESIDENTIAL REGULAR","3,680.00"
"ALIVIO ST.","JACINTO MAYOL ST. TO V. VEGA ST.","CANDUMAN","MANDAUE","CEBU","COMMERCIAL REGULAR","7,880.00"
"ALIVIO ST.","JACINTO MAYOL ST. TO V. VEGA ST.","CANDUMAN","MANDAUE","CEBU","RESIDENTIAL REGULAR","5,780.00"
"ALIVIO ST.","JACINTO MAYOL ST. TO V. VEGA ST.","CANDUMAN","MANDAUE","CEBU","INDUSTRIAL","6,300.00"
"ALIVIO ST.","INTERIOR","CANDUMAN","MANDAUE","CEBU","RESIDENTIAL REGULAR","4,730.00"
"CANDUMAN RESETTLEMENT","","CANDUMAN","MANDAUE","CEBU","PARKING SLOT","117,080.00"
"CANDUMAN RESETTLEMENT","","CANDUMAN","MANDAUE","CEBU","RESIDENTIAL REGULAR","7,460.00"
"CHARLES PEAK SUBDIVISION","","CANDUMAN","MANDAUE","CEBU","RESIDENTIAL REGULAR","13,340.00"
"CODINERA SUBDIVISION","","CANDUMAN","MANDAUE","CEBU","RESIDENTIAL REGULAR","8,400.00"
"COUNTRY VILLE SUBDIVISION","","CANDUMAN","MANDAUE","CEBU","RESIDENTIAL REGULAR","10,500.00"
"MAHOGANY GROOVE SUBDIVISION","","CANDUMAN","MANDAUE","CEBU","RESIDENTIAL REGULAR","15,750.00"
"FLORENTINA TOWNHOUSES","","CANDUMAN","MANDAUE","CEBU","RESIDENTIAL REGULAR","11,550.00"
"NORTHWOODS RESIDENCES","","CANDUMAN","MANDAUE","CEBU","RESIDENTIAL REGULAR","43,370.00"
"UNA SPAZIO APARTMENT","","CANDUMAN","MANDAUE","CEBU","RESIDENTIAL REGULAR","17,960.00"
"88 CANDUMAN PLACE SUBDIVISION","","CANDUMAN","MANDAUE","CEBU","RESIDENTIAL REGULAR","17,960.00"
"NORTHFIELD RESIDENCES","","CANDUMAN","MANDAUE","CEBU","RESIDENTIAL REGULAR","20,160.00"
"77 LIVING SPACE, INC.","","CANDUMAN","MANDAUE","CEBU","RESIDENTIAL REGULAR","18,900.00"
"ALMIYA SUBDIVISION","","CANDUMAN","MANDAUE","CEBU","RESIDENTIAL REGULAR","29,090.00"
"J. NITTON SUBDIVISION","","CANDUMAN","MANDAUE","CEBU","RESIDENTIAL REGULAR","21,000.00"
"EAGLE'S NEST CONDOMINIUM","","CANDUMAN","MANDAUE","CEBU","COMMERCIAL CONDOMINIUM","117,080.00"
"EAGLE'S NEST CONDOMINIUM","","CANDUMAN","MANDAUE","CEBU","RESIDENTIAL CONDOMINIUM","100,490.00"
"EAGLE'S NEST CONDOMINIUM","","CANDUMAN","MANDAUE","CEBU","PARKING SLOT","32,550.00"
"ALL OTHER CONDOMINIUMS","","CANDUMAN","MANDAUE","CEBU","RESIDENTIAL REGULAR","89,250.00"
"ALL OTHER CONDOMINIUMS","","CANDUMAN","MANDAUE","CEBU","COMMERCIAL CONDOMINIUM","89,250.00"
"ALL OTHER CONDOMINIUMS","","CANDUMAN","MANDAUE","CEBU","RESIDENTIAL CONDOMINIUM","74,340.00"
"ALL OTHER CONDOMINIUMS","","CANDUMAN","MANDAUE","CEBU","PARKING SLOT","24,780.00"
"V. VEGA ST.","CASILI-KAPASANAN (UPPER CASILI ROAD)","CASILI","MANDAUE","CEBU","COMMERCIAL REGULAR","6,550.00"
"V. VEGA ST.","CASILI-KAPASANAN (UPPER CASILI ROAD)","CASILI","MANDAUE","CEBU","RESIDENTIAL REGULAR","4,325.00"
"V. VEGA ST.","CASILI-KAPASANAN (UPPER CASILI ROAD)","CASILI","MANDAUE","CEBU","INDUSTRIAL","5,650.00"
"V. VEGA ST.","CUBACUB-CASILI ROAD (LOWER CASILI)","CASILI","MANDAUE","CEBU","COMMERCIAL REGULAR","6,300.00"
"V. VEGA ST.","CUBACUB-CASILI ROAD (LOWER CASILI)","CASILI","MANDAUE","CEBU","RESIDENTIAL REGULAR","4,200.00"
"V. VEGA ST.","CUBACUB-CASILI ROAD (LOWER CASILI)","CASILI","MANDAUE","CEBU","INDUSTRIAL","5,500.00"
"V. VEGA ST.","CUBACUB-CASILI ROAD (LOWER CASILI)","CASILI","MANDAUE","CEBU","GENERAL PURPOSES","4,975.00"
"V. VEGA ST.","INTERIOR","CASILI","MANDAUE","CEBU","RESIDENTIAL REGULAR","3,780.00"
"D. L. BIHAG ST. (SITIO CASILI)","","CASILI","MANDAUE","CEBU","COMMERCIAL REGULAR","6,300.00"
"D. L. BIHAG ST. (SITIO CASILI)","V. VEGA ST TO BOUNDARY OF CONSOLACION","CASILI","MANDAUE","CEBU","RESIDENTIAL REGULAR","4,200.00"
"D. L. BIHAG ST. (SITIO CASILI)","V. VEGA ST TO BOUNDARY OF CONSOLACION","CASILI","MANDAUE","CEBU","INDUSTRIAL","5,350.00"
"D. L. BIHAG ST. (SITIO CASILI)","V. VEGA ST TO BOUNDARY OF CONSOLACION","CASILI","MANDAUE","CEBU","GENERAL PURPOSES","4,725.00"
"D. L. BIHAG ST. (SITIO CASILI)","INTERIOR","CASILI","MANDAUE","CEBU","RESIDENTIAL REGULAR","3,750.00"
"TAWASON-CASILI ROAD","","CASILI","MANDAUE","CEBU","COMMERCIAL REGULAR","17,950.00"
"TAWASON-CASILI ROAD","","CASILI","MANDAUE","CEBU","COMMERCIAL REGULAR","6,580.00"
"TAWASON-CASILI ROAD","","CASILI","MANDAUE","CEBU","RESIDENTIAL REGULAR","4,150.00"
"TAWASON-CASILI ROAD","","CASILI","MANDAUE","CEBU","INDUSTRIAL","5,650.00"
"TAWASON-CASILI ROAD","","CASILI","MANDAUE","CEBU","GENERAL PURPOSES","4,200.00"
"TAWASON-CASILI ROAD","INTERIOR","CASILI","MANDAUE","CEBU","RESIDENTIAL REGULAR","3,675.00"
"TAWASON-CASILI ROAD","ROAD TO DECA","CASILI","MANDAUE","CEBU","COMMERCIAL REGULAR","6,550.00"
"TAWASON-CASILI ROAD","ROAD TO DECA","CASILI","MANDAUE","CEBU","RESIDENTIAL REGULAR","4,025.00"
"TAWASON-CASILI ROAD","ROAD TO DECA","CASILI","MANDAUE","CEBU","INDUSTRIAL","5,525.00"
"TAWASON-CASILI ROAD","ROAD TO DECA","CASILI","MANDAUE","CEBU","GENERAL PURPOSES","4,200.00"
"ALL OTHER STREETS","","CASILI","MANDAUE","CEBU","COMMERCIAL REGULAR","5,250.00"
"ALL OTHER STREETS","","CASILI","MANDAUE","CEBU","RESIDENTIAL REGULAR","3,675.00"
"ALL OTHER STREETS","","CASILI","MANDAUE","CEBU","INDUSTRIAL","4,200.00"
"ALL OTHER STREETS","INTERIOR","CASILI","MANDAUE","CEBU","RESIDENTIAL REGULAR","3,150.00"
"CASILI SUBDIVISION","","CASILI","MANDAUE","CEBU","RESIDENTIAL REGULAR","12,600.00"
"VISTA MONTANA (STA. LUCIA)","CLASSIFICATION A - SUPREME","CASILI","MANDAUE","CEBU","COMMERCIAL REGULAR","17,950.00"
"VISTA MONTANA (STA. LUCIA)","CLASSIFICATION B - PREMIUM","CASILI","MANDAUE","CEBU","COMMERCIAL REGULAR","50,000.00"
"VISTA MONTANA (STA. LUCIA)","CLASSIFICATION B - PREMIUM","CASILI","MANDAUE","CEBU","COMMERCIAL REGULAR","17,200.00"
"VISTA MONTANA (STA. LUCIA)","CLASSIFICATION A - SUPREME","CASILI","MANDAUE","CEBU","RESIDENTIAL REGULAR","16,900.00"
"VISTA MONTANA (STA. LUCIA)","CLASSIFICATION B - PREMIUM","CASILI","MANDAUE","CEBU","RESIDENTIAL REGULAR","17,745.00"
"VISTA MONTANA (STA. LUCIA)","CLASSIFICATION C - DELUXE","CASILI","MANDAUE","CEBU","RESIDENTIAL REGULAR","17,745.00"
"VILLA VANESSA","","CASILI","MANDAUE","CEBU","RESIDENTIAL REGULAR","10,550.00"
"GRAND TERRACE","","CASILI","MANDAUE","CEBU","RESIDENTIAL REGULAR","12,300.00"
"CASILI HILLS","","CASILI","MANDAUE","CEBU","RESIDENTIAL REGULAR","12,600.00"
"ANANDA","","CASILI","MANDAUE","CEBU","RESIDENTIAL REGULAR","12,600.00"
"PRIVEYA HILLS","","CASILI","MANDAUE","CEBU","RESIDENTIAL REGULAR","20,200.00"
"DECA HOMES (URBAN BASIC)","","CASILI","MANDAUE","CEBU","RESIDENTIAL REGULAR","12,600.00"
"ALL OTHER SUBDIVISIONS","","CASILI","MANDAUE","CEBU","RESIDENTIAL REGULAR","10,250.00"
"M L QUEZON STREET","MAGUIKAY-CABANCALAN","CASUNTINGAN","MANDAUE","CEBU","COMMERCIAL REGULAR","50,000.00"
"M L QUEZON STREET","MAGUIKAY-CABANCALAN","CASUNTINGAN","MANDAUE","CEBU","RESIDENTIAL REGULAR","30,000.00"
"M L QUEZON STREET","MAGUIKAY-CABANCALAN","CASUNTINGAN","MANDAUE","CEBU","INDUSTRIAL","40,000.00"
"M L QUEZON STREET","INTERIOR-WITH CAR ACCESS","CASUNTINGAN","MANDAUE","CEBU","RESIDENTIAL REGULAR","10,000.00"
"M CENIZA STREET","MAGUIKAY-TABOK-TINGUB","CASUNTINGAN","MANDAUE","CEBU","COMMERCIAL REGULAR","32,500.00"
"M CENIZA STREET","MAGUIKAY-TABOK-TINGUB","CASUNTINGAN","MANDAUE","CEBU","RESIDENTIAL REGULAR","29,000.00"
"M CENIZA STREET","MAGUIKAY-TABOK-TINGUB","CASUNTINGAN","MANDAUE","CEBU","RESIDENTIAL REGULAR","22,500.00"
"M CENIZA STREET","MAGUIKAY-TABOK-TINGUB","CASUNTINGAN","MANDAUE","CEBU","INDUSTRIAL","29,000.00"
"M CENIZA STREET","INTERIOR","CASUNTINGAN","MANDAUE","CEBU","RESIDENTIAL REGULAR","9,000.00"
"TINGUB-MAGUIKAY (ASAHI ROAD, BACK OF GAISANO)","QUEZON-BUTUANON RIVER","CASUNTINGAN","MANDAUE","CEBU","COMMERCIAL REGULAR","22,500.00"
"TINGUB-MAGUIKAY (ASAHI ROAD, BACK OF GAISANO)","QUEZON-BUTUANON RIVER","CASUNTINGAN","MANDAUE","CEBU","RESIDENTIAL REGULAR","15,000.00"
"TINGUB-MAGUIKAY (ASAHI ROAD, BACK OF GAISANO)","QUEZON-BUTUANON RIVER","CASUNTINGAN","MANDAUE","CEBU","INDUSTRIAL","18,750.00"
"TINGUB-MAGUIKAY (ASAHI ROAD, BACK OF GAISANO)","INTERIOR","CASUNTINGAN","MANDAUE","CEBU","RESIDENTIAL REGULAR","7,000.00"
"ALL OTHER STREETS","","CASUNTINGAN","MANDAUE","CEBU","COMMERCIAL REGULAR","14,000.00"
"ALL OTHER STREETS","","CASUNTINGAN","MANDAUE","CEBU","RESIDENTIAL REGULAR","10,500.00"
"ALL OTHER STREETS","","CASUNTINGAN","MANDAUE","CEBU","INDUSTRIAL","12,100.00"
"ALL OTHER STREETS","INTERIOR","CASUNTINGAN","MANDAUE","CEBU","RESIDENTIAL REGULAR","6,400.00"
"FELIZA VILLAGE","","CASUNTINGAN","MANDAUE","CEBU","RESIDENTIAL REGULAR","15,000.00"
"GREENHILLS SUBD","","CASUNTINGAN","MANDAUE","CEBU","RESIDENTIAL REGULAR","19,000.00"
"HOLY TRINITY VILLAGE","","CASUNTINGAN","MANDAUE","CEBU","RESIDENTIAL REGULAR","12,600.00"
"INOCENCIA VILLAGE","","CASUNTINGAN","MANDAUE","CEBU","RESIDENTIAL REGULAR","12,600.00"
"OSMEÑA VILLA","","CASUNTINGAN","MANDAUE","CEBU","RESIDENTIAL REGULAR","12,000.00"
"VILLA TERRACE SUBD","","CASUNTINGAN","MANDAUE","CEBU","COMMERCIAL REGULAR","50,000.00"
"VILLA TERRACE SUBD","","CASUNTINGAN","MANDAUE","CEBU","RESIDENTIAL REGULAR","20,000.00"
"AGRO-MACRO SUBD.","","CASUNTINGAN","MANDAUE","CEBU","RESIDENTIAL REGULAR","19,000.00"
"KENRICH SUBD.","","CASUNTINGAN","MANDAUE","CEBU","RESIDENTIAL REGULAR","17,500.00"
"MARIA CRISTINA TOWNHOUSE","NEAR L.C. CABRERA ST.","CASUNTINGAN","MANDAUE","CEBU","RESIDENTIAL REGULAR","15,000.00"
"LYNNVILLE TOWNHOMES","NEAR L.C. CABRERA ST.","CASUNTINGAN","MANDAUE","CEBU","RESIDENTIAL REGULAR","15,000.00"
"ZEN RESIDENCES","","CASUNTINGAN","MANDAUE","CEBU","RESIDENTIAL REGULAR","15,000.00"
"CHURCHVIEW RESIDENCES","NEAR L.C. CABRERA ST.","CASUNTINGAN","MANDAUE","CEBU","RESIDENTIAL REGULAR","15,000.00"
"BLESSED HOMES","NEAR L.C. CABRERA ST.","CASUNTINGAN","MANDAUE","CEBU","RESIDENTIAL REGULAR","15,000.00"
"VILLA LINA GETHSEMANE","","CASUNTINGAN","MANDAUE","CEBU","RESIDENTIAL REGULAR","16,500.00"
"CRESCENT SUBDIVISION","","CASUNTINGAN","MANDAUE","CEBU","RESIDENTIAL REGULAR","19,000.00"
"ALL OTHER SUBDIVISIONS","","CASUNTINGAN","MANDAUE","CEBU","RESIDENTIAL REGULAR","10,000.00"
"A DEL ROSARIO AVENUE","CENIZA-RIZAL","CENTRO","MANDAUE","CEBU","COMMERCIAL REGULAR","45,000.00"
"A DEL ROSARIO AVENUE","CENIZA-RIZAL","CENTRO","MANDAUE","CEBU","RESIDENTIAL REGULAR","30,000.00"
"A DEL ROSARIO AVENUE","CENIZA-RIZAL","CENTRO","MANDAUE","CEBU","INDUSTRIAL","40,000.00"
"A DEL ROSARIO AVENUE","INTERIOR","CENTRO","MANDAUE","CEBU","RESIDENTIAL REGULAR","13,750.00"
"A SORIANO AVENUE","FROM S.B. CABAHUG ST., TO J. BRIONES ST.","CENTRO","MANDAUE","CEBU","COMMERCIAL REGULAR","50,000.00"
"A SORIANO AVENUE","FROM S.B. CABAHUG ST., TO J. BRIONES ST.","CENTRO","MANDAUE","CEBU","COMMERCIAL REGULAR","50,000.00"
"A SORIANO AVENUE","FROM S.B. CABAHUG ST., TO J. BRIONES ST.","CENTRO","MANDAUE","CEBU","RESIDENTIAL REGULAR","25,000.00"
"A SORIANO AVENUE","FROM S.B. CABAHUG ST., TO J. BRIONES ST.","CENTRO","MANDAUE","CEBU","INDUSTRIAL","35,000.00"
"A SORIANO AVENUE","INTERIOR","CENTRO","MANDAUE","CEBU","RESIDENTIAL REGULAR","15,000.00"
"A SUSON STREET","ZAMORA-END","CENTRO","MANDAUE","CEBU","COMMERCIAL REGULAR","22,850.00"
"A SUSON STREET","ZAMORA-END","CENTRO","MANDAUE","CEBU","RESIDENTIAL REGULAR","15,000.00"
"A SUSON STREET","ZAMORA-END","CENTRO","MANDAUE","CEBU","INDUSTRIAL","18,200.00"
"A SUSON STREET","INTERIOR","CENTRO","MANDAUE","CEBU","RESIDENTIAL REGULAR","10,200.00"
"AVACINA ST.,","FROM S.B. CABAHUG ST., TO P. BURGOS ST.,","CENTRO","MANDAUE","CEBU","COMMERCIAL REGULAR","13,425.00"
"AVACINA ST.,","FROM S.B. CABAHUG ST., TO P. BURGOS ST.,","CENTRO","MANDAUE","CEBU","RESIDENTIAL REGULAR","10,125.00"
"AVACINA ST.,","FROM S.B. CABAHUG ST., TO P. BURGOS ST.,","CENTRO","MANDAUE","CEBU","INDUSTRIAL","11,600.00"
"AVACINA ST.,","INTERIOR","CENTRO","MANDAUE","CEBU","RESIDENTIAL REGULAR","7,250.00"
"B CENIZA STREET (PUBLIC MARKET)","A. DEL ROSARIO TO RECLAMATION AREA","CENTRO","MANDAUE","CEBU","COMMERCIAL REGULAR","50,000.00"
"B CENIZA STREET (PUBLIC MARKET)","A. DEL ROSARIO TO RECLAMATION AREA","CENTRO","MANDAUE","CEBU","RESIDENTIAL REGULAR","35,000.00"
"B CENIZA STREET (PUBLIC MARKET)","A. DEL ROSARIO TO RECLAMATION AREA","CENTRO","MANDAUE","CEBU","INDUSTRIAL","40,000.00"
"B CENIZA STREET (PUBLIC MARKET)","INTERIOR","CENTRO","MANDAUE","CEBU","RESIDENTIAL REGULAR","20,000.00"
"P. BURGOS STREET","A. SORIANO AVENUE TO U.M. SENO","CENTRO","MANDAUE","CEBU","COMMERCIAL REGULAR","22,500.00"
"P. BURGOS STREET","A. SORIANO AVENUE TO U.M. SENO","CENTRO","MANDAUE","CEBU","INDUSTRIAL","100,000.00"
"P. BURGOS STREET","A. SORIANO AVENUE TO U.M. SENO","CENTRO","MANDAUE","CEBU","RESIDENTIAL REGULAR","13,000.00"
"P. BURGOS STREET","A. SORIANO AVENUE TO U.M. SENO","CENTRO","MANDAUE","CEBU","INDUSTRIAL","18,000.00"
"P. BURGOS STREET","INTERIOR","CENTRO","MANDAUE","CEBU","RESIDENTIAL REGULAR","10,000.00"
"F. CABAHUG ST. (FORMERLY GEN. LUNA ST.)","FROM SUSON ST., TO S.B. CABAHUG ST.","CENTRO","MANDAUE","CEBU","COMMERCIAL REGULAR","21,900.00"
"F. CABAHUG ST. (FORMERLY GEN. LUNA ST.)","FROM SUSON ST., TO S.B. CABAHUG ST.","CENTRO","MANDAUE","CEBU","RESIDENTIAL REGULAR","15,000.00"
"F. CABAHUG ST. (FORMERLY GEN. LUNA ST.)","FROM SUSON ST., TO S.B. CABAHUG ST.","CENTRO","MANDAUE","CEBU","INDUSTRIAL","18,000.00"
"F. CABAHUG ST. (FORMERLY GEN. LUNA ST.)","INTERIOR","CENTRO","MANDAUE","CEBU","RESIDENTIAL REGULAR","11,000.00"
"F.E. ZUELIG ST. (RECLAMATION AREA)","FROM S.B. CABAHUG ST., TO CABAHUG TO BOUNDARY OF BARANGAY SUBANGDAKU","CENTRO","MANDAUE","CEBU","COMMERCIAL REGULAR","100,000.00"
"F.E. ZUELIG ST. (RECLAMATION AREA)","FROM S.B. CABAHUG ST., TO CABAHUG TO BOUNDARY OF BARANGAY SUBANGDAKU","CENTRO","MANDAUE","CEBU","INDUSTRIAL","56,000.00"
"F. MENDOZA ST., (EXT)","FROM O, BURGOS ST., TO J. BRIONES ST.,","CENTRO","MANDAUE","CEBU","COMMERCIAL REGULAR","20,000.00"
"F. MENDOZA ST., (EXT)","FROM O, BURGOS ST., TO J. BRIONES ST.,","CENTRO","MANDAUE","CEBU","RESIDENTIAL REGULAR","15,000.00"
"F. MENDOZA ST., (EXT)","FROM O, BURGOS ST., TO J. BRIONES ST.,","CENTRO","MANDAUE","CEBU","INDUSTRIAL","17,000.00"
"F. MENDOZA ST., (EXT)","INTERIOR","CENTRO","MANDAUE","CEBU","RESIDENTIAL REGULAR","11,000.00"
"GOMEZ STREET","CENIZA-BURGOS","CENTRO","MANDAUE","CEBU","COMMERCIAL REGULAR","22,000.00"
"GOMEZ STREET","CENIZA-BURGOS","CENTRO","MANDAUE","CEBU","RESIDENTIAL REGULAR","15,000.00"
"GOMEZ STREET","CENIZA-BURGOS","CENTRO","MANDAUE","CEBU","INDUSTRIAL","18,000.00"
"GOMEZ STREET","INTERIOR","CENTRO","MANDAUE","CEBU","RESIDENTIAL REGULAR","40,500.00"
"GOMEZ STREET","INTERIOR","CENTRO","MANDAUE","CEBU","RESIDENTIAL REGULAR","11,000.00"
"J. BRIONES ST.","ANDRES SORIANO AVE., TO F. MENDOZA ST.","CENTRO","MANDAUE","CEBU","COMMERCIAL REGULAR","40,500.00"
"J. BRIONES ST.","ANDRES SORIANO AVE., TO F. MENDOZA ST.","CENTRO","MANDAUE","CEBU","RESIDENTIAL REGULAR","25,000.00"
"J. BRIONES ST.","ANDRES SORIANO AVE., TO F. MENDOZA ST.","CENTRO","MANDAUE","CEBU","INDUSTRIAL","35,000.00"
"J. BRIONES ST.","INTERIOR","CENTRO","MANDAUE","CEBU","RESIDENTIAL REGULAR","12,000.00"
"MABINI STREET","PLARIDEL-RIZAL","CENTRO","MANDAUE","CEBU","COMMERCIAL REGULAR","30,000.00"
"MABINI STREET","PLARIDEL-RIZAL","CENTRO","MANDAUE","CEBU","RESIDENTIAL REGULAR","17,500.00"
"MABINI STREET","PLARIDEL-RIZAL","CENTRO","MANDAUE","CEBU","INDUSTRIAL","25,000.00"
"MABINI STREET","INTERIOR","CENTRO","MANDAUE","CEBU","RESIDENTIAL REGULAR","12,000.00"
"PESON ST.","FROM S.B. CABAHUG ST., TO END OF STREET","CENTRO","MANDAUE","CEBU","COMMERCIAL REGULAR","15,000.00"
"PESON ST.","FROM S.B. CABAHUG ST., TO END OF STREET","CENTRO","MANDAUE","CEBU","RESIDENTIAL REGULAR","10,200.00"
"PESON ST.","FROM S.B. CABAHUG ST., TO END OF STREET","CENTRO","MANDAUE","CEBU","INDUSTRIAL","12,500.00"
"PESON ST.","INTERIOR","CENTRO","MANDAUE","CEBU","RESIDENTIAL REGULAR","8,000.00"
"PLARIDEL STREET","SEAWALL-SAN ANTONIO","CENTRO","MANDAUE","CEBU","COMMERCIAL REGULAR","35,000.00"
"PLARIDEL STREET","SEAWALL-SAN ANTONIO","CENTRO","MANDAUE","CEBU","INDUSTRIAL","30,000.00"
"PLARIDEL STREET","INTERIOR","CENTRO","MANDAUE","CEBU","RESIDENTIAL REGULAR","15,000.00"
"RIZAL STREET","ZAMORA-SANCHEZ","CENTRO","MANDAUE","CEBU","PARKING SLOT","135,000.00"
"RIZAL STREET","ZAMORA-SANCHEZ","CENTRO","MANDAUE","CEBU","COMMERCIAL REGULAR","60,000.00"
"S.B CABAHUG ST.","F. CABAHUG ST. TO ANDRES SORIANO AVE.","CENTRO","MANDAUE","CEBU","COMMERCIAL REGULAR","50,000.00"
"S.B CABAHUG ST.","F. CABAHUG ST. TO ANDRES SORIANO AVE.","CENTRO","MANDAUE","CEBU","RESIDENTIAL REGULAR","22,850.00"
"S.B CABAHUG ST.","F. CABAHUG ST. TO ANDRES SORIANO AVE.","CENTRO","MANDAUE","CEBU","INDUSTRIAL","30,000.00"
"S.B CABAHUG ST.","INTERIOR -CAR ACCESS","CENTRO","MANDAUE","CEBU","RESIDENTIAL REGULAR","18,000.00"
"U.M. SENO STREET","RIZAL ST-BURGOS ST","CENTRO","MANDAUE","CEBU","COMMERCIAL REGULAR","25,000.00"
"U.M. SENO STREET","RIZAL ST-BURGOS ST","CENTRO","MANDAUE","CEBU","RESIDENTIAL REGULAR","16,500.00"
"U.M. SENO STREET","RIZAL ST-BURGOS ST","CENTRO","MANDAUE","CEBU","INDUSTRIAL","20,000.00"
"U.M. SENO STREET","INTERIOR","CENTRO","MANDAUE","CEBU","RESIDENTIAL REGULAR","15,000.00"
"ZAMORA STREET","CENIZA-BURGOS","CENTRO","MANDAUE","CEBU","COMMERCIAL REGULAR","25,000.00"
"ZAMORA STREET","CENIZA-BURGOS","CENTRO","MANDAUE","CEBU","RESIDENTIAL REGULAR","15,000.00"
"ZAMORA STREET","CENIZA-BURGOS","CENTRO","MANDAUE","CEBU","INDUSTRIAL","18,250.00"
"ZAMORA STREET","INTERIOR","CENTRO","MANDAUE","CEBU","RESIDENTIAL REGULAR","12,000.00"
"ALL OTHER CONDOMINIUM","","CENTRO","MANDAUE","CEBU","COMMERCIAL CONDOMINIUM","135,000.00"
"ALL OTHER CONDOMINIUM","","CENTRO","MANDAUE","CEBU","RESIDENTIAL CONDOMINIUM","124,125.00"
"ALL OTHER CONDOMINIUM","","CENTRO","MANDAUE","CEBU","PARKING SLOT","75,000.00"
"A. ALIVIO STREET","ALONG THE ROAD","CUBACUB","MANDAUE","CEBU","RESIDENTIAL REGULAR","21,000.00"
"A. ALIVIO STREET","ALONG THE ROAD","CUBACUB","MANDAUE","CEBU","COMMERCIAL REGULAR","7,750.00"
"A. ALIVIO STREET","ALONG THE ROAD","CUBACUB","MANDAUE","CEBU","RESIDENTIAL REGULAR","5,775.00"
"A. ALIVIO STREET","ALONG THE ROAD","CUBACUB","MANDAUE","CEBU","INDUSTRIAL","6,250.00"
"A. ALIVIO STREET","INTERIOR","CUBACUB","MANDAUE","CEBU","RESIDENTIAL REGULAR","4,750.00"
"BAAS JAGOBIAO ROAD (C. CONGSON ST.)","","CUBACUB","MANDAUE","CEBU","RESIDENTIAL REGULAR","6,300.00"
"BAAS JAGOBIAO ROAD (C. CONGSON ST.)","","CUBACUB","MANDAUE","CEBU","INDUSTRIAL","7,350.00"
"BAAS JAGOBIAO ROAD (C. CONGSON ST.)","","CUBACUB","MANDAUE","CEBU","GENERAL PURPOSES","5,250.00"
"BAAS JAGOBIAO ROAD (C. CONGSON ST.)","INTERIOR","CUBACUB","MANDAUE","CEBU","RESIDENTIAL REGULAR","4,200.00"
"H. ABELLANA STREET","ALONG THE ROAD","CUBACUB","MANDAUE","CEBU","COMMERCIAL REGULAR","21,000.00"
"H. ABELLANA STREET","ALONG THE ROAD","CUBACUB","MANDAUE","CEBU","RESIDENTIAL REGULAR","15,750.00"
"H. ABELLANA STREET","ALONG THE ROAD","CUBACUB","MANDAUE","CEBU","INDUSTRIAL","18,900.00"
"H. ABELLANA STREET","INTERIOR","CUBACUB","MANDAUE","CEBU","RESIDENTIAL REGULAR","6,300.00"
"P OUANO STREET","ALONG THE ROAD","CUBACUB","MANDAUE","CEBU","COMMERCIAL REGULAR","8,650.00"
"P OUANO STREET","ALONG THE ROAD","CUBACUB","MANDAUE","CEBU","RESIDENTIAL REGULAR","6,300.00"
"P OUANO STREET","ALONG THE ROAD","CUBACUB","MANDAUE","CEBU","INDUSTRIAL","7,350.00"
"P OUANO STREET","INTERIOR","CUBACUB","MANDAUE","CEBU","RESIDENTIAL REGULAR","4,200.00"
"V. SENO STREET","ALONG THE ROAD","CUBACUB","MANDAUE","CEBU","RESIDENTIAL REGULAR","9,975.00"
"V. SENO STREET","ALONG THE ROAD","CUBACUB","MANDAUE","CEBU","COMMERCIAL REGULAR","8,925.00"
"V. SENO STREET","ALONG THE ROAD","CUBACUB","MANDAUE","CEBU","RESIDENTIAL REGULAR","5,775.00"
"V. SENO STREET","ALONG THE ROAD","CUBACUB","MANDAUE","CEBU","INDUSTRIAL","6,825.00"
"V. SENO STREET","INTERIOR","CUBACUB","MANDAUE","CEBU","RESIDENTIAL REGULAR","5,250.00"
"VICTOR VEGA STREET (FORMERLY CUBACUB-CASILI ROAD)","CUBACUB-CASILI (ALONG THE ROAD)","CUBACUB","MANDAUE","CEBU","COMMERCIAL REGULAR","7,025.00"
"VICTOR VEGA STREET (FORMERLY CUBACUB-CASILI ROAD)","CUBACUB-CASILI (ALONG THE ROAD)","CUBACUB","MANDAUE","CEBU","RESIDENTIAL REGULAR","5,250.00"
"VICTOR VEGA STREET (FORMERLY CUBACUB-CASILI ROAD)","CUBACUB-CASILI (ALONG THE ROAD)","CUBACUB","MANDAUE","CEBU","INDUSTRIAL","6,300.00"
"VICTOR VEGA STREET (FORMERLY CUBACUB-CASILI ROAD)","INTERIOR","CUBACUB","MANDAUE","CEBU","RESIDENTIAL REGULAR","4,200.00"
"BAAS JAGOBIAO ROAD","ALONG THE ROAD","CUBACUB","MANDAUE","CEBU","RESIDENTIAL REGULAR","8,925.00"
"BAAS JAGOBIAO ROAD","ALONG THE ROAD","CUBACUB","MANDAUE","CEBU","INDUSTRIAL","9,975.00"
"BAAS JAGOBIAO ROAD","INTERIOR","CUBACUB","MANDAUE","CEBU","RESIDENTIAL REGULAR","5,250.00"
"ALL OTHER STREETS","ALONG THE ROAD","CUBACUB","MANDAUE","CEBU","COMMERCIAL REGULAR","6,000.00"
"ALL OTHER STREETS","ALONG THE ROAD","CUBACUB","MANDAUE","CEBU","RESIDENTIAL REGULAR","4,150.00"
"ALL OTHER STREETS","ALONG THE ROAD","CUBACUB","MANDAUE","CEBU","INDUSTRIAL","5,050.00"
"ALL OTHER STREETS","ALONG THE ROAD","CUBACUB","MANDAUE","CEBU","GENERAL PURPOSES","3,150.00"
"ALL OTHER STREETS","INTERIOR","CUBACUB","MANDAUE","CEBU","RESIDENTIAL REGULAR","3,675.00"
"BAMBOO GREEN SUBD","","CUBACUB","MANDAUE","CEBU","RESIDENTIAL REGULAR","42,500.00"
"BAMBOO GREEN SUBD","","CUBACUB","MANDAUE","CEBU","RESIDENTIAL REGULAR","8,400.00"
"DECA HOMES SUBD","","CUBACUB","MANDAUE","CEBU","RESIDENTIAL REGULAR","10,550.00"
"SAN MIGUEL VILLAGE PHASE I","","CUBACUB","MANDAUE","CEBU","RESIDENTIAL REGULAR","8,400.00"
"SAN MIGUEL VILLAGE PHASE II","","CUBACUB","MANDAUE","CEBU","RESIDENTIAL REGULAR","8,400.00"
"SAN MIGUEL VILLAGE PHASE III","","CUBACUB","MANDAUE","CEBU","RESIDENTIAL REGULAR","8,400.00"
"ALL OTHER SUBDIVISIONS","","CUBACUB","MANDAUE","CEBU","RESIDENTIAL REGULAR","10,250.00"
"A CORTES AVENUE","CEBU NORTH RD-BOUNDARY","GUIZO","MANDAUE","CEBU","COMMERCIAL REGULAR","42,500.00"
"A CORTES AVENUE","CEBU NORTH RD-BOUNDARY","GUIZO","MANDAUE","CEBU","RESIDENTIAL REGULAR","30,000.00"
"A CORTES AVENUE","CEBU NORTH RD-BOUNDARY","GUIZO","MANDAUE","CEBU","INDUSTRIAL","35,500.00"
"A CORTES AVENUE","INTERIOR","GUIZO","MANDAUE","CEBU","RESIDENTIAL REGULAR","13,450.00"
"A DEL ROSARIO AVENUE","TIPOLO  TO F. ROSAL ST.","GUIZO","MANDAUE","CEBU","COMMERCIAL REGULAR","42,500.00"
"A DEL ROSARIO AVENUE","TIPOLO  TO F. ROSAL ST.","GUIZO","MANDAUE","CEBU","RESIDENTIAL REGULAR","32,500.00"
"A DEL ROSARIO AVENUE","TIPOLO  TO F. ROSAL ST.","GUIZO","MANDAUE","CEBU","INDUSTRIAL","39,000.00"
"A DEL ROSARIO AVENUE","INTERIOR","GUIZO","MANDAUE","CEBU","RESIDENTIAL REGULAR","15,000.00"
"A S FORTUNA STREET","SEAWALL-DEL ROSARIO-M.C.","GUIZO","MANDAUE","CEBU","COMMERCIAL REGULAR","30,000.00"
"A S FORTUNA STREET","SEAWALL-DEL ROSARIO-M.C.","GUIZO","MANDAUE","CEBU","RESIDENTIAL REGULAR","14,500.00"
"A S FORTUNA STREET","SEAWALL-DEL ROSARIO-M.C.","GUIZO","MANDAUE","CEBU","RESIDENTIAL REGULAR","63,000.00"
"A S FORTUNA STREET","SEAWALL-DEL ROSARIO-M.C.","GUIZO","MANDAUE","CEBU","INDUSTRIAL","21,000.00"
"A S FORTUNA STREET","INTERIOR","GUIZO","MANDAUE","CEBU","RESIDENTIAL REGULAR","12,500.00"
"A S FORTUNA EXTENSION","A DEL ROSARIO-A CORTES AVE TO RECLAMATION AREA","GUIZO","MANDAUE","CEBU","COMMERCIAL REGULAR","18,500.00"
"A S FORTUNA EXTENSION","A DEL ROSARIO-A CORTES AVE TO RECLAMATION AREA","GUIZO","MANDAUE","CEBU","RESIDENTIAL REGULAR","14,000.00"
"A S FORTUNA EXTENSION","A DEL ROSARIO-A CORTES AVE TO RECLAMATION AREA","GUIZO","MANDAUE","CEBU","INDUSTRIAL","16,250.00"
"A S FORTUNA EXTENSION","INTERIOR","GUIZO","MANDAUE","CEBU","RESIDENTIAL REGULAR","7,500.00"
"B.B. CABAHUG STREET","A DEL ROSARIO-A CORTES AVE","GUIZO","MANDAUE","CEBU","COMMERCIAL REGULAR","20,000.00"
"B.B. CABAHUG STREET","A DEL ROSARIO-A CORTES AVE","GUIZO","MANDAUE","CEBU","RESIDENTIAL REGULAR","10,600.00"
"B.B. CABAHUG STREET","A DEL ROSARIO-A CORTES AVE","GUIZO","MANDAUE","CEBU","INDUSTRIAL","16,000.00"
"B.B. CABAHUG STREET","INTERIOR","GUIZO","MANDAUE","CEBU","RESIDENTIAL REGULAR","7,100.00"
"BALINTAWAK (G.O. BATILLER ST.)","BB CABAHUG-D.B. NERI","GUIZO","MANDAUE","CEBU","COMMERCIAL REGULAR","17,150.00"
"BALINTAWAK (G.O. BATILLER ST.)","BB CABAHUG-D.B. NERI","GUIZO","MANDAUE","CEBU","RESIDENTIAL REGULAR","10,550.00"
"BALINTAWAK (G.O. BATILLER ST.)","BB CABAHUG-D.B. NERI","GUIZO","MANDAUE","CEBU","INDUSTRIAL","14,200.00"
"BALINTAWAK (G.O. BATILLER ST.)","INTERIOR","GUIZO","MANDAUE","CEBU","RESIDENTIAL REGULAR","8,400.00"
"CEBU NORTH ROAD (M.C. BRIONES ST.)","A CORTES-MAGALLANES","GUIZO","MANDAUE","CEBU","COMMERCIAL REGULAR","63,000.00"
"CEBU NORTH ROAD (M.C. BRIONES ST.)","A CORTES-MAGALLANES","GUIZO","MANDAUE","CEBU","RESIDENTIAL REGULAR","31,500.00"
"CEBU NORTH ROAD (M.C. BRIONES ST.)","A CORTES-MAGALLANES","GUIZO","MANDAUE","CEBU","RESIDENTIAL REGULAR","44,000.00"
"CEBU NORTH ROAD (M.C. BRIONES ST.)","A CORTES-MAGALLANES","GUIZO","MANDAUE","CEBU","INDUSTRIAL","44,000.00"
"CEBU NORTH ROAD (M.C. BRIONES ST.)","INTERIOR","GUIZO","MANDAUE","CEBU","RESIDENTIAL REGULAR","20,000.00"
"D.B. NERI ST","F. CABAHUG ST., TI BALINTAWAK ST.","GUIZO","MANDAUE","CEBU","COMMERCIAL REGULAR","17,000.00"
"D.B. NERI ST","F. CABAHUG ST., TI BALINTAWAK ST.","GUIZO","MANDAUE","CEBU","RESIDENTIAL REGULAR","10,000.00"
"D.B. NERI ST","F. CABAHUG ST., TI BALINTAWAK ST.","GUIZO","MANDAUE","CEBU","INDUSTRIAL","14,500.00"
"D.B. NERI ST","INTERIOR","GUIZO","MANDAUE","CEBU","RESIDENTIAL REGULAR","6,750.00"
"F. ROSAL ST. (FORMERLY URDANETA ST.)","FROM A DEL ROSARIO AVE., TO BALINTAWAK ST.","GUIZO","MANDAUE","CEBU","COMMERCIAL REGULAR","20,500.00"
"F. ROSAL ST. (FORMERLY URDANETA ST.)","FROM A DEL ROSARIO AVE., TO BALINTAWAK ST.","GUIZO","MANDAUE","CEBU","RESIDENTIAL REGULAR","13,000.00"
"F. ROSAL ST. (FORMERLY URDANETA ST.)","FROM A DEL ROSARIO AVE., TO BALINTAWAK ST.","GUIZO","MANDAUE","CEBU","INDUSTRIAL","17,000.00"
"F. ROSAL ST. (FORMERLY URDANETA ST.)","INTERIOR","GUIZO","MANDAUE","CEBU","RESIDENTIAL REGULAR","7,750.00"
"F CABAHUG STREET","BB CABAHUG-CREEK","GUIZO","MANDAUE","CEBU","COMMERCIAL REGULAR","25,000.00"
"F CABAHUG STREET","BB CABAHUG-CREEK","GUIZO","MANDAUE","CEBU","RESIDENTIAL REGULAR","14,000.00"
"F CABAHUG STREET","BB CABAHUG-CREEK","GUIZO","MANDAUE","CEBU","INDUSTRIAL","19,000.00"
"F CABAHUG STREET","INTERIOR","GUIZO","MANDAUE","CEBU","RESIDENTIAL REGULAR","9,000.00"
"L. JAYME STREET","HIGHWAY-BB CABAHUG","GUIZO","MANDAUE","CEBU","COMMERCIAL REGULAR","26,500.00"
"L. JAYME STREET","HIGHWAY-BB CABAHUG","GUIZO","MANDAUE","CEBU","RESIDENTIAL REGULAR","13,250.00"
"L. JAYME STREET","HIGHWAY-BB CABAHUG","GUIZO","MANDAUE","CEBU","INDUSTRIAL","52,500.00"
"L. JAYME STREET","HIGHWAY-BB CABAHUG","GUIZO","MANDAUE","CEBU","INDUSTRIAL","22,000.00"
"L. JAYME STREET","INTERIOR","GUIZO","MANDAUE","CEBU","RESIDENTIAL REGULAR","9,000.00"
"LUIS ESPINA STREET","SEAWALL-DEL ROSARIO","GUIZO","MANDAUE","CEBU","COMMERCIAL REGULAR","18,500.00"
"LUIS ESPINA STREET","SEAWALL-DEL ROSARIO","GUIZO","MANDAUE","CEBU","RESIDENTIAL REGULAR","11,500.00"
"LUIS ESPINA STREET","SEAWALL-DEL ROSARIO","GUIZO","MANDAUE","CEBU","INDUSTRIAL","16,000.00"
"LUIS ESPINA STREET","INTERIOR","GUIZO","MANDAUE","CEBU","RESIDENTIAL REGULAR","8,000.00"
"M.C. BRIONES ST. (NATIONAL HIGHWAY)","FROM BOUNDARY OF BGRY. TIPOLO TO AC CORTES","GUIZO","MANDAUE","CEBU","COMMERCIAL REGULAR","52,500.00"
"M.C. BRIONES ST. (NATIONAL HIGHWAY)","FROM BOUNDARY OF BGRY. TIPOLO TO AC CORTES","GUIZO","MANDAUE","CEBU","RESIDENTIAL REGULAR","31,500.00"
"M.C. BRIONES ST. (NATIONAL HIGHWAY)","FROM BOUNDARY OF BGRY. TIPOLO TO AC CORTES","GUIZO","MANDAUE","CEBU","INDUSTRIAL","42,000.00"
"M.C. BRIONES ST. (NATIONAL HIGHWAY)","INTERIOR","GUIZO","MANDAUE","CEBU","RESIDENTIAL REGULAR","15,750.00"
"MAGALLANES (E. ROSAL ST.)","DEL ROSARIO-CEBU NORTH RD","GUIZO","MANDAUE","CEBU","COMMERCIAL REGULAR","26,250.00"
"MAGALLANES (E. ROSAL ST.)","DEL ROSARIO-CEBU NORTH RD","GUIZO","MANDAUE","CEBU","RESIDENTIAL REGULAR","15,750.00"
"MAGALLANES (E. ROSAL ST.)","DEL ROSARIO-CEBU NORTH RD","GUIZO","MANDAUE","CEBU","INDUSTRIAL","23,100.00"
"MAGALLANES (E. ROSAL ST.)","INTERIOR","GUIZO","MANDAUE","CEBU","RESIDENTIAL REGULAR","10,500.00"
"C.D. SENO BOULEVARD","A DEL ROSARIO AVE., (ICC) TO OUANO BLVD","GUIZO","MANDAUE","CEBU","COMMERCIAL REGULAR","52,500.00"
"C.D. SENO BOULEVARD","A DEL ROSARIO AVE., (ICC) TO OUANO BLVD","GUIZO","MANDAUE","CEBU","INDUSTRIAL","30,030.00"
"A. OUANO AVENUE","C.D. SENO BLVD. TO A. SORIANO AVE.","GUIZO","MANDAUE","CEBU","RESIDENTIAL REGULAR","157,500.00"
"A. OUANO AVENUE","C.D. SENO BLVD. TO A. SORIANO AVE.","GUIZO","MANDAUE","CEBU","COMMERCIAL REGULAR","157,500.00"
"A. OUANO AVENUE","C.D. SENO BLVD. TO A. SORIANO AVE.","GUIZO","MANDAUE","CEBU","INDUSTRIAL","30,030.00"
"W.O. SENO ST.","CORNER OF OUANO AVE. & SORIANO AVE., TO C.D. SENO BLVD.","GUIZO","MANDAUE","CEBU","COMMERCIAL REGULAR","52,500.00"
"W.O. SENO ST.","CORNER OF OUANO AVE. & SORIANO AVE., TO C.D. SENO BLVD.","GUIZO","MANDAUE","CEBU","INDUSTRIAL","29,715.00"
"A CORTES AVENUE","ALONG THE STREET","IBABAO","MANDAUE","CEBU","COMMERCIAL REGULAR","42,000.00"
"A CORTES AVENUE","ALONG THE STREET","IBABAO","MANDAUE","CEBU","RESIDENTIAL REGULAR","31,500.00"
"A CORTES AVENUE","ALONG THE STREET","IBABAO","MANDAUE","CEBU","INDUSTRIAL","36,750.00"
"A CORTES AVENUE","INTERIOR","IBABAO","MANDAUE","CEBU","RESIDENTIAL REGULAR","13,130.00"
"A CORTES AVENUE","M.C BRIONES ST. TO BOUNDARY OF BRGY. ALANG-ALANG","IBABAO","MANDAUE","CEBU","COMMERCIAL REGULAR","42,000.00"
"A CORTES AVENUE","M.C BRIONES ST. TO BOUNDARY OF BRGY. ALANG-ALANG","IBABAO","MANDAUE","CEBU","RESIDENTIAL REGULAR","31,500.00"
"A CORTES AVENUE","M.C BRIONES ST. TO BOUNDARY OF BRGY. ALANG-ALANG","IBABAO","MANDAUE","CEBU","INDUSTRIAL","36,750.00"
"A CORTES AVENUE","INTERIOR","IBABAO","MANDAUE","CEBU","RESIDENTIAL REGULAR","13,430.00"
"CEBU NORTH ROAD","A.C. CORTES TO U.N. AVENUE (PACIFIC MALL)","IBABAO","MANDAUE","CEBU","COMMERCIAL REGULAR","52,500.00"
"CEBU NORTH ROAD","A.C. CORTES TO U.N. AVENUE (PACIFIC MALL)","IBABAO","MANDAUE","CEBU","RESIDENTIAL REGULAR","31,500.00"
"CEBU NORTH ROAD","A.C. CORTES TO U.N. AVENUE (PACIFIC MALL)","IBABAO","MANDAUE","CEBU","INDUSTRIAL","42,000.00"
"CEBU NORTH ROAD","INTERIOR","IBABAO","MANDAUE","CEBU","RESIDENTIAL REGULAR","13,380.00"
"F. CABAHUG ST.","MANTUYONG CREEK TO S.B. CABAHUG ST.","IBABAO","MANDAUE","CEBU","RESIDENTIAL REGULAR","27,300.00"
"F. CABAHUG ST.","MANTUYONG CREEK TO S.B. CABAHUG ST.","IBABAO","MANDAUE","CEBU","COMMERCIAL REGULAR","22,420.00"
"F. CABAHUG ST.","MANTUYONG CREEK TO S.B. CABAHUG ST.","IBABAO","MANDAUE","CEBU","RESIDENTIAL REGULAR","15,750.00"
"F. CABAHUG ST.","MANTUYONG CREEK TO S.B. CABAHUG ST.","IBABAO","MANDAUE","CEBU","INDUSTRIAL","18,900.00"
"F. CABAHUG ST.","INTERIOR","IBABAO","MANDAUE","CEBU","RESIDENTIAL REGULAR","9,560.00"
"GERARDO OUANO ST.","S.B. CABAHUG ST. TO BOUNDARY OF BRGY. ALANG-ALANG","IBABAO","MANDAUE","CEBU","COMMERCIAL REGULAR","27,300.00"
"GERARDO OUANO ST.","S.B. CABAHUG ST. TO BOUNDARY OF BRGY. ALANG-ALANG","IBABAO","MANDAUE","CEBU","RESIDENTIAL REGULAR","15,750.00"
"GERARDO OUANO ST.","S.B. CABAHUG ST. TO BOUNDARY OF BRGY. ALANG-ALANG","IBABAO","MANDAUE","CEBU","INDUSTRIAL","21,000.00"
"GERARDO OUANO ST.","INTERIOR LOTS- CAR ACCESS","IBABAO","MANDAUE","CEBU","RESIDENTIAL REGULAR","10,500.00"
"LIBERTAD","","IBABAO","MANDAUE","CEBU","COMMERCIAL REGULAR","24,190.00"
"LIBERTAD","","IBABAO","MANDAUE","CEBU","RESIDENTIAL REGULAR","13,000.00"
"LIBERTAD","","IBABAO","MANDAUE","CEBU","INDUSTRIAL","18,900.00"
"LIBERTAD","INTERIOR","IBABAO","MANDAUE","CEBU","RESIDENTIAL REGULAR","10,800.00"
"M. SANCHEZ ST.","S.B. CABAHUG ST. TO BOUNDARY OF BRGY. ALANG-ALANG","IBABAO","MANDAUE","CEBU","COMMERCIAL REGULAR","26,300.00"
"M. SANCHEZ ST.","S.B. CABAHUG ST. TO BOUNDARY OF BRGY. ALANG-ALANG","IBABAO","MANDAUE","CEBU","RESIDENTIAL REGULAR","15,750.00"
"M. SANCHEZ ST.","S.B. CABAHUG ST. TO BOUNDARY OF BRGY. ALANG-ALANG","IBABAO","MANDAUE","CEBU","INDUSTRIAL","21,000.00"
"M. SANCHEZ ST.","INTERIOR","IBABAO","MANDAUE","CEBU","RESIDENTIAL REGULAR","10,540.00"
"M.C BRIONES ST. (NATIONAL HIGHWAY)","CORNER A. C CORTES AVE. TO BUTUANON RIVER","IBABAO","MANDAUE","CEBU","RESIDENTIAL REGULAR","52,500.00"
"M.C BRIONES ST. (NATIONAL HIGHWAY)","CORNER A. C CORTES AVE. TO BUTUANON RIVER","IBABAO","MANDAUE","CEBU","COMMERCIAL REGULAR","52,500.00"
"M.C BRIONES ST. (NATIONAL HIGHWAY)","CORNER A. C CORTES AVE. TO BUTUANON RIVER","IBABAO","MANDAUE","CEBU","RESIDENTIAL REGULAR","31,500.00"
"M.C BRIONES ST. (NATIONAL HIGHWAY)","CORNER A. C CORTES AVE. TO BUTUANON RIVER","IBABAO","MANDAUE","CEBU","INDUSTRIAL","42,000.00"
"M.C BRIONES ST. (NATIONAL HIGHWAY)","INTERIOR","IBABAO","MANDAUE","CEBU","RESIDENTIAL REGULAR","13,130.00"
"R. COLINA STREET (NEW NAME OF LIBERTAD ST.)","SB CABAHUG TO ALANG-ALANG BOUNDARY","IBABAO","MANDAUE","CEBU","COMMERCIAL REGULAR","24,190.00"
"R. COLINA STREET (NEW NAME OF LIBERTAD ST.)","SB CABAHUG TO ALANG-ALANG BOUNDARY","IBABAO","MANDAUE","CEBU","RESIDENTIAL REGULAR","12,950.00"
"R. COLINA STREET (NEW NAME OF LIBERTAD ST.)","SB CABAHUG TO ALANG-ALANG BOUNDARY","IBABAO","MANDAUE","CEBU","INDUSTRIAL","18,900.00"
"R. COLINA STREET (NEW NAME OF LIBERTAD ST.)","INTERIOR","IBABAO","MANDAUE","CEBU","RESIDENTIAL REGULAR","10,600.00"
"R. COLINA STREET (NEW NAME OF LIBERTAD ST.)","M.C BRIONES ST. TO BOUNDARY OF BRGY. ALANG-ALANG","IBABAO","MANDAUE","CEBU","COMMERCIAL REGULAR","26,300.00"
"R. COLINA STREET (NEW NAME OF LIBERTAD ST.)","M.C BRIONES ST. TO BOUNDARY OF BRGY. ALANG-ALANG","IBABAO","MANDAUE","CEBU","INDUSTRIAL","18,900.00"
"R. COLINA STREET (NEW NAME OF LIBERTAD ST.)","M.C BRIONES ST. TO BOUNDARY OF BRGY. ALANG-ALANG","IBABAO","MANDAUE","CEBU","RESIDENTIAL REGULAR","13,130.00"
"R. COLINA STREET (NEW NAME OF LIBERTAD ST.)","INTERIOR","IBABAO","MANDAUE","CEBU","RESIDENTIAL REGULAR","10,500.00"
"RIZAL STREET OR SB CABAHUG ST.","","IBABAO","MANDAUE","CEBU","COMMERCIAL REGULAR","36,750.00"
"RIZAL STREET OR SB CABAHUG ST.","","IBABAO","MANDAUE","CEBU","RESIDENTIAL REGULAR","15,750.00"
"RIZAL STREET OR SB CABAHUG ST.","","IBABAO","MANDAUE","CEBU","INDUSTRIAL","26,250.00"
"RIZAL STREET OR SB CABAHUG ST.","INTERIOR","IBABAO","MANDAUE","CEBU","RESIDENTIAL REGULAR","10,650.00"
"S. B. CABAHUG ST.","F. CABAHUG ST. TO M.C. BRIONES ST.","IBABAO","MANDAUE","CEBU","RESIDENTIAL REGULAR","35,320.00"
"S. B. CABAHUG ST.","F. CABAHUG ST. TO M.C. BRIONES ST.","IBABAO","MANDAUE","CEBU","COMMERCIAL REGULAR","35,320.00"
"S. B. CABAHUG ST.","F. CABAHUG ST. TO M.C. BRIONES ST.","IBABAO","MANDAUE","CEBU","RESIDENTIAL REGULAR","16,300.00"
"S. B. CABAHUG ST.","F. CABAHUG ST. TO M.C. BRIONES ST.","IBABAO","MANDAUE","CEBU","INDUSTRIAL","27,300.00"
"S. B. CABAHUG ST.","INTERIOR","IBABAO","MANDAUE","CEBU","RESIDENTIAL REGULAR","11,950.00"
"SANCHEZ STREET","","IBABAO","MANDAUE","CEBU","COMMERCIAL REGULAR","26,250.00"
"SANCHEZ STREET","","IBABAO","MANDAUE","CEBU","RESIDENTIAL REGULAR","15,750.00"
"SANCHEZ STREET","","IBABAO","MANDAUE","CEBU","INDUSTRIAL","21,000.00"
"SANCHEZ STREET","INTERIOR","IBABAO","MANDAUE","CEBU","RESIDENTIAL REGULAR","10,800.00"
"SITIO ESTANCIA","","IBABAO","MANDAUE","CEBU","COMMERCIAL REGULAR","26,250.00"
"SITIO ESTANCIA","","IBABAO","MANDAUE","CEBU","RESIDENTIAL REGULAR","15,750.00"
"SITIO ESTANCIA","","IBABAO","MANDAUE","CEBU","INDUSTRIAL","12,030.00"
"SITIO ESTANCIA","INTERIOR","IBABAO","MANDAUE","CEBU","RESIDENTIAL REGULAR","21,000.00"
"ALL OTHER STREETS","","IBABAO","MANDAUE","CEBU","COMMERCIAL REGULAR","23,430.00"
"ALL OTHER STREETS","","IBABAO","MANDAUE","CEBU","RESIDENTIAL REGULAR","12,550.00"
"ALL OTHER STREETS","","IBABAO","MANDAUE","CEBU","INDUSTRIAL","21,000.00"
"ALL OTHER STREETS","INTERIOR","IBABAO","MANDAUE","CEBU","RESIDENTIAL REGULAR","9,390.00"
"BARANGAY ROAD","","IBABAO","MANDAUE","CEBU","RESIDENTIAL REGULAR","31,000.00"
"BARANGAY ROAD","","IBABAO","MANDAUE","CEBU","COMMERCIAL REGULAR","23,600.00"
"BARANGAY ROAD","","IBABAO","MANDAUE","CEBU","RESIDENTIAL REGULAR","14,280.00"
"BARANGAY ROAD","","IBABAO","MANDAUE","CEBU","INDUSTRIAL","20,250.00"
"BARANGAY ROAD","INTERIOR","IBABAO","MANDAUE","CEBU","COMMERCIAL REGULAR","21,840.00"
"BARANGAY ROAD","INTERIOR","IBABAO","MANDAUE","CEBU","RESIDENTIAL REGULAR","14,970.00"
"BARANGAY ROAD","INTERIOR","IBABAO","MANDAUE","CEBU","INDUSTRIAL","16,650.00"
"BAAS-JAGOBIAO ROAD (NEW NAME: C. CONGSON ST.)","ABELLANA END","JAGOBIAO","MANDAUE","CEBU","COMMERCIAL REGULAR","14,500.00"
"BAAS-JAGOBIAO ROAD (NEW NAME: C. CONGSON ST.)","ABELLANA END","JAGOBIAO","MANDAUE","CEBU","RESIDENTIAL REGULAR","8,930.00"
"BAAS-JAGOBIAO ROAD (NEW NAME: C. CONGSON ST.)","ABELLANA END","JAGOBIAO","MANDAUE","CEBU","INDUSTRIAL","11,700.00"
"BAAS-JAGOBIAO ROAD (NEW NAME: C. CONGSON ST.)","INTERIOR","JAGOBIAO","MANDAUE","CEBU","RESIDENTIAL REGULAR","6,670.00"
"CEBU NORTH ROAD END","J. ALINSUG ST. TO  BOUNDARY OF CONSOLACION","JAGOBIAO","MANDAUE","CEBU","COMMERCIAL REGULAR","31,000.00"
"CEBU NORTH ROAD END","J. ALINSUG ST. TO  BOUNDARY OF CONSOLACION","JAGOBIAO","MANDAUE","CEBU","RESIDENTIAL REGULAR","17,330.00"
"CEBU NORTH ROAD END","J. ALINSUG ST. TO  BOUNDARY OF CONSOLACION","JAGOBIAO","MANDAUE","CEBU","INDUSTRIAL","23,100.00"
"CEBU NORTH ROAD END","INTERIOR","JAGOBIAO","MANDAUE","CEBU","RESIDENTIAL REGULAR","9,000.00"
"EVERSLEY SANITARIUM","","JAGOBIAO","MANDAUE","CEBU","COMMERCIAL REGULAR","16,000.00"
"EVERSLEY SANITARIUM","","JAGOBIAO","MANDAUE","CEBU","RESIDENTIAL REGULAR","8,400.00"
"EVERSLEY SANITARIUM","","JAGOBIAO","MANDAUE","CEBU","RESIDENTIAL REGULAR","21,000.00"
"EVERSLEY SANITARIUM","","JAGOBIAO","MANDAUE","CEBU","INDUSTRIAL","12,600.00"
"EVERSLEY SANITARIUM","INTERIOR","JAGOBIAO","MANDAUE","CEBU","RESIDENTIAL REGULAR","6,830.00"
"H. ABELLANA (H. ABELLA)","NATIONAL HIGHWAY","JAGOBIAO","MANDAUE","CEBU","COMMERCIAL REGULAR","21,000.00"
"H. ABELLANA (H. ABELLA)","NATIONAL HIGHWAY","JAGOBIAO","MANDAUE","CEBU","RESIDENTIAL REGULAR","16,800.00"
"H. ABELLANA (H. ABELLA)","NATIONAL HIGHWAY","JAGOBIAO","MANDAUE","CEBU","INDUSTRIAL","18,900.00"
"H. ABELLANA (H. ABELLA)","INTERIOR","JAGOBIAO","MANDAUE","CEBU","RESIDENTIAL REGULAR","6,830.00"
"J. ALINSUG","NATIONAL HIGHWAY","JAGOBIAO","MANDAUE","CEBU","COMMERCIAL REGULAR","18,900.00"
"J. ALINSUG","NATIONAL HIGHWAY","JAGOBIAO","MANDAUE","CEBU","RESIDENTIAL REGULAR","10,500.00"
"J. ALINSUG","NATIONAL HIGHWAY","JAGOBIAO","MANDAUE","CEBU","INDUSTRIAL","15,750.00"
"J. ALINSUG","INTERIOR","JAGOBIAO","MANDAUE","CEBU","RESIDENTIAL REGULAR","6,830.00"
"SITIO TUNGASAN","","JAGOBIAO","MANDAUE","CEBU","RESIDENTIAL REGULAR","7,130.00"
"SITIO TUNGASAN","INTERIOR","JAGOBIAO","MANDAUE","CEBU","RESIDENTIAL REGULAR","5,160.00"
"T. GO STREET","NATIONAL HIGHWAY-BRGY ROAD","JAGOBIAO","MANDAUE","CEBU","COMMERCIAL REGULAR","17,500.00"
"T. GO STREET","NATIONAL HIGHWAY-BRGY ROAD","JAGOBIAO","MANDAUE","CEBU","RESIDENTIAL REGULAR","8,630.00"
"T. GO STREET","NATIONAL HIGHWAY-BRGY ROAD","JAGOBIAO","MANDAUE","CEBU","INDUSTRIAL","12,600.00"
"T. GO STREET","INTERIOR","JAGOBIAO","MANDAUE","CEBU","RESIDENTIAL REGULAR","7,040.00"
"UNION CARBIDE HILLS","","JAGOBIAO","MANDAUE","CEBU","RESIDENTIAL REGULAR","42,000.00"
"UNION CARBIDE HILLS","","JAGOBIAO","MANDAUE","CEBU","COMMERCIAL REGULAR","15,750.00"
"UNION CARBIDE HILLS","","JAGOBIAO","MANDAUE","CEBU","RESIDENTIAL REGULAR","8,630.00"
"UNION CARBIDE HILLS","","JAGOBIAO","MANDAUE","CEBU","INDUSTRIAL","11,700.00"
"UNION CARBIDE HILLS","INTERIOR","JAGOBIAO","MANDAUE","CEBU","RESIDENTIAL REGULAR","6,290.00"
"ALL OTHERS STREET","","JAGOBIAO","MANDAUE","CEBU","COMMERCIAL REGULAR","10,000.00"
"ALL OTHERS STREET","","JAGOBIAO","MANDAUE","CEBU","RESIDENTIAL REGULAR","5,540.00"
"ALL OTHERS STREET","","JAGOBIAO","MANDAUE","CEBU","INDUSTRIAL","8,550.00"
"ALL OTHERS STREET","INTERIOR","JAGOBIAO","MANDAUE","CEBU","RESIDENTIAL REGULAR","4,690.00"
"THE HERITAGE","","JAGOBIAO","MANDAUE","CEBU","RESIDENTIAL REGULAR","27,500.00"
"CITYHOMES PREMIERE","","JAGOBIAO","MANDAUE","CEBU","RESIDENTIAL REGULAR","22,000.00"
"DECA HOMES PRIME","","JAGOBIAO","MANDAUE","CEBU","RESIDENTIAL REGULAR","12,100.00"
"ALL OTHER SUBDIVISIONS","","JAGOBIAO","MANDAUE","CEBU","RESIDENTIAL REGULAR","12,100.00"
"CEBU NORTH ROAD","S. JAYME-LABOGON","LABOGON","MANDAUE","CEBU","COMMERCIAL REGULAR","42,000.00"
"CEBU NORTH ROAD","S. JAYME-LABOGON","LABOGON","MANDAUE","CEBU","RESIDENTIAL REGULAR","18,900.00"
"CEBU NORTH ROAD","S. JAYME-LABOGON","LABOGON","MANDAUE","CEBU","INDUSTRIAL","26,250.00"
"CEBU NORTH ROAD","INTERIOR","LABOGON","MANDAUE","CEBU","RESIDENTIAL REGULAR","13,130.00"
"FATIMA ROAD","","LABOGON","MANDAUE","CEBU","INDUSTRIAL","18,900.00"
"FATIMA ROAD","","LABOGON","MANDAUE","CEBU","COMMERCIAL REGULAR","18,900.00"
"FATIMA ROAD","","LABOGON","MANDAUE","CEBU","RESIDENTIAL REGULAR","10,500.00"
"FATIMA ROAD","","LABOGON","MANDAUE","CEBU","INDUSTRIAL","15,750.00"
"FATIMA ROAD","INTERIOR","LABOGON","MANDAUE","CEBU","RESIDENTIAL REGULAR","6,300.00"
"LABOGON CIRCUMFERENTIAL ROAD","LABOGON-DONA ANTONIA VILLAGE","LABOGON","MANDAUE","CEBU","COMMERCIAL REGULAR","18,900.00"
"LABOGON CIRCUMFERENTIAL ROAD","LABOGON-DONA ANTONIA VILLAGE","LABOGON","MANDAUE","CEBU","RESIDENTIAL REGULAR","10,500.00"
"LABOGON CIRCUMFERENTIAL ROAD","LABOGON-DONA ANTONIA VILLAGE","LABOGON","MANDAUE","CEBU","INDUSTRIAL","15,750.00"
"LABOGON CIRCUMFERENTIAL ROAD","INTERIOR","LABOGON","MANDAUE","CEBU","RESIDENTIAL REGULAR","6,830.00"
"PACIFICA ROAD- UPPER ROAD","JPS & SONS TRADING GROUP CORP.","LABOGON","MANDAUE","CEBU","COMMERCIAL REGULAR","15,750.00"
"LABOGON ROAD","LABOGON CIR-END","LABOGON","MANDAUE","CEBU","COMMERCIAL REGULAR","15,750.00"
"LABOGON ROAD","LABOGON CIR-END","LABOGON","MANDAUE","CEBU","RESIDENTIAL REGULAR","10,500.00"
"LABOGON ROAD","LABOGON CIR-END","LABOGON","MANDAUE","CEBU","INDUSTRIAL","12,600.00"
"LABOGON ROAD","INTERIOR","LABOGON","MANDAUE","CEBU","RESIDENTIAL REGULAR","6,830.00"
"LABOGON-PAKNAAN","JAYME-PAKNA AN LABOGON","LABOGON","MANDAUE","CEBU","COMMERCIAL REGULAR","15,750.00"
"LABOGON-PAKNAAN","JAYME-PAKNA AN LABOGON","LABOGON","MANDAUE","CEBU","RESIDENTIAL REGULAR","10,500.00"
"LABOGON-PAKNAAN","JAYME-PAKNA AN LABOGON","LABOGON","MANDAUE","CEBU","INDUSTRIAL","12,600.00"
"LABOGON-PAKNAAN","INTERIOR","LABOGON","MANDAUE","CEBU","RESIDENTIAL REGULAR","16,800.00"
"LABOGON-PAKNAAN","INTERIOR","LABOGON","MANDAUE","CEBU","RESIDENTIAL REGULAR","6,830.00"
"S. JAYME STREET","CEBU NORTH ROAD-BOUNDARY","LABOGON","MANDAUE","CEBU","COMMERCIAL REGULAR","16,800.00"
"S. JAYME STREET","CEBU NORTH ROAD-BOUNDARY","LABOGON","MANDAUE","CEBU","RESIDENTIAL REGULAR","10,500.00"
"S. JAYME STREET","CEBU NORTH ROAD-BOUNDARY","LABOGON","MANDAUE","CEBU","INDUSTRIAL","13,130.00"
"S. JAYME STREET","INTERIOR","LABOGON","MANDAUE","CEBU","RESIDENTIAL REGULAR","8,400.00"
"S.E. LLENES","INTERIOR","LABOGON","MANDAUE","CEBU","COMMERCIAL REGULAR","16,800.00"
"S.E. LLENES","INTERIOR","LABOGON","MANDAUE","CEBU","RESIDENTIAL REGULAR","6,830.00"
"LATASAN","SOCOR CONSTRUCTION","LABOGON","MANDAUE","CEBU","INDUSTRIAL","15,750.00"
"GOLDEN BRIDGE","PIER","LABOGON","MANDAUE","CEBU","INDUSTRIAL","15,750.00"
"ALL OTHERS STREETS","","LABOGON","MANDAUE","CEBU","COMMERCIAL REGULAR","10,500.00"
"ALL OTHERS STREETS","","LABOGON","MANDAUE","CEBU","RESIDENTIAL REGULAR","8,400.00"
"ALL OTHERS STREETS","","LABOGON","MANDAUE","CEBU","INDUSTRIAL","10,190.00"
"ALL OTHERS STREETS","INTERIOR","LABOGON","MANDAUE","CEBU","RESIDENTIAL REGULAR","6,300.00"
"DONA ROSARIO VILLAGE","","LABOGON","MANDAUE","CEBU","RESIDENTIAL REGULAR","15,750.00"
"MA. ANTONIA SUBD.","","LABOGON","MANDAUE","CEBU","RESIDENTIAL REGULAR","15,750.00"
"SLIDING HILLS","","LABOGON","MANDAUE","CEBU","RESIDENTIAL REGULAR","15,750.00"
"YY COMPOUND","","LABOGON","MANDAUE","CEBU","COMMERCIAL REGULAR","22,250.00"
"YY COMPOUND","","LABOGON","MANDAUE","CEBU","RESIDENTIAL REGULAR","12,600.00"
"VILLA LOLITA","LABOGON ROAD","LABOGON","MANDAUE","CEBU","RESIDENTIAL REGULAR","12,600.00"
"SACRED HEART SUBDIVISION","","LABOGON","MANDAUE","CEBU","RESIDENTIAL REGULAR","12,600.00"
"ALL OTHER SUBDIVISION","","LABOGON","MANDAUE","CEBU","RESIDENTIAL REGULAR","10,500.00"
"JUAN M CENIZA STREET","MABINI-SAN ANTONIO","LOOC","MANDAUE","CEBU","COMMERCIAL REGULAR","12,500.00"
"JUAN M CENIZA STREET","MABINI-SAN ANTONIO","LOOC","MANDAUE","CEBU","RESIDENTIAL REGULAR","10,250.00"
"JUAN M CENIZA STREET","MABINI-SAN ANTONIO","LOOC","MANDAUE","CEBU","INDUSTRIAL","11,000.00"
"JUAN M CENIZA STREET","INTERIOR","LOOC","MANDAUE","CEBU","RESIDENTIAL REGULAR","7,000.00"
"MABINI STREET","PLARIDEL-SAN ANTONIO","LOOC","MANDAUE","CEBU","COMMERCIAL REGULAR","20,500.00"
"MABINI STREET","JUAN M CENIZA-MABINI","LOOC","MANDAUE","CEBU","COMMERCIAL REGULAR","19,000.00"
"MABINI STREET","OUANO-CM CABAHUG","LOOC","MANDAUE","CEBU","COMMERCIAL REGULAR","19,000.00"
"MABINI STREET","A CABAHUG-AC CORTES","LOOC","MANDAUE","CEBU","COMMERCIAL REGULAR","19,500.00"
"MABINI STREET","A CABAHUG-AC CORTES","LOOC","MANDAUE","CEBU","RESIDENTIAL REGULAR","12,500.00"
"MABINI STREET","A CABAHUG-AC CORTES","LOOC","MANDAUE","CEBU","INDUSTRIAL","15,000.00"
"MABINI STREET","INTERIOR","LOOC","MANDAUE","CEBU","RESIDENTIAL REGULAR","7,250.00"
"OUANO STREET","MABINI-CM CABAHUG","LOOC","MANDAUE","CEBU","COMMERCIAL REGULAR","22,250.00"
"OUANO STREET","MABINI-CM CABAHUG","LOOC","MANDAUE","CEBU","COMMERCIAL REGULAR","35,000.00"
"OUANO STREET","MABINI-CM CABAHUG","LOOC","MANDAUE","CEBU","RESIDENTIAL REGULAR","13,500.00"
"OUANO STREET","MABINI-CM CABAHUG","LOOC","MANDAUE","CEBU","INDUSTRIAL","16,000.00"
"OUANO STREET","INTERIOR","LOOC","MANDAUE","CEBU","RESIDENTIAL REGULAR","8,500.00"
"PLARIDEL STREET (NOW J. BRIONES ST.)","SEAWALL-A MABINI","LOOC","MANDAUE","CEBU","COMMERCIAL REGULAR","35,000.00"
"PLARIDEL STREET (NOW J. BRIONES ST.)","SEAWALL-A MABINI","LOOC","MANDAUE","CEBU","RESIDENTIAL REGULAR","15,000.00"
"PLARIDEL STREET (NOW J. BRIONES ST.)","SEAWALL-A MABINI","LOOC","MANDAUE","CEBU","INDUSTRIAL","30,000.00"
"PLARIDEL STREET (NOW J. BRIONES ST.)","INTERIOR","LOOC","MANDAUE","CEBU","RESIDENTIAL REGULAR","10,750.00"
"PLARIDEL STREET (NOW J. BRIONES ST.)","A MABINI-SAN ANTONIO","LOOC","MANDAUE","CEBU","COMMERCIAL REGULAR","9,000.00"
"A.C. CORTES AVENUE","CM CABAHUG TO MACTAN BRIDGE (UCLM)","LOOC","MANDAUE","CEBU","COMMERCIAL REGULAR","30,000.00"
"A.C. CORTES AVENUE","CM CABAHUG TO MACTAN BRIDGE (UCLM)","LOOC","MANDAUE","CEBU","INDUSTRIAL","28,000.00"
"A.C. CORTES AVENUE","INTERIOR","LOOC","MANDAUE","CEBU","RESIDENTIAL REGULAR","10,000.00"
"SAN ANTONIO STREET (NOW F. MENDOZA ST.)","SAN ANTONIO-A CABAHUG","LOOC","MANDAUE","CEBU","COMMERCIAL REGULAR","12,200.00"
"SAN ANTONIO STREET (NOW F. MENDOZA ST.)","SAN ANTONIO-A CABAHUG","LOOC","MANDAUE","CEBU","RESIDENTIAL REGULAR","10,150.00"
"SAN ANTONIO STREET (NOW F. MENDOZA ST.)","SAN ANTONIO-A CABAHUG","LOOC","MANDAUE","CEBU","INDUSTRIAL","11,250.00"
"SAN ANTONIO STREET (NOW F. MENDOZA ST.)","INTERIOR","LOOC","MANDAUE","CEBU","RESIDENTIAL REGULAR","7,000.00"
"ALL OTHER STREET","","LOOC","MANDAUE","CEBU","COMMERCIAL REGULAR","10,000.00"
"ALL OTHER STREET","","LOOC","MANDAUE","CEBU","RESIDENTIAL REGULAR","50,000.00"
"ALL OTHER STREET","","LOOC","MANDAUE","CEBU","RESIDENTIAL REGULAR","7,250.00"
"ALL OTHER STREET","","LOOC","MANDAUE","CEBU","INDUSTRIAL","8,000.00"
"ALL OTHER STREET","INTERIOR","LOOC","MANDAUE","CEBU","RESIDENTIAL REGULAR","5,000.00"
"FELICITAS VILLAGE","","LOOC","MANDAUE","CEBU","RESIDENTIAL REGULAR","12,000.00"
"V. ALABANO STREET","ML QUEZON ST TO L. JAYME ST (CHANNEL 9)","MAGUIKAY","MANDAUE","CEBU","COMMERCIAL REGULAR","13,500.00"
"V. ALABANO STREET","ML QUEZON ST TO L. JAYME ST (CHANNEL 9)","MAGUIKAY","MANDAUE","CEBU","RESIDENTIAL REGULAR","9,000.00"
"V. ALABANO STREET","ML QUEZON ST TO L. JAYME ST (CHANNEL 9)","MAGUIKAY","MANDAUE","CEBU","INDUSTRIAL","11,500.00"
"V. ALABANO STREET","INTERIOR","MAGUIKAY","MANDAUE","CEBU","RESIDENTIAL REGULAR","6,500.00"
"CEBU NORTH ROAD/M.C. BRIONEL (NATIONAL HIGHWAY)","L. JAYME TO BUTUANON RIVER (METRO GAISANO)","MAGUIKAY","MANDAUE","CEBU","COMMERCIAL REGULAR","50,000.00"
"CEBU NORTH ROAD/M.C. BRIONEL (NATIONAL HIGHWAY)","L. JAYME TO BUTUANON RIVER (METRO GAISANO)","MAGUIKAY","MANDAUE","CEBU","RESIDENTIAL REGULAR","30,000.00"
"CEBU NORTH ROAD/M.C. BRIONEL (NATIONAL HIGHWAY)","L. JAYME TO BUTUANON RIVER (METRO GAISANO)","MAGUIKAY","MANDAUE","CEBU","INDUSTRIAL","40,000.00"
"CEBU NORTH ROAD/M.C. BRIONEL (NATIONAL HIGHWAY)","INTERIOR","MAGUIKAY","MANDAUE","CEBU","RESIDENTIAL REGULAR","10,000.00"
"M L QUEZON AVENUE","MC BRIONES ST TO M. CENIZA ST","MAGUIKAY","MANDAUE","CEBU","COMMERCIAL REGULAR","50,000.00"
"M L QUEZON AVENUE","MC BRIONES ST TO M. CENIZA ST","MAGUIKAY","MANDAUE","CEBU","RESIDENTIAL REGULAR","30,000.00"
"M L QUEZON AVENUE","MC BRIONES ST TO M. CENIZA ST","MAGUIKAY","MANDAUE","CEBU","INDUSTRIAL","40,000.00"
"M L QUEZON AVENUE","INTERIOR","MAGUIKAY","MANDAUE","CEBU","RESIDENTIAL REGULAR","10,000.00"
"M.D. ECHAVEZ ST (SUDLON TO MAGUIKAY ELEM SCHOOL)","M.C. BRIONES TO ML QUEZON ST","MAGUIKAY","MANDAUE","CEBU","RESIDENTIAL REGULAR","26,250.00"
"M.D. ECHAVEZ ST (SUDLON TO MAGUIKAY ELEM SCHOOL)","M.C. BRIONES TO ML QUEZON ST","MAGUIKAY","MANDAUE","CEBU","COMMERCIAL REGULAR","24,000.00"
"M.D. ECHAVEZ ST (SUDLON TO MAGUIKAY ELEM SCHOOL)","M.C. BRIONES TO ML QUEZON ST","MAGUIKAY","MANDAUE","CEBU","RESIDENTIAL REGULAR","15,000.00"
"M.D. ECHAVEZ ST (SUDLON TO MAGUIKAY ELEM SCHOOL)","M.C. BRIONES TO ML QUEZON ST","MAGUIKAY","MANDAUE","CEBU","INDUSTRIAL","20,000.00"
"M.D. ECHAVEZ ST (SUDLON TO MAGUIKAY ELEM SCHOOL)","INTERIOR","MAGUIKAY","MANDAUE","CEBU","RESIDENTIAL REGULAR","7,000.00"
"N. CABAHUG ST.","M.C. BRIONES ST TO END OF THE R","MAGUIKAY","MANDAUE","CEBU","COMMERCIAL REGULAR","17,500.00"
"N. CABAHUG ST.","M.C. BRIONES ST TO END OF THE R","MAGUIKAY","MANDAUE","CEBU","RESIDENTIAL REGULAR","10,000.00"
"N. CABAHUG ST.","M.C. BRIONES ST TO END OF THE R","MAGUIKAY","MANDAUE","CEBU","INDUSTRIAL","14,500.00"
"N. CABAHUG ST.","INTERIOR","MAGUIKAY","MANDAUE","CEBU","RESIDENTIAL REGULAR","6,500.00"
"L. JAYME ST.","MC. BRIONES ST TO V. ALBANO ST","MAGUIKAY","MANDAUE","CEBU","COMMERCIAL REGULAR","26,250.00"
"L. JAYME ST.","MC. BRIONES ST TO V. ALBANO ST","MAGUIKAY","MANDAUE","CEBU","RESIDENTIAL REGULAR","21,000.00"
"L. JAYME ST.","MC. BRIONES ST TO V. ALBANO ST","MAGUIKAY","MANDAUE","CEBU","INDUSTRIAL","23,625.00"
"L. JAYME ST.","INTERIOR","MAGUIKAY","MANDAUE","CEBU","RESIDENTIAL REGULAR","14,175.00"
"L. JAYME ST.","V. ALBANO ST TO BNDRY OF BRGY. CASUNTINGAN","MAGUIKAY","MANDAUE","CEBU","COMMERCIAL REGULAR","20,000.00"
"L. JAYME ST.","V. ALBANO ST TO BNDRY OF BRGY. CASUNTINGAN","MAGUIKAY","MANDAUE","CEBU","RESIDENTIAL REGULAR","16,800.00"
"L. JAYME ST.","V. ALBANO ST TO BNDRY OF BRGY. CASUNTINGAN","MAGUIKAY","MANDAUE","CEBU","INDUSTRIAL","18,900.00"
"L. JAYME ST.","INTERIOR","MAGUIKAY","MANDAUE","CEBU","RESIDENTIAL REGULAR","10,500.00"
"MAGUIKAY-CANSUNTINGAN (ASAHI ROAD)","MAGUIKAY-V ALBANO","MAGUIKAY","MANDAUE","CEBU","RESIDENTIAL REGULAR","32,500.00"
"MAGUIKAY-CANSUNTINGAN (ASAHI ROAD)","MAGUIKAY-V ALBANO","MAGUIKAY","MANDAUE","CEBU","COMMERCIAL REGULAR","16,000.00"
"MAGUIKAY-CANSUNTINGAN (ASAHI ROAD)","MAGUIKAY-V ALBANO","MAGUIKAY","MANDAUE","CEBU","RESIDENTIAL REGULAR","9,000.00"
"MAGUIKAY-CANSUNTINGAN (ASAHI ROAD)","MAGUIKAY-V ALBANO","MAGUIKAY","MANDAUE","CEBU","INDUSTRIAL","12,500.00"
"MAGUIKAY-CANSUNTINGAN (ASAHI ROAD)","INTERIOR","MAGUIKAY","MANDAUE","CEBU","RESIDENTIAL REGULAR","6,500.00"
"MAGUIKAY FEEDER ROAD","ALBANO-SUDLON ROAD","MAGUIKAY","MANDAUE","CEBU","COMMERCIAL REGULAR","15,000.00"
"MAGUIKAY FEEDER ROAD","ALBANO-SUDLON ROAD","MAGUIKAY","MANDAUE","CEBU","RESIDENTIAL REGULAR","10,500.00"
"MAGUIKAY FEEDER ROAD","ALBANO-SUDLON ROAD","MAGUIKAY","MANDAUE","CEBU","INDUSTRIAL","12,000.00"
"MAGUIKAY FEEDER ROAD","INTERIOR","MAGUIKAY","MANDAUE","CEBU","RESIDENTIAL REGULAR","7,350.00"
"M. CENIZA STREET","ML QUEZON ST TO BUTAONON RIVER","MAGUIKAY","MANDAUE","CEBU","COMMERCIAL REGULAR","32,500.00"
"M. CENIZA STREET","ML QUEZON ST TO BUTAONON RIVER","MAGUIKAY","MANDAUE","CEBU","RESIDENTIAL REGULAR","21,500.00"
"M. CENIZA STREET","ML QUEZON ST TO BUTAONON RIVER","MAGUIKAY","MANDAUE","CEBU","INDUSTRIAL","27,500.00"
"M. CENIZA STREET","INTERIOR","MAGUIKAY","MANDAUE","CEBU","RESIDENTIAL REGULAR","9,000.00"
"I. FMI (BRGY. ROAD) (ROAD GOING TO PROFOOD INTL.)","MC BRIONES ST  TO END OF THE ROAD","MAGUIKAY","MANDAUE","CEBU","COMMERCIAL REGULAR","21,000.00"
"I. FMI (BRGY. ROAD) (ROAD GOING TO PROFOOD INTL.)","MC BRIONES ST  TO END OF THE ROAD","MAGUIKAY","MANDAUE","CEBU","RESIDENTIAL REGULAR","10,000.00"
"I. FMI (BRGY. ROAD) (ROAD GOING TO PROFOOD INTL.)","MC BRIONES ST  TO END OF THE ROAD","MAGUIKAY","MANDAUE","CEBU","INDUSTRIAL","15,750.00"
"I. FMI (BRGY. ROAD) (ROAD GOING TO PROFOOD INTL.)","INTERIOR","MAGUIKAY","MANDAUE","CEBU","RESIDENTIAL REGULAR","6,000.00"
"RED SEA ROAD (BRGY. ROAD)","MC BRIONES ST TO END OF THE ROAD","MAGUIKAY","MANDAUE","CEBU","RESIDENTIAL REGULAR","15,000.00"
"RED SEA ROAD (BRGY. ROAD)","MC BRIONES ST TO END OF THE ROAD","MAGUIKAY","MANDAUE","CEBU","COMMERCIAL REGULAR","15,000.00"
"RED SEA ROAD (BRGY. ROAD)","MC BRIONES ST TO END OF THE ROAD","MAGUIKAY","MANDAUE","CEBU","RESIDENTIAL REGULAR","9,000.00"
"RED SEA ROAD (BRGY. ROAD)","MC BRIONES ST TO END OF THE ROAD","MAGUIKAY","MANDAUE","CEBU","INDUSTRIAL","12,000.00"
"RED SEA ROAD (BRGY. ROAD)","INTERIOR","MAGUIKAY","MANDAUE","CEBU","RESIDENTIAL REGULAR","7,000.00"
"NURSERY ROAD(PART OF M.D. ECHAVEZ RD.)","CEBU NORTH RD-MAG FEEDER","MAGUIKAY","MANDAUE","CEBU","COMMERCIAL REGULAR","15,000.00"
"NURSERY ROAD(PART OF M.D. ECHAVEZ RD.)","CEBU NORTH RD-MAG FEEDER","MAGUIKAY","MANDAUE","CEBU","RESIDENTIAL REGULAR","10,000.00"
"NURSERY ROAD(PART OF M.D. ECHAVEZ RD.)","CEBU NORTH RD-MAG FEEDER","MAGUIKAY","MANDAUE","CEBU","INDUSTRIAL","12,000.00"
"NURSERY ROAD(PART OF M.D. ECHAVEZ RD.)","INTERIOR","MAGUIKAY","MANDAUE","CEBU","RESIDENTIAL REGULAR","6,000.00"
"N.S.CABAHUG STREET","SITIO SALVACION","MAGUIKAY","MANDAUE","CEBU","COMMERCIAL REGULAR","15,000.00"
"N.S.CABAHUG STREET","SITIO SALVACION","MAGUIKAY","MANDAUE","CEBU","RESIDENTIAL REGULAR","10,000.00"
"N.S.CABAHUG STREET","SITIO SALVACION","MAGUIKAY","MANDAUE","CEBU","INDUSTRIAL","14,700.00"
"N.S.CABAHUG STREET","INTERIOR","MAGUIKAY","MANDAUE","CEBU","RESIDENTIAL REGULAR","6,000.00"
"N.S.CABAHUG STREET","CEBU NORTH RD-MAG FEEDER","MAGUIKAY","MANDAUE","CEBU","COMMERCIAL REGULAR","15,000.00"
"N.S.CABAHUG STREET","CEBU NORTH RD-MAG FEEDER","MAGUIKAY","MANDAUE","CEBU","RESIDENTIAL REGULAR","10,000.00"
"N.S.CABAHUG STREET","CEBU NORTH RD-MAG FEEDER","MAGUIKAY","MANDAUE","CEBU","INDUSTRIAL","14,700.00"
"TINGUB-MAGUIKAY ROAD (M. CENIZA ST.)","QUEZON-BUTUANON RIVER","MAGUIKAY","MANDAUE","CEBU","INDUSTRIAL","27,500.00"
"TINGUB-MAGUIKAY ROAD (M. CENIZA ST.)","QUEZON-BUTUANON RIVER","MAGUIKAY","MANDAUE","CEBU","COMMERCIAL REGULAR","27,500.00"
"TINGUB-MAGUIKAY ROAD (M. CENIZA ST.)","QUEZON-BUTUANON RIVER","MAGUIKAY","MANDAUE","CEBU","RESIDENTIAL REGULAR","20,000.00"
"TINGUB-MAGUIKAY ROAD (M. CENIZA ST.)","QUEZON-BUTUANON RIVER","MAGUIKAY","MANDAUE","CEBU","INDUSTRIAL","24,500.00"
"TINGUB-MAGUIKAY ROAD (M. CENIZA ST.)","INTERIOR","MAGUIKAY","MANDAUE","CEBU","RESIDENTIAL REGULAR","8,000.00"
"ALL OTHERS STREETS","VISAYAN ENAMEL TO RED SEA","MAGUIKAY","MANDAUE","CEBU","COMMERCIAL REGULAR","16,000.00"
"ALL OTHERS STREETS","VISAYAN ENAMEL TO RED SEA","MAGUIKAY","MANDAUE","CEBU","RESIDENTIAL REGULAR","10,500.00"
"ALL OTHERS STREETS","VISAYAN ENAMEL TO RED SEA","MAGUIKAY","MANDAUE","CEBU","INDUSTRIAL","13,500.00"
"ALL OTHERS STREETS","INTERIOR","MAGUIKAY","MANDAUE","CEBU","RESIDENTIAL REGULAR","6,250.00"
"UNNAMED ST(B.C. ALBAÑO ST.)","M.D. ECHAVEZ TO M. CENIZA ST","MAGUIKAY","MANDAUE","CEBU","COMMERCIAL REGULAR","13,500.00"
"UNNAMED ST(B.C. ALBAÑO ST.)","M.D. ECHAVEZ TO M. CENIZA ST","MAGUIKAY","MANDAUE","CEBU","RESIDENTIAL REGULAR","9,000.00"
"UNNAMED ST(B.C. ALBAÑO ST.)","M.D. ECHAVEZ TO M. CENIZA ST","MAGUIKAY","MANDAUE","CEBU","INDUSTRIAL","11,000.00"
"UNNAMED ST(B.C. ALBAÑO ST.)","INTERIOR","MAGUIKAY","MANDAUE","CEBU","RESIDENTIAL REGULAR","6,000.00"
"NORTH CALDEROHAN","ALONG THE ROAD","MAGUIKAY","MANDAUE","CEBU","COMMERCIAL REGULAR","15,000.00"
"NAZARETH VALLEY","ALONG THE ROAD","MAGUIKAY","MANDAUE","CEBU","RESIDENTIAL REGULAR","10,000.00"
"SUGAR VALLEY","ALONG THE ROAD","MAGUIKAY","MANDAUE","CEBU","RESIDENTIAL REGULAR","12,250.00"
"SUGAR VALLEY","ALONG THE ROAD","MAGUIKAY","MANDAUE","CEBU","INDUSTRIAL","12,600.00"
"LITTLE TOKYO","","MAGUIKAY","MANDAUE","CEBU","COMMERCIAL REGULAR","42,000.00"
"LITTLE TOKYO","","MAGUIKAY","MANDAUE","CEBU","RESIDENTIAL REGULAR","8,000.00"
"SITIO YAMOG","","MAGUIKAY","MANDAUE","CEBU","RESIDENTIAL REGULAR","6,250.00"
"SITIO SALVACION","","MAGUIKAY","MANDAUE","CEBU","RESIDENTIAL REGULAR","6,250.00"
"SITIO LUPA","","MAGUIKAY","MANDAUE","CEBU","RESIDENTIAL REGULAR","6,250.00"
"MARFA","","MAGUIKAY","MANDAUE","CEBU","RESIDENTIAL REGULAR","21,000.00"
"VILLLA FATIMA","ALONG THE ROAD","MAGUIKAY","MANDAUE","CEBU","RESIDENTIAL REGULAR","6,250.00"
"R.L TOWNHOUSE","L. JAYME ST","MAGUIKAY","MANDAUE","CEBU","RESIDENTIAL REGULAR","15,000.00"
"KARL'S TOWN PHASE I","NEAR ST. LOUIS, SUDLON MAGUIKAY","MAGUIKAY","MANDAUE","CEBU","RESIDENTIAL REGULAR","17,500.00"
"KARL'S TOWN PHASE II","NEAR ST. LOUIS, SUDLON MAGUIKAY","MAGUIKAY","MANDAUE","CEBU","RESIDENTIAL REGULAR","17,500.00"
"GK VILLAGE - MAGUIKAY","INTERIOR AFTER V. ALBANO","MAGUIKAY","MANDAUE","CEBU","RESIDENTIAL REGULAR","6,250.00"
"ALL OTHER SUBDIVISION","","MAGUIKAY","MANDAUE","CEBU","RESIDENTIAL REGULAR","10,000.00"
"A DEL ROSARIO AVENUE","F. ROSAL ST. TO B. CENIZA STREET","MANTUYONG","MANDAUE","CEBU","COMMERCIAL REGULAR","42,000.00"
"A DEL ROSARIO AVENUE","F. ROSAL ST. TO B. CENIZA STREET","MANTUYONG","MANDAUE","CEBU","RESIDENTIAL REGULAR","26,250.00"
"A DEL ROSARIO AVENUE","F. ROSAL ST. TO B. CENIZA STREET","MANTUYONG","MANDAUE","CEBU","INDUSTRIAL","36,750.00"
"A DEL ROSARIO AVENUE","INTERIOR","MANTUYONG","MANDAUE","CEBU","RESIDENTIAL REGULAR","16,065.00"
"SUSON STREET","BOUNDARY OF BRGY. GUIZO TO SUSON ST TO B. CENIZA ST.","MANTUYONG","MANDAUE","CEBU","COMMERCIAL REGULAR","28,100.00"
"SUSON STREET","BOUNDARY OF BRGY. GUIZO TO SUSON ST TO B. CENIZA ST.","MANTUYONG","MANDAUE","CEBU","COMMERCIAL REGULAR","52,500.00"
"SUSON STREET","BOUNDARY OF BRGY. GUIZO TO SUSON ST TO B. CENIZA ST.","MANTUYONG","MANDAUE","CEBU","RESIDENTIAL REGULAR","15,750.00"
"SUSON STREET","BOUNDARY OF BRGY. GUIZO TO SUSON ST TO B. CENIZA ST.","MANTUYONG","MANDAUE","CEBU","INDUSTRIAL","23,850.00"
"SUSON STREET","INTERIOR","MANTUYONG","MANDAUE","CEBU","RESIDENTIAL REGULAR","13,020.00"
"A. S FORTUNA EXTENSION","A. DEL ROSARIO AVE. TO RECLAMATION AREA","MANTUYONG","MANDAUE","CEBU","COMMERCIAL REGULAR","18,900.00"
"A. S FORTUNA EXTENSION","A. DEL ROSARIO AVE. TO RECLAMATION AREA","MANTUYONG","MANDAUE","CEBU","INDUSTRIAL","16,800.00"
"A. S FORTUNA EXTENSION","A. DEL ROSARIO AVE. TO RECLAMATION AREA","MANTUYONG","MANDAUE","CEBU","RESIDENTIAL REGULAR","15,750.00"
"A. S FORTUNA EXTENSION","INTERIOR","MANTUYONG","MANDAUE","CEBU","RESIDENTIAL REGULAR","8,500.00"
"A. SORIANO AVENUE","BOUNDARY OF BRGY. CENTRO TO W.O. SENO ST.","MANTUYONG","MANDAUE","CEBU","COMMERCIAL REGULAR","52,500.00"
"A. SORIANO AVENUE","BOUNDARY OF BRGY. CENTRO TO W.O. SENO ST.","MANTUYONG","MANDAUE","CEBU","RESIDENTIAL REGULAR","47,250.00"
"B. CENIZA ST.","A DEL ROSARIO AVE. TO RECLAMATION AREA","MANTUYONG","MANDAUE","CEBU","COMMERCIAL REGULAR","52,500.00"
"B. CENIZA ST.","A DEL ROSARIO AVE. TO RECLAMATION AREA","MANTUYONG","MANDAUE","CEBU","RESIDENTIAL REGULAR","40,845.00"
"B. CENIZA ST.","A DEL ROSARIO AVE. TO RECLAMATION AREA","MANTUYONG","MANDAUE","CEBU","INDUSTRIAL","43,000.00"
"B. CENIZA ST.","INTERIOR","MANTUYONG","MANDAUE","CEBU","RESIDENTIAL REGULAR","23,250.00"
"C.D. SENO BLVD.","A.S. FORTUNA EXT. TO A. SORIANO AVE.","MANTUYONG","MANDAUE","CEBU","COMMERCIAL REGULAR","52,500.00"
"C.D. SENO BLVD.","A.S. FORTUNA EXT. TO A. SORIANO AVE.","MANTUYONG","MANDAUE","CEBU","INDUSTRIAL","32,800.00"
"ECHIVARRE","A. DEL ROSARIO AVE. TO RECLAMATION AREA","MANTUYONG","MANDAUE","CEBU","COMMERCIAL REGULAR","22,900.00"
"ECHIVARRE","A. DEL ROSARIO AVE. TO RECLAMATION AREA","MANTUYONG","MANDAUE","CEBU","INDUSTRIAL","110,000.00"
"ECHIVARRE","A. DEL ROSARIO AVE. TO RECLAMATION AREA","MANTUYONG","MANDAUE","CEBU","RESIDENTIAL REGULAR","15,225.00"
"ECHIVARRE","A. DEL ROSARIO AVE. TO RECLAMATION AREA","MANTUYONG","MANDAUE","CEBU","INDUSTRIAL","18,100.00"
"ECHIVARRE","INTERIOR","MANTUYONG","MANDAUE","CEBU","RESIDENTIAL REGULAR","11,445.00"
"F. CABAHUG ST.","F. ROSAL ST., SUSON ST.","MANTUYONG","MANDAUE","CEBU","COMMERCIAL REGULAR","25,050.00"
"F. CABAHUG ST.","F. ROSAL ST., SUSON ST.","MANTUYONG","MANDAUE","CEBU","INDUSTRIAL","20,000.00"
"F. CABAHUG ST.","F. ROSAL ST., SUSON ST.","MANTUYONG","MANDAUE","CEBU","RESIDENTIAL REGULAR","15,750.00"
"F. CABAHUG ST.","INTERIOR","MANTUYONG","MANDAUE","CEBU","RESIDENTIAL REGULAR","9,765.00"
"F. ROSAL ST.","A DEL ROSARIO AVE. TO F CABAHUG ST.","MANTUYONG","MANDAUE","CEBU","COMMERCIAL REGULAR","21,000.00"
"F. ROSAL ST.","A DEL ROSARIO AVE. TO F CABAHUG ST.","MANTUYONG","MANDAUE","CEBU","INDUSTRIAL","18,900.00"
"F. ROSAL ST.","A DEL ROSARIO AVE. TO F CABAHUG ST.","MANTUYONG","MANDAUE","CEBU","RESIDENTIAL REGULAR","17,500.00"
"F. ROSAL ST.","INTERIOR","MANTUYONG","MANDAUE","CEBU","RESIDENTIAL REGULAR","8,400.00"
"F.E. ZUELIG ST.","BOUNDARY OF BRGY. SUBANGDAKU TO ROAD 3","MANTUYONG","MANDAUE","CEBU","COMMERCIAL REGULAR","110,000.00"
"F.E. ZUELIG ST.","BOUNDARY OF BRGY. SUBANGDAKU TO ROAD 3","MANTUYONG","MANDAUE","CEBU","INDUSTRIAL","84,000.00"
"GEN LUNA","","MANTUYONG","MANDAUE","CEBU","COMMERCIAL REGULAR","25,750.00"
"GEN LUNA","","MANTUYONG","MANDAUE","CEBU","RESIDENTIAL REGULAR","15,750.00"
"GEN LUNA","","MANTUYONG","MANDAUE","CEBU","INDUSTRIAL","19,500.00"
"GEN LUNA","INTERIOR","MANTUYONG","MANDAUE","CEBU","COMMERCIAL REGULAR","160,000.00"
"GEN LUNA","INTERIOR","MANTUYONG","MANDAUE","CEBU","RESIDENTIAL REGULAR","10,815.00"
"A. OUANO AVENUE","A. SORIANO AVE. TO BOUNDARY OF SUBANGDAKU","MANTUYONG","MANDAUE","CEBU","COMMERCIAL REGULAR","160,000.00"
"A. OUANO AVENUE","A. SORIANO AVE. TO BOUNDARY OF SUBANGDAKU","MANTUYONG","MANDAUE","CEBU","INDUSTRIAL","110,000.00"
"SUSON ST.","A DEL ROSARIO AVE. TO F CABAHUG ST.","MANTUYONG","MANDAUE","CEBU","COMMERCIAL REGULAR","22,500.00"
"SUSON ST.","A DEL ROSARIO AVE. TO F CABAHUG ST.","MANTUYONG","MANDAUE","CEBU","RESIDENTIAL REGULAR","16,500.00"
"SUSON ST.","A DEL ROSARIO AVE. TO F CABAHUG ST.","MANTUYONG","MANDAUE","CEBU","INDUSTRIAL","19,000.00"
"SUSON ST.","INTERIOR","MANTUYONG","MANDAUE","CEBU","RESIDENTIAL REGULAR","10,500.00"
"URDANETA (ROSAL STREET)","","MANTUYONG","MANDAUE","CEBU","COMMERCIAL REGULAR","21,500.00"
"URDANETA (ROSAL STREET)","","MANTUYONG","MANDAUE","CEBU","RESIDENTIAL REGULAR","16,590.00"
"URDANETA (ROSAL STREET)","","MANTUYONG","MANDAUE","CEBU","INDUSTRIAL","20,000.00"
"URDANETA (ROSAL STREET)","INTERIOR","MANTUYONG","MANDAUE","CEBU","RESIDENTIAL REGULAR","11,760.00"
"ALL OTHER STREETS","","MANTUYONG","MANDAUE","CEBU","COMMERCIAL REGULAR","17,700.00"
"ALL OTHER STREETS","","MANTUYONG","MANDAUE","CEBU","RESIDENTIAL REGULAR","13,650.00"
"ALL OTHER STREETS","","MANTUYONG","MANDAUE","CEBU","INDUSTRIAL","17,400.00"
"ALL OTHER STREETS","INTERIOR","MANTUYONG","MANDAUE","CEBU","RESIDENTIAL REGULAR","10,815.00"
"ALANG ALANG-OPAO ROAD","G OUANO-END","OPAO","MANDAUE","CEBU","COMMERCIAL REGULAR","15,900.00"
"ALANG ALANG-OPAO ROAD","G OUANO-END","OPAO","MANDAUE","CEBU","COMMERCIAL REGULAR","16,800.00"
"ALANG ALANG-OPAO ROAD","G OUANO-END","OPAO","MANDAUE","CEBU","RESIDENTIAL REGULAR","11,120.00"
"ALANG ALANG-OPAO ROAD","G OUANO-END","OPAO","MANDAUE","CEBU","INDUSTRIAL","14,700.00"
"ALANG ALANG-OPAO ROAD","INTERIOR","OPAO","MANDAUE","CEBU","RESIDENTIAL REGULAR","10,420.00"
"R.A. OUANO ST. (FORMERLY ALANG ALANG-UMAPAD)","G OUANO BOUNDARY","OPAO","MANDAUE","CEBU","COMMERCIAL REGULAR","15,900.00"
"R.A. OUANO ST. (FORMERLY ALANG ALANG-UMAPAD)","G OUANO BOUNDARY","OPAO","MANDAUE","CEBU","RESIDENTIAL REGULAR","11,860.00"
"R.A. OUANO ST. (FORMERLY ALANG ALANG-UMAPAD)","G OUANO BOUNDARY","OPAO","MANDAUE","CEBU","INDUSTRIAL","14,300.00"
"R.A. OUANO ST. (FORMERLY ALANG ALANG-UMAPAD)","INTERIOR","OPAO","MANDAUE","CEBU","RESIDENTIAL REGULAR","10,540.00"
"CABAHUG PRIVATE ROAD (NOW V.B. CABAHUG ST.)","V.B. CABAHUG ST","OPAO","MANDAUE","CEBU","COMMERCIAL REGULAR","16,800.00"
"CABAHUG PRIVATE ROAD (NOW V.B. CABAHUG ST.)","V.B. CABAHUG ST","OPAO","MANDAUE","CEBU","RESIDENTIAL REGULAR","12,600.00"
"CABAHUG PRIVATE ROAD (NOW V.B. CABAHUG ST.)","V.B. CABAHUG ST","OPAO","MANDAUE","CEBU","INDUSTRIAL","14,300.00"
"CABAHUG PRIVATE ROAD (NOW V.B. CABAHUG ST.)","INTERIOR","OPAO","MANDAUE","CEBU","RESIDENTIAL REGULAR","10,830.00"
"G OUANO STREET","R.A. OUANO ST TO END OF THE ROAD","OPAO","MANDAUE","CEBU","COMMERCIAL REGULAR","16,600.00"
"G OUANO STREET","R.A. OUANO ST TO END OF THE ROAD","OPAO","MANDAUE","CEBU","RESIDENTIAL REGULAR","12,950.00"
"G OUANO STREET","R.A. OUANO ST TO END OF THE ROAD","OPAO","MANDAUE","CEBU","INDUSTRIAL","16,050.00"
"G OUANO STREET","INTERIOR","OPAO","MANDAUE","CEBU","RESIDENTIAL REGULAR","11,120.00"
"G OUANO STREET","ALANG ALANG-OPAO ROAD","OPAO","MANDAUE","CEBU","COMMERCIAL REGULAR","16,800.00"
"G OUANO STREET","ALANG ALANG-OPAO ROAD","OPAO","MANDAUE","CEBU","RESIDENTIAL REGULAR","16,010.00"
"G OUANO STREET","ALANG ALANG-OPAO ROAD","OPAO","MANDAUE","CEBU","RESIDENTIAL REGULAR","12,600.00"
"G OUANO STREET","ALANG ALANG-OPAO ROAD","OPAO","MANDAUE","CEBU","INDUSTRIAL","15,750.00"
"G OUANO STREET","INTERIOR","OPAO","MANDAUE","CEBU","RESIDENTIAL REGULAR","10,500.00"
"GRACENA","","OPAO","MANDAUE","CEBU","COMMERCIAL REGULAR","15,750.00"
"GRACENA","","OPAO","MANDAUE","CEBU","RESIDENTIAL REGULAR","11,000.00"
"GRACENA","","OPAO","MANDAUE","CEBU","INDUSTRIAL","14,130.00"
"GRACENA","","OPAO","MANDAUE","CEBU","GENERAL PURPOSES","5,250.00"
"GRACENA","INTERIOR","OPAO","MANDAUE","CEBU","RESIDENTIAL REGULAR","10,140.00"
"ACCESS ROAD BESIDE UC","G.OUANO TO A.C. CORTES AVE.","OPAO","MANDAUE","CEBU","COMMERCIAL REGULAR","16,010.00"
"ACCESS ROAD BESIDE UC","G.OUANO TO A.C. CORTES AVE.","OPAO","MANDAUE","CEBU","INDUSTRIAL","15,450.00"
"ALL OTHERS STREET","SITIOS ILOG & GRACENA","OPAO","MANDAUE","CEBU","COMMERCIAL REGULAR","14,000.00"
"ALL OTHERS STREET","SITIOS ILOG & GRACENA","OPAO","MANDAUE","CEBU","RESIDENTIAL REGULAR","10,830.00"
"ALL OTHERS STREET","SITIOS ILOG & GRACENA","OPAO","MANDAUE","CEBU","INDUSTRIAL","13,400.00"
"ALL OTHERS STREET","INTERIOR","OPAO","MANDAUE","CEBU","RESIDENTIAL REGULAR","10,250.00"
"FISH POND","","OPAO","MANDAUE","CEBU","FISHPOND","13,420.00"
"ALL SUBDIVISIONS","","OPAO","MANDAUE","CEBU","RESIDENTIAL REGULAR","11,380.00"
"H. ABELLANA STREET","TINGUB-PAGSABUNGAN","PAGSABUNGAN","MANDAUE","CEBU","RESIDENTIAL REGULAR","27,550.00"
"H. ABELLANA STREET","TINGUB-PAGSABUNGAN","PAGSABUNGAN","MANDAUE","CEBU","COMMERCIAL REGULAR","21,000.00"
"H. ABELLANA STREET","TINGUB-PAGSABUNGAN","PAGSABUNGAN","MANDAUE","CEBU","RESIDENTIAL REGULAR","16,800.00"
"H. ABELLANA STREET","TINGUB-PAGSABUNGAN","PAGSABUNGAN","MANDAUE","CEBU","INDUSTRIAL","27,550.00"
"H. ABELLANA STREET","INTERIOR","PAGSABUNGAN","MANDAUE","CEBU","RESIDENTIAL REGULAR","8,000.00"
"H. ABELLANA  EXTENSION","","PAGSABUNGAN","MANDAUE","CEBU","COMMERCIAL REGULAR","18,500.00"
"H. ABELLANA  EXTENSION","","PAGSABUNGAN","MANDAUE","CEBU","RESIDENTIAL REGULAR","10,750.00"
"H. ABELLANA  EXTENSION","","PAGSABUNGAN","MANDAUE","CEBU","INDUSTRIAL","25,050.00"
"H. ABELLANA  EXTENSION","INTERIOR","PAGSABUNGAN","MANDAUE","CEBU","RESIDENTIAL REGULAR","12,500.00"
"B. SUICO STREET","BDRY P. SANCHEZ ST-BRGY TINGUB","PAGSABUNGAN","MANDAUE","CEBU","COMMERCIAL REGULAR","21,550.00"
"B. SUICO STREET","BDRY P. SANCHEZ ST-BRGY TINGUB","PAGSABUNGAN","MANDAUE","CEBU","RESIDENTIAL REGULAR","15,250.00"
"B. SUICO STREET","BDRY P. SANCHEZ ST-BRGY TINGUB","PAGSABUNGAN","MANDAUE","CEBU","INDUSTRIAL","25,350.00"
"B. SUICO STREET","INTERIOR","PAGSABUNGAN","MANDAUE","CEBU","RESIDENTIAL REGULAR","9,900.00"
"P. SANCHEZ (FORMERLY  PAGSABUNGAN ROAD)","BDRY-TINGUB-PAGSABUNGAN RD","PAGSABUNGAN","MANDAUE","CEBU","COMMERCIAL REGULAR","17,500.00"
"P. SANCHEZ (FORMERLY  PAGSABUNGAN ROAD)","BDRY-TINGUB-PAGSABUNGAN RD","PAGSABUNGAN","MANDAUE","CEBU","RESIDENTIAL REGULAR","15,250.00"
"P. SANCHEZ (FORMERLY  PAGSABUNGAN ROAD)","BDRY-TINGUB-PAGSABUNGAN RD","PAGSABUNGAN","MANDAUE","CEBU","INDUSTRIAL","27,300.00"
"P. SANCHEZ (FORMERLY  PAGSABUNGAN ROAD)","INTERIOR","PAGSABUNGAN","MANDAUE","CEBU","RESIDENTIAL REGULAR","9,700.00"
"JA CABAHUG STREET","","PAGSABUNGAN","MANDAUE","CEBU","RESIDENTIAL REGULAR","26,150.00"
"JA CABAHUG STREET","","PAGSABUNGAN","MANDAUE","CEBU","COMMERCIAL REGULAR","20,600.00"
"JA CABAHUG STREET","","PAGSABUNGAN","MANDAUE","CEBU","RESIDENTIAL REGULAR","14,400.00"
"JA CABAHUG STREET","","PAGSABUNGAN","MANDAUE","CEBU","INDUSTRIAL","26,150.00"
"JA CABAHUG STREET","INTERIOR","PAGSABUNGAN","MANDAUE","CEBU","RESIDENTIAL REGULAR","10,700.00"
"S TOLING STREET","","PAGSABUNGAN","MANDAUE","CEBU","COMMERCIAL REGULAR","20,350.00"
"S TOLING STREET","","PAGSABUNGAN","MANDAUE","CEBU","RESIDENTIAL REGULAR","12,650.00"
"S TOLING STREET","","PAGSABUNGAN","MANDAUE","CEBU","INDUSTRIAL","23,050.00"
"S TOLING STREET","INTERIOR","PAGSABUNGAN","MANDAUE","CEBU","RESIDENTIAL REGULAR","8,950.00"
"TINGUB-PAGSABUNGAN","BDRY-ABELLANA","PAGSABUNGAN","MANDAUE","CEBU","COMMERCIAL REGULAR","15,500.00"
"TINGUB-PAGSABUNGAN","BDRY-ABELLANA","PAGSABUNGAN","MANDAUE","CEBU","RESIDENTIAL REGULAR","9,850.00"
"TINGUB-PAGSABUNGAN","BDRY-ABELLANA","PAGSABUNGAN","MANDAUE","CEBU","INDUSTRIAL","17,000.00"
"TINGUB-PAGSABUNGAN","INTERIOR","PAGSABUNGAN","MANDAUE","CEBU","RESIDENTIAL REGULAR","6,250.00"
"Z. ESTRERAS ST.","","PAGSABUNGAN","MANDAUE","CEBU","COMMERCIAL REGULAR","20,100.00"
"Z. ESTRERAS ST.","","PAGSABUNGAN","MANDAUE","CEBU","RESIDENTIAL REGULAR","12,900.00"
"Z. ESTRERAS ST.","","PAGSABUNGAN","MANDAUE","CEBU","INDUSTRIAL","22,800.00"
"Z. ESTRERAS ST.","INTERIOR","PAGSABUNGAN","MANDAUE","CEBU","RESIDENTIAL REGULAR","8,950.00"
"C. CONGSON ST","BASAK BOUNDARY TO B. SUICO ST.","PAGSABUNGAN","MANDAUE","CEBU","RESIDENTIAL REGULAR","23,250.00"
"C. CONGSON ST","BASAK BOUNDARY TO B. SUICO ST.","PAGSABUNGAN","MANDAUE","CEBU","COMMERCIAL REGULAR","13,750.00"
"C. CONGSON ST","BASAK BOUNDARY TO B. SUICO ST.","PAGSABUNGAN","MANDAUE","CEBU","RESIDENTIAL REGULAR","9,850.00"
"C. CONGSON ST","BASAK BOUNDARY TO B. SUICO ST.","PAGSABUNGAN","MANDAUE","CEBU","INDUSTRIAL","17,500.00"
"GREEN VIEW SUBD","","PAGSABUNGAN","MANDAUE","CEBU","RESIDENTIAL REGULAR","23,250.00"
"DCP TOWNHOMES (TCT)","","PAGSABUNGAN","MANDAUE","CEBU","RESIDENTIAL REGULAR","17,350.00"
"FATIMA VALLEY SUBD","","PAGSABUNGAN","MANDAUE","CEBU","RESIDENTIAL REGULAR","17,350.00"
"HERMAG VILLAGE SUBD","","PAGSABUNGAN","MANDAUE","CEBU","RESIDENTIAL REGULAR","17,350.00"
"HILLSIDE SUBDIVISION","","PAGSABUNGAN","MANDAUE","CEBU","RESIDENTIAL REGULAR","17,350.00"
"HOLY SPIRIT VILLAGE SUBD","","PAGSABUNGAN","MANDAUE","CEBU","RESIDENTIAL REGULAR","17,350.00"
"RAJAH TOWNHOMES (TCT)","","PAGSABUNGAN","MANDAUE","CEBU","RESIDENTIAL REGULAR","17,750.00"
"RAYMONDVILLE SUBD","","PAGSABUNGAN","MANDAUE","CEBU","RESIDENTIAL REGULAR","18,750.00"
"SAN ROQUE VILLAGE SUBD","","PAGSABUNGAN","MANDAUE","CEBU","RESIDENTIAL REGULAR","17,350.00"
"SAN MIGUEL VILLAGE (PH 2)","","PAGSABUNGAN","MANDAUE","CEBU","RESIDENTIAL REGULAR","17,350.00"
"SOCORRO VILLAGE","","PAGSABUNGAN","MANDAUE","CEBU","RESIDENTIAL REGULAR","16,000.00"
"STERO TOWNHOUSE (TCT)","","PAGSABUNGAN","MANDAUE","CEBU","RESIDENTIAL REGULAR","17,690.00"
"SAMANTHA'S PLACE","","PAGSABUNGAN","MANDAUE","CEBU","RESIDENTIAL REGULAR","17,350.00"
"PEREVILLE SUBDIVISION","","PAGSABUNGAN","MANDAUE","CEBU","RESIDENTIAL REGULAR","127,500.00"
"PEREVILLE SUBDIVISION","","PAGSABUNGAN","MANDAUE","CEBU","RESIDENTIAL REGULAR","17,750.00"
"GRANDLAND SUBDIVISION","","PAGSABUNGAN","MANDAUE","CEBU","RESIDENTIAL REGULAR","18,750.00"
"BLOQ SOHO LOFT CONDOMINIUM / RFK HOLDINGS INC.","","PAGSABUNGAN","MANDAUE","CEBU","RESIDENTIAL CONDOMINIUM","127,500.00"
"CLS SUBD.","","PAGSABUNGAN","MANDAUE","CEBU","RESIDENTIAL REGULAR","21,550.00"
"ALL OTHER SUBDIVISIONS","","PAGSABUNGAN","MANDAUE","CEBU","RESIDENTIAL REGULAR","17,350.00"
"CEBU NORTH ROAD, HI-WAY","BUTUANON RIVER","PAKNA-AN","MANDAUE","CEBU","COMMERCIAL REGULAR","42,000.00"
"CEBU NORTH ROAD, HI-WAY","BUTUANON RIVER","PAKNA-AN","MANDAUE","CEBU","RESIDENTIAL REGULAR","18,900.00"
"CEBU NORTH ROAD, HI-WAY","BUTUANON RIVER","PAKNA-AN","MANDAUE","CEBU","INDUSTRIAL","26,250.00"
"CEBU NORTH ROAD, HI-WAY","INTERIOR","PAKNA-AN","MANDAUE","CEBU","RESIDENTIAL REGULAR","13,125.00"
"ZONE OKRA","","PAKNA-AN","MANDAUE","CEBU","RESIDENTIAL REGULAR","13,125.00"
"ZONE SIKWA","","PAKNA-AN","MANDAUE","CEBU","RESIDENTIAL REGULAR","13,125.00"
"S. E. JAYME STREET","BRY LABOGON","PAKNA-AN","MANDAUE","CEBU","COMMERCIAL REGULAR","16,800.00"
"S. E. JAYME STREET","","PAKNA-AN","MANDAUE","CEBU","RESIDENTIAL REGULAR","10,815.00"
"S. E. JAYME STREET","","PAKNA-AN","MANDAUE","CEBU","INDUSTRIAL","12,600.00"
"S. E. JAYME STREET","INTERIOR","PAKNA-AN","MANDAUE","CEBU","RESIDENTIAL REGULAR","9,870.00"
"ZONE PALIYA","","PAKNA-AN","MANDAUE","CEBU","RESIDENTIAL REGULAR","6,825.00"
"ZONE MONGGO","SUNPRIDE","PAKNA-AN","MANDAUE","CEBU","INDUSTRIAL","26,250.00"
"ZONE MONGGO","SUNPRIDE","PAKNA-AN","MANDAUE","CEBU","INDUSTRIAL","21,000.00"
"ZONE SAYOTE","UNIVERSAL ROBINA ( UR ) CORNER","PAKNA-AN","MANDAUE","CEBU","INDUSTRIAL","21,000.00"
"ZONE KALABASA","SHEMBERG MARKETING","PAKNA-AN","MANDAUE","CEBU","INDUSTRIAL","21,000.00"
"ZONE PECHAY","STO NINO PARISH","PAKNA-AN","MANDAUE","CEBU","RESIDENTIAL REGULAR","6,825.00"
"ZONE PECHAY","KINGS QUALITY FOOD","PAKNA-AN","MANDAUE","CEBU","INDUSTRIAL","21,000.00"
"ZONE GABI","","PAKNA-AN","MANDAUE","CEBU","RESIDENTIAL REGULAR","6,825.00"
"ZONE KAMUNGGAY","PAKNA-AN ELEMENTARY SCHOOL","PAKNA-AN","MANDAUE","CEBU","RESIDENTIAL REGULAR","6,825.00"
"ZONE REPOLYO","","PAKNA-AN","MANDAUE","CEBU","RESIDENTIAL REGULAR","6,825.00"
"ZONE UBI","PAKNA-AN BARANGAY HALL","PAKNA-AN","MANDAUE","CEBU","RESIDENTIAL REGULAR","6,825.00"
"ZONE TAMATE","CTSI LOGISTICS/PAKNA-AN CENTRAL","PAKNA-AN","MANDAUE","CEBU","INDUSTRIAL","21,000.00"
"ZONE KAMOTE","FAITHHOPE INDUSTRIES, INC.","PAKNA-AN","MANDAUE","CEBU","INDUSTRIAL","21,000.00"
"ARTEMIO SANCHEZ STREET","UNIVERSAL ROBINA ( UR ) CORNER","PAKNA-AN","MANDAUE","CEBU","COMMERCIAL REGULAR","21,000.00"
"ZONE CARROTS","","PAKNA-AN","MANDAUE","CEBU","RESIDENTIAL REGULAR","12,600.00"
"PLARIDEL STREET","BUTUANON RIVER TO CANSAGA","PAKNA-AN","MANDAUE","CEBU","COMMERCIAL REGULAR","26,250.00"
"PLARIDEL STREET","INTERIOR","PAKNA-AN","MANDAUE","CEBU","RESIDENTIAL REGULAR","10,500.00"
"ZONE AGBATI","","PAKNA-AN","MANDAUE","CEBU","INDUSTRIAL","21,000.00"
"ZONE TANGKONG","NEAR URATEX FOAM","PAKNA-AN","MANDAUE","CEBU","COMMERCIAL REGULAR","26,250.00"
"ZONE CAMANSI","","PAKNA-AN","MANDAUE","CEBU","RESIDENTIAL REGULAR","10,500.00"
"ZONE SIBUYAS","","PAKNA-AN","MANDAUE","CEBU","RESIDENTIAL REGULAR","10,500.00"
"KAGAPE ROAD","","PAKNA-AN","MANDAUE","CEBU","COMMERCIAL REGULAR","12,600.00"
"KAGAPE ROAD","","PAKNA-AN","MANDAUE","CEBU","RESIDENTIAL REGULAR","10,500.00"
"KAGAPE ROAD","","PAKNA-AN","MANDAUE","CEBU","INDUSTRIAL","12,600.00"
"KAGAPE ROAD","INTERIOR","PAKNA-AN","MANDAUE","CEBU","RESIDENTIAL REGULAR","6,825.00"
"SITIO CAMBOGAONG","","PAKNA-AN","MANDAUE","CEBU","COMMERCIAL REGULAR","12,600.00"
"SITIO CAMBOGAONG","","PAKNA-AN","MANDAUE","CEBU","RESIDENTIAL REGULAR","8,715.00"
"SITIO CAMBOGAONG","","PAKNA-AN","MANDAUE","CEBU","INDUSTRIAL","12,600.00"
"SITIO CAMBOGAONG","INTERIOR","PAKNA-AN","MANDAUE","CEBU","RESIDENTIAL REGULAR","6,825.00"
"ALL OTHERS STREETS","","PAKNA-AN","MANDAUE","CEBU","COMMERCIAL REGULAR","10,500.00"
"ALL OTHERS STREETS","","PAKNA-AN","MANDAUE","CEBU","RESIDENTIAL REGULAR","8,400.00"
"ALL OTHERS STREETS","","PAKNA-AN","MANDAUE","CEBU","INDUSTRIAL","9,450.00"
"ALL OTHERS STREETS","INTERIOR","PAKNA-AN","MANDAUE","CEBU","RESIDENTIAL REGULAR","6,300.00"
"ROAD TO SUNPRIDE (NEW BLDG.)","DOWN FOOT OF CANSAGA BAY BRIDGE","PAKNA-AN","MANDAUE","CEBU","COMMERCIAL REGULAR","15,750.00"
"FISH POND","","PAKNA-AN","MANDAUE","CEBU","COMMERCIAL REGULAR","150,000.00"
"FISH POND","","PAKNA-AN","MANDAUE","CEBU","FISHPOND","6,825.00"
"STO NINO SUBDIVISION","","PAKNA-AN","MANDAUE","CEBU","RESIDENTIAL REGULAR","15,750.00"
"EAST COVINA SUBDIVISION","CALDEROHAN","PAKNA-AN","MANDAUE","CEBU","RESIDENTIAL REGULAR","16,800.00"
"BREANNA HOMES","","PAKNA-AN","MANDAUE","CEBU","RESIDENTIAL REGULAR","15,750.00"
"ALL OTHER SUBDIVISION","","PAKNA-AN","MANDAUE","CEBU","RESIDENTIAL REGULAR","14,700.00"
"A. OUANO AVENUE (RECLAMATION AREA)","BRGY. TIPOLO & MANTUYONG TO CEBU CITY","SUBANGDAKU","MANDAUE","CEBU","COMMERCIAL REGULAR","150,000.00"
"A. OUANO AVENUE (RECLAMATION AREA)","INTERIOR","SUBANGDAKU","MANDAUE","CEBU","RESIDENTIAL REGULAR","48,350.00"
"F.E. ZUELIG ST. (RECLAMATION AREA)","BRGY. MANTUYONG & CENTRO - MOONLIGHT ST.","SUBANGDAKU","MANDAUE","CEBU","COMMERCIAL REGULAR","100,000.00"
"F.E. ZUELIG ST. (RECLAMATION AREA)","INTERIOR","SUBANGDAKU","MANDAUE","CEBU","RESIDENTIAL REGULAR","47,850.00"
"F.E. ZUELIG ST. (RECLAMATION AREA)","FROM MOONLIGHT ST. TO CEBU CITY BOUNDARY","SUBANGDAKU","MANDAUE","CEBU","COMMERCIAL REGULAR","87,500.00"
"F.E. ZUELIG ST. (RECLAMATION AREA)","INTERIOR","SUBANGDAKU","MANDAUE","CEBU","RESIDENTIAL REGULAR","44,800.00"
"E.O. PEREZ ST. (RECLAMATION AREA)","M. LOGARTA ST. TO F.E. ZUELIG ST.","SUBANGDAKU","MANDAUE","CEBU","COMMERCIAL REGULAR","77,500.00"
"E.O. PEREZ ST. (RECLAMATION AREA)","INTERIOR","SUBANGDAKU","MANDAUE","CEBU","RESIDENTIAL REGULAR","41,400.00"
"W.O. SENO ST. (MOONLIGHT RD.) (RECLAMATION AREA)","BOUNDARY OF BARANGAY TIPOLO TO OUANO AVENUE","SUBANGDAKU","MANDAUE","CEBU","COMMERCIAL REGULAR","75,000.00"
"W.O. SENO ST. (MOONLIGHT RD.) (RECLAMATION AREA)","INTERIOR","SUBANGDAKU","MANDAUE","CEBU","RESIDENTIAL REGULAR","35,000.00"
"M. LOGARTA ST. (RECLAMATION AREA)","G. LOPEZ JAENA ST. TO CEBU CITY BOUNDARY","SUBANGDAKU","MANDAUE","CEBU","COMMERCIAL REGULAR","100,000.00"
"M. LOGARTA ST. (RECLAMATION AREA)","INTERIOR","SUBANGDAKU","MANDAUE","CEBU","INDUSTRIAL","62,500.00"
"M. LOGARTA ST. (RECLAMATION AREA)","INTERIOR","SUBANGDAKU","MANDAUE","CEBU","RESIDENTIAL REGULAR","40,000.00"
"G. LOPEZ JAENA ST. (NATIONAL HIGHWAY) (ALSO KNOWN:  CEBU NORTH ROAD)","FROM CEBU CITY BOUNDARY TO BARANGAY TIPOLO","SUBANGDAKU","MANDAUE","CEBU","COMMERCIAL REGULAR","62,500.00"
"G. LOPEZ JAENA ST. (NATIONAL HIGHWAY) (ALSO KNOWN:  CEBU NORTH ROAD)","FROM CEBU CITY BOUNDARY TO BARANGAY TIPOLO","SUBANGDAKU","MANDAUE","CEBU","RESIDENTIAL REGULAR","30,000.00"
"G. LOPEZ JAENA ST. (NATIONAL HIGHWAY) (ALSO KNOWN:  CEBU NORTH ROAD)","FROM CEBU CITY BOUNDARY TO BARANGAY TIPOLO","SUBANGDAKU","MANDAUE","CEBU","INDUSTRIAL","40,000.00"
"G. LOPEZ JAENA ST. (NATIONAL HIGHWAY) (ALSO KNOWN:  CEBU NORTH ROAD)","INTERIOR","SUBANGDAKU","MANDAUE","CEBU","RESIDENTIAL REGULAR","23,100.00"
"HERNAN CORTES ST.","BOUNDARY OF BARANGAY TIPOLO TO G. LOPEZ JAENA ST.","SUBANGDAKU","MANDAUE","CEBU","COMMERCIAL REGULAR","47,500.00"
"HERNAN CORTES ST.","BOUNDARY OF BARANGAY TIPOLO TO G. LOPEZ JAENA ST.","SUBANGDAKU","MANDAUE","CEBU","RESIDENTIAL REGULAR","35,000.00"
"HERNAN CORTES ST.","BOUNDARY OF BARANGAY TIPOLO TO G. LOPEZ JAENA ST.","SUBANGDAKU","MANDAUE","CEBU","INDUSTRIAL","38,000.00"
"HERNAN CORTES ST.","INTERIOR","SUBANGDAKU","MANDAUE","CEBU","RESIDENTIAL REGULAR","20,550.00"
"S.O. ALBANO ST.","G. LOPEZ JAENA ST. TO M. LOGARTA ST.","SUBANGDAKU","MANDAUE","CEBU","COMMERCIAL REGULAR","37,500.00"
"S.O. ALBANO ST.","G. LOPEZ JAENA ST. TO M. LOGARTA ST.","SUBANGDAKU","MANDAUE","CEBU","RESIDENTIAL REGULAR","22,250.00"
"S.O. ALBANO ST.","G. LOPEZ JAENA ST. TO M. LOGARTA ST.","SUBANGDAKU","MANDAUE","CEBU","INDUSTRIAL","30,000.00"
"S.O. ALBANO ST.","INTERIOR","SUBANGDAKU","MANDAUE","CEBU","RESIDENTIAL REGULAR","20,000.00"
"SINGSON ROAD","G. LOPEZ JAENA ST. TO SINGSON SUBDIVISION","SUBANGDAKU","MANDAUE","CEBU","COMMERCIAL REGULAR","37,500.00"
"SINGSON ROAD","G. LOPEZ JAENA ST. TO SINGSON SUBDIVISION","SUBANGDAKU","MANDAUE","CEBU","RESIDENTIAL REGULAR","21,350.00"
"SINGSON ROAD","G. LOPEZ JAENA ST. TO SINGSON SUBDIVISION","SUBANGDAKU","MANDAUE","CEBU","INDUSTRIAL","31,750.00"
"SINGSON ROAD","INTERIOR","SUBANGDAKU","MANDAUE","CEBU","COMMERCIAL CONDOMINIUM","155,050.00"
"SINGSON ROAD","INTERIOR","SUBANGDAKU","MANDAUE","CEBU","RESIDENTIAL REGULAR","16,500.00"
"F. CABAHUG ST.","H. CORTES ST. MAHIGA CREEK","SUBANGDAKU","MANDAUE","CEBU","COMMERCIAL REGULAR","45,000.00"
"F. CABAHUG ST.","H. CORTES ST. MAHIGA CREEK","SUBANGDAKU","MANDAUE","CEBU","RESIDENTIAL REGULAR","25,750.00"
"F. CABAHUG ST.","H. CORTES ST. MAHIGA CREEK","SUBANGDAKU","MANDAUE","CEBU","INDUSTRIAL","35,500.00"
"F. CABAHUG ST.","INTERIOR","SUBANGDAKU","MANDAUE","CEBU","RESIDENTIAL REGULAR","20,650.00"
"GOTHONG ROAD","F.CABAHUG ST. TO END OF THE ROAD","SUBANGDAKU","MANDAUE","CEBU","COMMERCIAL REGULAR","30,000.00"
"GOTHONG ROAD","F.CABAHUG ST. TO END OF THE ROAD","SUBANGDAKU","MANDAUE","CEBU","RESIDENTIAL REGULAR","18,500.00"
"GOTHONG ROAD","F.CABAHUG ST. TO END OF THE ROAD","SUBANGDAKU","MANDAUE","CEBU","INDUSTRIAL","25,250.00"
"GOTHONG ROAD","INTERIOR","SUBANGDAKU","MANDAUE","CEBU","RESIDENTIAL REGULAR","12,750.00"
"SAN VICENTE VILLAGE","","SUBANGDAKU","MANDAUE","CEBU","RESIDENTIAL REGULAR","26,250.00"
"SINGSON VILLAGE","","SUBANGDAKU","MANDAUE","CEBU","RESIDENTIAL REGULAR","21,950.00"
"GENTLE BREEZE SUBDIVISION","","SUBANGDAKU","MANDAUE","CEBU","RESIDENTIAL REGULAR","24,050.00"
"ALL OTHER SUBDIVISIONS","","SUBANGDAKU","MANDAUE","CEBU","RESIDENTIAL REGULAR","18,500.00"
"MY VAN CITY SCAPE TOWER","","SUBANGDAKU","MANDAUE","CEBU","COMMERCIAL CONDOMINIUM","133,700.00"
"MY VAN CITY SCAPE TOWER","","SUBANGDAKU","MANDAUE","CEBU","RESIDENTIAL CONDOMINIUM","117,500.00"
"BAMBOO BAY COMMUNITY TOWER 1 (CONTEMPO PROPERTY HOLDINGS, INC.)","","SUBANGDAKU","MANDAUE","CEBU","COMMERCIAL CONDOMINIUM","155,050.00"
"BAMBOO BAY COMMUNITY TOWER 1 (CONTEMPO PROPERTY HOLDINGS, INC.)","","SUBANGDAKU","MANDAUE","CEBU","RESIDENTIAL CONDOMINIUM","175,000.00"
"BAMBOO BAY COMMUNITY TOWER 1 (CONTEMPO PROPERTY HOLDINGS, INC.)","","SUBANGDAKU","MANDAUE","CEBU","RESIDENTIAL CONDOMINIUM","140,250.00"
"BAMBOO BAY COMMUNITY TOWER 1 (CONTEMPO PROPERTY HOLDINGS, INC.)","","SUBANGDAKU","MANDAUE","CEBU","PARKING SLOT","81,000.00"
"BAMBOO BAY COMMUNITY TOWER 2","","SUBANGDAKU","MANDAUE","CEBU","COMMERCIAL CONDOMINIUM","142,500.00"
"BAMBOO BAY COMMUNITY TOWER 2","","SUBANGDAKU","MANDAUE","CEBU","RESIDENTIAL CONDOMINIUM","132,500.00"
"BAMBOO BAY COMMUNITY TOWER 2","","SUBANGDAKU","MANDAUE","CEBU","PARKING SLOT","80,250.00"
"BAMBOO BAY COMMUNITY TOWER 3","","SUBANGDAKU","MANDAUE","CEBU","COMMERCIAL CONDOMINIUM","148,300.00"
"BAMBOO BAY COMMUNITY TOWER 3","","SUBANGDAKU","MANDAUE","CEBU","RESIDENTIAL CONDOMINIUM","137,500.00"
"BAMBOO BAY COMMUNITY TOWER 3","","SUBANGDAKU","MANDAUE","CEBU","PARKING SLOT","80,550.00"
"MANDANI BAY TOWER (CONDOMINIUM)","","SUBANGDAKU","MANDAUE","CEBU","COMMERCIAL CONDOMINIUM","175,000.00"
"MANDANI BAY TOWER (CONDOMINIUM)","","SUBANGDAKU","MANDAUE","CEBU","RESIDENTIAL CONDOMINIUM","150,000.00"
"MANDANI BAY TOWER (CONDOMINIUM)","","SUBANGDAKU","MANDAUE","CEBU","PARKING SLOT","90,000.00"
"IRON WOOD PROPERTY VENTURES CORP. (CONDOMINIUM)","","SUBANGDAKU","MANDAUE","CEBU","COMMERCIAL CONDOMINIUM","127,500.00"
"IRON WOOD PROPERTY VENTURES CORP. (CONDOMINIUM)","","SUBANGDAKU","MANDAUE","CEBU","RESIDENTIAL CONDOMINIUM","104,750.00"
"IRON WOOD PROPERTY VENTURES CORP. (CONDOMINIUM)","","SUBANGDAKU","MANDAUE","CEBU","PARKING SLOT","70,000.00"
"ALL OTHER CONDOMINIUM","","SUBANGDAKU","MANDAUE","CEBU","COMMERCIAL CONDOMINIUM","133,000.00"
"ALL OTHER CONDOMINIUM","","SUBANGDAKU","MANDAUE","CEBU","RESIDENTIAL CONDOMINIUM","119,600.00"
"ALL OTHER CONDOMINIUM","","SUBANGDAKU","MANDAUE","CEBU","INDUSTRIAL","72,150.00"
"ALL OTHER CONDOMINIUM","","SUBANGDAKU","MANDAUE","CEBU","PARKING SLOT","72,150.00"
"CEBU NORTH ROAD (JOSE RIZAL ST.) -NATIONAL HIGHWAY","FROM BUTUANON RIVER TO BOUNDARY OF BARANGAY BASAK (BASAK ELEM. SCHOOL)","TABOK","MANDAUE","CEBU","COMMERCIAL REGULAR","41,000.00"
"CEBU NORTH ROAD (JOSE RIZAL ST.) -NATIONAL HIGHWAY","FROM BUTUANON RIVER TO BOUNDARY OF BARANGAY BASAK (BASAK ELEM. SCHOOL)","TABOK","MANDAUE","CEBU","RESIDENTIAL REGULAR","19,750.00"
"CEBU NORTH ROAD (JOSE RIZAL ST.) -NATIONAL HIGHWAY","FROM BUTUANON RIVER TO BOUNDARY OF BARANGAY BASAK (BASAK ELEM. SCHOOL)","TABOK","MANDAUE","CEBU","INDUSTRIAL","25,630.00"
"CEBU NORTH ROAD (JOSE RIZAL ST.) -NATIONAL HIGHWAY","INTERIOR","TABOK","MANDAUE","CEBU","RESIDENTIAL REGULAR","15,000.00"
"P.S. SUICO STREET","JOSE RIZAL STREET TO B. SUICO STREET","TABOK","MANDAUE","CEBU","COMMERCIAL REGULAR","20,290.00"
"P.S. SUICO STREET","JOSE RIZAL STREET TO B. SUICO STREET","TABOK","MANDAUE","CEBU","RESIDENTIAL REGULAR","12,490.00"
"P.S. SUICO STREET","JOSE RIZAL STREET TO B. SUICO STREET","TABOK","MANDAUE","CEBU","INDUSTRIAL","16,550.00"
"P.S. SUICO STREET","INTERIOR","TABOK","MANDAUE","CEBU","RESIDENTIAL REGULAR","9,420.00"
"B. SUICO STREET","P.S. SUICO STREET TO BOUNDARY OF BARANGAY TINGUB","TABOK","MANDAUE","CEBU","COMMERCIAL REGULAR","19,260.00"
"B. SUICO STREET","P.S. SUICO STREET TO BOUNDARY OF BARANGAY TINGUB","TABOK","MANDAUE","CEBU","RESIDENTIAL REGULAR","11,080.00"
"B. SUICO STREET","P.S. SUICO STREET TO BOUNDARY OF BARANGAY TINGUB","TABOK","MANDAUE","CEBU","INDUSTRIAL","16,400.00"
"B. SUICO STREET","INTERIOR","TABOK","MANDAUE","CEBU","RESIDENTIAL REGULAR","7,570.00"
"Z. ESTRERA STREET (FORMERLY MABUGAT ROAD)","P.S. SUICO STREET TO PALMA VERDES SUBDIVISION","TABOK","MANDAUE","CEBU","COMMERCIAL REGULAR","17,220.00"
"Z. ESTRERA STREET (FORMERLY MABUGAT ROAD)","P.S. SUICO STREET TO PALMA VERDES SUBDIVISION","TABOK","MANDAUE","CEBU","RESIDENTIAL REGULAR","10,440.00"
"Z. ESTRERA STREET (FORMERLY MABUGAT ROAD)","P.S. SUICO STREET TO PALMA VERDES SUBDIVISION","TABOK","MANDAUE","CEBU","INDUSTRIAL","14,100.00"
"Z. ESTRERA STREET (FORMERLY MABUGAT ROAD)","INTERIOR","TABOK","MANDAUE","CEBU","RESIDENTIAL REGULAR","19,630.00"
"Z. ESTRERA STREET (FORMERLY MABUGAT ROAD)","INTERIOR","TABOK","MANDAUE","CEBU","RESIDENTIAL REGULAR","8,200.00"
"P.C. SUICO STREET","P.S. SUICO STREET TO B. SUICO STREET","TABOK","MANDAUE","CEBU","COMMERCIAL REGULAR","19,630.00"
"P.C. SUICO STREET","P.S. SUICO STREET TO B. SUICO STREET","TABOK","MANDAUE","CEBU","RESIDENTIAL REGULAR","10,700.00"
"P.C. SUICO STREET","P.S. SUICO STREET TO B. SUICO STREET","TABOK","MANDAUE","CEBU","INDUSTRIAL","16,400.00"
"P.C. SUICO STREET","INTERIOR","TABOK","MANDAUE","CEBU","RESIDENTIAL REGULAR","8,050.00"
"E.J. DIMPAS STREET","JOSE RIZAL STREET TO HERMAG SUBDIVISION","TABOK","MANDAUE","CEBU","COMMERCIAL REGULAR","18,550.00"
"E.J. DIMPAS STREET","JOSE RIZAL STREET TO HERMAG SUBDIVISION","TABOK","MANDAUE","CEBU","RESIDENTIAL REGULAR","10,590.00"
"E.J. DIMPAS STREET","JOSE RIZAL STREET TO HERMAG SUBDIVISION","TABOK","MANDAUE","CEBU","INDUSTRIAL","15,600.00"
"E.J. DIMPAS STREET","INTERIOR","TABOK","MANDAUE","CEBU","RESIDENTIAL REGULAR","8,110.00"
"ALL OTHER STREETS","","TABOK","MANDAUE","CEBU","COMMERCIAL REGULAR","14,550.00"
"ALL OTHER STREETS","","TABOK","MANDAUE","CEBU","RESIDENTIAL REGULAR","8,880.00"
"ALL OTHER STREETS","","TABOK","MANDAUE","CEBU","INDUSTRIAL","12,510.00"
"ALL OTHER STREETS","INTERIOR","TABOK","MANDAUE","CEBU","RESIDENTIAL REGULAR","7,190.00"
"HERMAG VILLAGE","","TABOK","MANDAUE","CEBU","RESIDENTIAL REGULAR","13,790.00"
"RICHMOND SUBDIVISION","","TABOK","MANDAUE","CEBU","RESIDENTIAL REGULAR","15,380.00"
"PALMAS VERDES","","TABOK","MANDAUE","CEBU","RESIDENTIAL REGULAR","12,850.00"
"PALMERA HOMES","","TABOK","MANDAUE","CEBU","GENERAL PURPOSES","12,600.00"
"PALMERA HOMES","","TABOK","MANDAUE","CEBU","RESIDENTIAL REGULAR","12,600.00"
"PALM HEIGHTS","","TABOK","MANDAUE","CEBU","RESIDENTIAL REGULAR","12,600.00"
"QUEENLY HOMES","","TABOK","MANDAUE","CEBU","RESIDENTIAL REGULAR","12,380.00"
"ALL OTHER SUBDIVISIONS","","TABOK","MANDAUE","CEBU","RESIDENTIAL REGULAR","10,910.00"
"TAWASON - TALAMBAN ROAD","CANDUMAN-BOUNDARY","TAWASON","MANDAUE","CEBU","COMMERCIAL REGULAR","10,250.00"
"TAWASON - TALAMBAN ROAD","CANDUMAN-BOUNDARY","TAWASON","MANDAUE","CEBU","RESIDENTIAL REGULAR","5,400.00"
"TAWASON - TALAMBAN ROAD","CANDUMAN-BOUNDARY","TAWASON","MANDAUE","CEBU","INDUSTRIAL","7,200.00"
"TAWASON - TALAMBAN ROAD","INTERIOR","TAWASON","MANDAUE","CEBU","RESIDENTIAL REGULAR","3,640.00"
"TAWASON - CANDUMAN ROAD","TALAMBAN-BOUNDARY","TAWASON","MANDAUE","CEBU","COMMERCIAL REGULAR","7,690.00"
"TAWASON - CANDUMAN ROAD","TALAMBAN-BOUNDARY","TAWASON","MANDAUE","CEBU","GENERAL PURPOSES","4,440.00"
"TAWASON - CANDUMAN ROAD","INTERIOR","TAWASON","MANDAUE","CEBU","RESIDENTIAL REGULAR","5,880.00"
"TAWASON ROAD","GERVASIO SENO ST. TO CEBU CITY BOUNDARY","TAWASON","MANDAUE","CEBU","COMMERCIAL REGULAR","8,450.00"
"TAWASON ROAD","GERVASIO SENO ST. TO CEBU CITY BOUNDARY","TAWASON","MANDAUE","CEBU","RESIDENTIAL REGULAR","4,320.00"
"TAWASON ROAD","GERVASIO SENO ST. TO CEBU CITY BOUNDARY","TAWASON","MANDAUE","CEBU","INDUSTRIAL","6,750.00"
"TAWASON ROAD","INTERIOR","TAWASON","MANDAUE","CEBU","RESIDENTIAL REGULAR","3,680.00"
"TAWASON ROAD","","TAWASON","MANDAUE","CEBU","GENERAL PURPOSES","3,600.00"
"TAWASON CASILI ROAD","GERVASIO SENO ST. TO CASILI-KAPASANAN ROAD","TAWASON","MANDAUE","CEBU","RESIDENTIAL REGULAR","27,500.00"
"TAWASON CASILI ROAD","GERVASIO SENO ST. TO CASILI-KAPASANAN ROAD","TAWASON","MANDAUE","CEBU","COMMERCIAL REGULAR","7,580.00"
"TAWASON CASILI ROAD","GERVASIO SENO ST. TO CASILI-KAPASANAN ROAD","TAWASON","MANDAUE","CEBU","RESIDENTIAL REGULAR","4,200.00"
"TAWASON CASILI ROAD","GERVASIO SENO ST. TO CASILI-KAPASANAN ROAD","TAWASON","MANDAUE","CEBU","INDUSTRIAL","6,080.00"
"TAWASON CASILI ROAD","INTERIOR","TAWASON","MANDAUE","CEBU","RESIDENTIAL REGULAR","3,150.00"
"TAWASON CASILI ROAD","INTERIOR","TAWASON","MANDAUE","CEBU","GENERAL PURPOSES","3,680.00"
"CASILI - KAPASANAN ROAD","BOUNDARY OF BRGY. CUBACUB","TAWASON","MANDAUE","CEBU","COMMERCIAL REGULAR","7,950.00"
"CASILI - KAPASANAN ROAD","BOUNDARY OF BRGY. CUBACUB","TAWASON","MANDAUE","CEBU","RESIDENTIAL REGULAR","4,350.00"
"CASILI - KAPASANAN ROAD","BOUNDARY OF BRGY. CUBACUB","TAWASON","MANDAUE","CEBU","INDUSTRIAL","6,300.00"
"CASILI - KAPASANAN ROAD","INTERIOR","TAWASON","MANDAUE","CEBU","RESIDENTIAL REGULAR","3,680.00"
"ALL OTHER STREETS","","TAWASON","MANDAUE","CEBU","COMMERCIAL REGULAR","5,800.00"
"ALL OTHER STREETS","","TAWASON","MANDAUE","CEBU","RESIDENTIAL REGULAR","3,570.00"
"ALL OTHER STREETS","","TAWASON","MANDAUE","CEBU","INDUSTRIAL","5,000.00"
"ALL OTHER STREETS","INTERIOR","TAWASON","MANDAUE","CEBU","RESIDENTIAL REGULAR","3,150.00"
"ALL OTHER STREETS","INTERIOR","TAWASON","MANDAUE","CEBU","GENERAL PURPOSES","4,880.00"
"MAHOGANY GROOVE SUBD","","TAWASON","MANDAUE","CEBU","RESIDENTIAL REGULAR","19,800.00"
"PRISTINA NORTH","","TAWASON","MANDAUE","CEBU","RESIDENTIAL REGULAR","27,500.00"
"PREVIA HILLS","","TAWASON","MANDAUE","CEBU","RESIDENTIAL REGULAR","22,000.00"
"PREVIA HILLS","","TAWASON","MANDAUE","CEBU","RESIDENTIAL REGULAR","19,800.00"
"VERA ESTATES","","TAWASON","MANDAUE","CEBU","RESIDENTIAL REGULAR","22,000.00"
"LE GRAND","","TAWASON","MANDAUE","CEBU","RESIDENTIAL REGULAR","16,500.00"
"VILLA SEBASTIANA","","TAWASON","MANDAUE","CEBU","RESIDENTIAL REGULAR","16,500.00"
"ALL OTHER SUBDIVISIONS","","TAWASON","MANDAUE","CEBU","RESIDENTIAL REGULAR","11,550.00"
"CANDUMAN-PAGSABUNGAN","BUTUANON RIV-TINGUB-PAGSABUNGAN","TINGUB","MANDAUE","CEBU","COMMERCIAL REGULAR","21,000.00"
"CANDUMAN-PAGSABUNGAN","BUTUANON RIV-TINGUB-PAGSABUNGAN","TINGUB","MANDAUE","CEBU","RESIDENTIAL REGULAR","9,380.00"
"CANDUMAN-PAGSABUNGAN","BUTUANON RIV-TINGUB-PAGSABUNGAN","TINGUB","MANDAUE","CEBU","INDUSTRIAL","14,940.00"
"CANDUMAN-PAGSABUNGAN","BUTUANON RIV-TINGUB-PAGSABUNGAN","TINGUB","MANDAUE","CEBU","GENERAL PURPOSES","3,150.00"
"CANDUMAN-PAGSABUNGAN","INTERIOR","TINGUB","MANDAUE","CEBU","RESIDENTIAL REGULAR","8,430.00"
"TINGUB-PAGSABUNGAN ROAD","","TINGUB","MANDAUE","CEBU","COMMERCIAL REGULAR","17,750.00"
"TINGUB-PAGSABUNGAN ROAD","","TINGUB","MANDAUE","CEBU","RESIDENTIAL REGULAR","8,930.00"
"TINGUB-PAGSABUNGAN ROAD","","TINGUB","MANDAUE","CEBU","INDUSTRIAL","13,130.00"
"TINGUB-PAGSABUNGAN ROAD","","TINGUB","MANDAUE","CEBU","GENERAL PURPOSES","4,880.00"
"TINGUB-PAGSABUNGAN ROAD","INTERIOR","TINGUB","MANDAUE","CEBU","RESIDENTIAL REGULAR","6,300.00"
"BENIGNO SUICO STREET","","TINGUB","MANDAUE","CEBU","RESIDENTIAL REGULAR","9,450.00"
"BENIGNO SUICO STREET","","TINGUB","MANDAUE","CEBU","RESIDENTIAL REGULAR","45,000.00"
"BENIGNO SUICO STREET","","TINGUB","MANDAUE","CEBU","INDUSTRIAL","15,750.00"
"ALL OTHER STREETS","","TINGUB","MANDAUE","CEBU","COMMERCIAL REGULAR","15,000.00"
"ALL OTHER STREETS","","TINGUB","MANDAUE","CEBU","INDUSTRIAL","10,500.00"
"ALL OTHER STREETS","","TINGUB","MANDAUE","CEBU","RESIDENTIAL REGULAR","6,830.00"
"ALL OTHER STREETS","INTERIOR","TINGUB","MANDAUE","CEBU","RESIDENTIAL REGULAR","6,300.00"
"DCP TOWNHOMES","","TINGUB","MANDAUE","CEBU","RESIDENTIAL REGULAR","11,000.00"
"GREENHILLS SUBD","","TINGUB","MANDAUE","CEBU","RESIDENTIAL REGULAR","11,000.00"
"PALMAS VERDE SUBDIVISION","","TINGUB","MANDAUE","CEBU","RESIDENTIAL REGULAR","13,750.00"
"CAMINO VICINAL (MAGNOLIA SMC)","CORNER P. SANCHEZ ST., EXT. TO BUTUANON RIVER","TINGUB","MANDAUE","CEBU","COMMERCIAL REGULAR","12,000.00"
"CAMINO VICINAL (MAGNOLIA SMC)","CORNER P. SANCHEZ ST., EXT. TO BUTUANON RIVER","TINGUB","MANDAUE","CEBU","INDUSTRIAL","8,400.00"
"CAMINO VICINAL (MAGNOLIA SMC)","CORNER P. SANCHEZ ST., EXT. TO BUTUANON RIVER","TINGUB","MANDAUE","CEBU","RESIDENTIAL REGULAR","5,440.00"
"ALL OTHER SUBDIVISIONS","","TINGUB","MANDAUE","CEBU","RESIDENTIAL REGULAR","10,500.00"
"A DEL ROSARIO AVENUE","CEBU NORTH ROAD","TIPOLO","MANDAUE","CEBU","COMMERCIAL REGULAR","45,000.00"
"A DEL ROSARIO AVENUE","CEBU NORTH ROAD","TIPOLO","MANDAUE","CEBU","RESIDENTIAL REGULAR","21,950.00"
"A DEL ROSARIO AVENUE","CEBU NORTH ROAD","TIPOLO","MANDAUE","CEBU","INDUSTRIAL","37,500.00"
"A DEL ROSARIO AVENUE","INTERIOR","TIPOLO","MANDAUE","CEBU","RESIDENTIAL REGULAR","17,300.00"
"A S FORTUNA ST.","BOUNDARY-SMC","TIPOLO","MANDAUE","CEBU","RESIDENTIAL REGULAR","150,000.00"
"A S FORTUNA ST.","BOUNDARY-SMC","TIPOLO","MANDAUE","CEBU","COMMERCIAL REGULAR","67,500.00"
"A S FORTUNA ST.","BOUNDARY-SMC","TIPOLO","MANDAUE","CEBU","RESIDENTIAL REGULAR","25,000.00"
"A S FORTUNA ST.","BOUNDARY-SMC","TIPOLO","MANDAUE","CEBU","INDUSTRIAL","55,000.00"
"A S FORTUNA ST.","INTERIOR","TIPOLO","MANDAUE","CEBU","RESIDENTIAL REGULAR","20,200.00"
"CEBU NORTH ROAD (MC BRIONES ST)","TIPOLO-P BASUBAS","TIPOLO","MANDAUE","CEBU","COMMERCIAL REGULAR","62,500.00"
"CEBU NORTH ROAD (MC BRIONES ST)","TIPOLO-P BASUBAS","TIPOLO","MANDAUE","CEBU","RESIDENTIAL REGULAR","31,000.00"
"CEBU NORTH ROAD (MC BRIONES ST)","TIPOLO-P BASUBAS","TIPOLO","MANDAUE","CEBU","INDUSTRIAL","42,500.00"
"CEBU NORTH ROAD (MC BRIONES ST)","INTERIOR","TIPOLO","MANDAUE","CEBU","RESIDENTIAL REGULAR","22,000.00"
"C. ROSARIO STREET","A DEL ROSARIO-CEBU NORTH ROAD","TIPOLO","MANDAUE","CEBU","COMMERCIAL REGULAR","42,500.00"
"C. ROSARIO STREET","A DEL ROSARIO-CEBU NORTH ROAD","TIPOLO","MANDAUE","CEBU","RESIDENTIAL REGULAR","26,600.00"
"C. ROSARIO STREET","INTERIOR","TIPOLO","MANDAUE","CEBU","RESIDENTIAL REGULAR","20,950.00"
"ALFREDO OUANO AVENUE","MANDAUE RECLAMATION AREA","TIPOLO","MANDAUE","CEBU","COMMERCIAL REGULAR","150,000.00"
"ALFREDO OUANO AVENUE","MANDAUE RECLAMATION AREA","TIPOLO","MANDAUE","CEBU","INDUSTRIAL","32,550.00"
"HERNAN CORTES STREET","SACRIS ROAD EXT-SAN VICENTE VIL","TIPOLO","MANDAUE","CEBU","COMMERCIAL REGULAR","40,000.00"
"HERNAN CORTES STREET","SACRIS ROAD EXT-SAN VICENTE VIL","TIPOLO","MANDAUE","CEBU","INDUSTRIAL","32,000.00"
"HERNAN CORTES STREET","SACRIS ROAD EXT-SAN VICENTE VIL","TIPOLO","MANDAUE","CEBU","RESIDENTIAL REGULAR","25,500.00"
"HERNAN CORTES STREET","INTERIOR","TIPOLO","MANDAUE","CEBU","RESIDENTIAL REGULAR","52,500.00"
"HERNAN CORTES STREET","INTERIOR","TIPOLO","MANDAUE","CEBU","RESIDENTIAL REGULAR","21,400.00"
"HERNAN CORTES EXTENSION","","TIPOLO","MANDAUE","CEBU","COMMERCIAL REGULAR","35,250.00"
"HERNAN CORTES EXTENSION","","TIPOLO","MANDAUE","CEBU","RESIDENTIAL REGULAR","23,500.00"
"HERNAN CORTES EXTENSION","","TIPOLO","MANDAUE","CEBU","INDUSTRIAL","29,250.00"
"HERNAN CORTES EXTENSION","INTERIOR","TIPOLO","MANDAUE","CEBU","RESIDENTIAL REGULAR","19,750.00"
"LOPEZ JAENA ST","P. CORTES-SINGSON VILL SUBD ROAD","TIPOLO","MANDAUE","CEBU","COMMERCIAL REGULAR","52,500.00"
"LOPEZ JAENA ST","P. CORTES-SINGSON VILL SUBD ROAD","TIPOLO","MANDAUE","CEBU","INDUSTRIAL","45,000.00"
"LOPEZ JAENA ST","P. CORTES-SINGSON VILL SUBD ROAD","TIPOLO","MANDAUE","CEBU","RESIDENTIAL REGULAR","45,000.00"
"LOPEZ JAENA ST","INTERIOR","TIPOLO","MANDAUE","CEBU","RESIDENTIAL REGULAR","27,150.00"
"MAGUIKAY-BANILAD STREET","H CORTES-A BONIFACIO","TIPOLO","MANDAUE","CEBU","COMMERCIAL REGULAR","52,500.00"
"MAGUIKAY-BANILAD STREET","H CORTES-A BONIFACIO","TIPOLO","MANDAUE","CEBU","RESIDENTIAL REGULAR","40,000.00"
"MAGUIKAY-BANILAD STREET","H CORTES-A BONIFACIO","TIPOLO","MANDAUE","CEBU","INDUSTRIAL","47,500.00"
"MAGUIKAY-BANILAD STREET","INTERIOR","TIPOLO","MANDAUE","CEBU","RESIDENTIAL REGULAR","26,050.00"
"C. D. SENO BOULEVARD","A. DEL ROSARIO AVE. TO OUANO AVE. (RECLAMATION AREA)","TIPOLO","MANDAUE","CEBU","COMMERCIAL REGULAR","52,500.00"
"C. D. SENO BOULEVARD","A. DEL ROSARIO AVE. TO OUANO AVE. (RECLAMATION AREA)","TIPOLO","MANDAUE","CEBU","INDUSTRIAL","45,000.00"
"C. D. SENO BOULEVARD","A. DEL ROSARIO AVE. TO OUANO AVE. (RECLAMATION AREA)","TIPOLO","MANDAUE","CEBU","RESIDENTIAL REGULAR","25,500.00"
"C. D. SENO BOULEVARD","INTERIOR LOTS-CAR ALLEY","TIPOLO","MANDAUE","CEBU","COMMERCIAL REGULAR","62,500.00"
"C. D. SENO BOULEVARD","INTERIOR LOTS-CAR ALLEY","TIPOLO","MANDAUE","CEBU","RESIDENTIAL REGULAR","21,150.00"
"W. O. SENO ST. (MOONLIGHT RD) (RECLAMATION AREA)","C.D. SENO BLVD TO BOUNDARY SUBANGDAKU","TIPOLO","MANDAUE","CEBU","COMMERCIAL REGULAR","62,500.00"
"W. O. SENO ST. (MOONLIGHT RD) (RECLAMATION AREA)","C.D. SENO BLVD TO BOUNDARY SUBANGDAKU","TIPOLO","MANDAUE","CEBU","INDUSTRIAL","41,630.00"
"PEDRO BASUBAS ROAD","","TIPOLO","MANDAUE","CEBU","COMMERCIAL REGULAR","34,750.00"
"PEDRO BASUBAS ROAD","","TIPOLO","MANDAUE","CEBU","RESIDENTIAL REGULAR","25,150.00"
"PEDRO BASUBAS ROAD","","TIPOLO","MANDAUE","CEBU","INDUSTRIAL","29,050.00"
"PEDRO BASUBAS ROAD","INTERIOR","TIPOLO","MANDAUE","CEBU","RESIDENTIAL REGULAR","23,250.00"
"PO-O ROAD","CEBU NORTH RR-P BASUBAS","TIPOLO","MANDAUE","CEBU","COMMERCIAL REGULAR","30,000.00"
"PO-O ROAD","CEBU NORTH RR-P BASUBAS","TIPOLO","MANDAUE","CEBU","RESIDENTIAL REGULAR","22,500.00"
"PO-O ROAD","CEBU NORTH RR-P BASUBAS","TIPOLO","MANDAUE","CEBU","INDUSTRIAL","25,250.00"
"PO-O ROAD","INTERIOR","TIPOLO","MANDAUE","CEBU","RESIDENTIAL REGULAR","14,750.00"
"A. P. CORTES ST.","G. LOPEZ JAENA ST. TO SINGSON VILLAGE","TIPOLO","MANDAUE","CEBU","COMMERCIAL REGULAR","30,450.00"
"A. P. CORTES ST.","G. LOPEZ JAENA ST. TO SINGSON VILLAGE","TIPOLO","MANDAUE","CEBU","INDUSTRIAL","22,500.00"
"A. P. CORTES ST.","G. LOPEZ JAENA ST. TO SINGSON VILLAGE","TIPOLO","MANDAUE","CEBU","RESIDENTIAL REGULAR","16,800.00"
"A. P. CORTES ST.","INTERIOR LOTS-CAR ALLEY","TIPOLO","MANDAUE","CEBU","RESIDENTIAL REGULAR","14,250.00"
"SACRIS ROAD EXT. (ELIAS V. ESPINA ST.)","HERNAN CORTES- AS FORTUNA ST","TIPOLO","MANDAUE","CEBU","COMMERCIAL REGULAR","30,000.00"
"SACRIS ROAD EXT. (ELIAS V. ESPINA ST.)","HERNAN CORTES- AS FORTUNA ST","TIPOLO","MANDAUE","CEBU","RESIDENTIAL REGULAR","35,000.00"
"SACRIS ROAD EXT. (ELIAS V. ESPINA ST.)","HERNAN CORTES- AS FORTUNA ST","TIPOLO","MANDAUE","CEBU","RESIDENTIAL REGULAR","18,250.00"
"SACRIS ROAD EXT. (ELIAS V. ESPINA ST.)","HERNAN CORTES- AS FORTUNA ST","TIPOLO","MANDAUE","CEBU","INDUSTRIAL","33,750.00"
"SACRIS ROAD EXT. (ELIAS V. ESPINA ST.)","INTERIOR","TIPOLO","MANDAUE","CEBU","RESIDENTIAL REGULAR","15,250.00"
"SINGSON ROAD","CEBU NORTH ROAD","TIPOLO","MANDAUE","CEBU","COMMERCIAL REGULAR","32,000.00"
"SINGSON ROAD","CEBU NORTH ROAD","TIPOLO","MANDAUE","CEBU","RESIDENTIAL REGULAR","19,000.00"
"SINGSON ROAD","CEBU NORTH ROAD","TIPOLO","MANDAUE","CEBU","INDUSTRIAL","29,000.00"
"SINGSON ROAD","INTERIOR","TIPOLO","MANDAUE","CEBU","RESIDENTIAL REGULAR","15,000.00"
"TIPOLO BARRIO ROAD","","TIPOLO","MANDAUE","CEBU","COMMERCIAL REGULAR","30,000.00"
"TIPOLO BARRIO ROAD","","TIPOLO","MANDAUE","CEBU","RESIDENTIAL REGULAR","17,250.00"
"TIPOLO BARRIO ROAD","","TIPOLO","MANDAUE","CEBU","INDUSTRIAL","25,500.00"
"TIPOLO BARRIO ROAD","INTERIOR","TIPOLO","MANDAUE","CEBU","RESIDENTIAL REGULAR","15,000.00"
"ALL OTHER STREETS","","TIPOLO","MANDAUE","CEBU","COMMERCIAL REGULAR","35,000.00"
"ALL OTHER STREETS","","TIPOLO","MANDAUE","CEBU","RESIDENTIAL REGULAR","12,000.00"
"ALL OTHER STREETS","","TIPOLO","MANDAUE","CEBU","INDUSTRIAL","25,500.00"
"ALL OTHER STREETS","INTERIOR","TIPOLO","MANDAUE","CEBU","RESIDENTIAL REGULAR","10,000.00"
"SINGSON VILLAGE","SITIO NAWANAO","TIPOLO","MANDAUE","CEBU","RESIDENTIAL REGULAR","17,000.00"
"URBAN DECA HOMES","","TIPOLO","MANDAUE","CEBU","RESIDENTIAL REGULAR","71,350.00"
"URBAN DECA HOMES","","TIPOLO","MANDAUE","CEBU","COMMERCIAL CONDOMINIUM","71,350.00"
"URBAN DECA HOMES","","TIPOLO","MANDAUE","CEBU","RESIDENTIAL CONDOMINIUM","60,000.00"
"URBAN DECA HOMES","","TIPOLO","MANDAUE","CEBU","PARKING SLOT","34,200.00"
"PLARIDEL STREET","CREEK-BUANON RIVER","UMAPAD","MANDAUE","CEBU","COMMERCIAL REGULAR","42,530.00"
"PLARIDEL STREET","CREEK-BUANON RIVER","UMAPAD","MANDAUE","CEBU","INDUSTRIAL","36,750.00"
"PLARIDEL STREET","CREEK-BUANON RIVER","UMAPAD","MANDAUE","CEBU","RESIDENTIAL REGULAR","26,250.00"
"PLARIDEL STREET","INTERIOR","UMAPAD","MANDAUE","CEBU","RESIDENTIAL REGULAR","12,600.00"
"PLARIDEL STREET","G OUANO TO CREEK","UMAPAD","MANDAUE","CEBU","COMMERCIAL REGULAR","47,250.00"
"PLARIDEL STREET","G OUANO TO CREEK","UMAPAD","MANDAUE","CEBU","RESIDENTIAL REGULAR","26,250.00"
"PLARIDEL STREET","G OUANO TO CREEK","UMAPAD","MANDAUE","CEBU","INDUSTRIAL","36,750.00"
"PLARIDEL STREET","INTERIOR","UMAPAD","MANDAUE","CEBU","RESIDENTIAL REGULAR","10,500.00"
"C. BATTILLER STREET","ALONG THE ROAD","UMAPAD","MANDAUE","CEBU","COMMERCIAL REGULAR","10,500.00"
"C. BATTILLER STREET","ALONG THE ROAD","UMAPAD","MANDAUE","CEBU","RESIDENTIAL REGULAR","9,940.00"
"C. BATTILLER STREET","ALONG THE ROAD","UMAPAD","MANDAUE","CEBU","INDUSTRIAL","10,670.00"
"R.A. OUANO STREET","VB CABAHUG ST. - C.BATILLER","UMAPAD","MANDAUE","CEBU","COMMERCIAL REGULAR","10,740.00"
"R.A. OUANO STREET","VB CABAHUG ST. - C.BATILLER","UMAPAD","MANDAUE","CEBU","RESIDENTIAL REGULAR","9,200.00"
"R.A. OUANO STREET","VB CABAHUG ST. - C.BATILLER","UMAPAD","MANDAUE","CEBU","INDUSTRIAL","42,000.00"
"R.A. OUANO STREET","VB CABAHUG ST. - C.BATILLER","UMAPAD","MANDAUE","CEBU","INDUSTRIAL","9,980.00"
"U.N. AVENUE","PLARIDEL-VB CABAHUG -MARCELO FERNAN BRIDGE","UMAPAD","MANDAUE","CEBU","COMMERCIAL REGULAR","42,000.00"
"U.N. AVENUE","PLARIDEL-VB CABAHUG -MARCELO FERNAN BRIDGE","UMAPAD","MANDAUE","CEBU","RESIDENTIAL REGULAR","21,050.00"
"U.N. AVENUE","PLARIDEL-VB CABAHUG -MARCELO FERNAN BRIDGE","UMAPAD","MANDAUE","CEBU","INDUSTRIAL","31,500.00"
"V.B. CABAHUG ST.","G. OUANO-OUANO AVENUE-SHORELINE","UMAPAD","MANDAUE","CEBU","COMMERCIAL REGULAR","11,550.00"
"V.B. CABAHUG ST.","G. OUANO-OUANO AVENUE-SHORELINE","UMAPAD","MANDAUE","CEBU","RESIDENTIAL REGULAR","9,940.00"
"V.B. CABAHUG ST.","G. OUANO-OUANO AVENUE-SHORELINE","UMAPAD","MANDAUE","CEBU","INDUSTRIAL","10,500.00"
"CAMINO VICINAL STREET","PLARIDEL-R.A. OUANO (AMOSUP)","UMAPAD","MANDAUE","CEBU","COMMERCIAL REGULAR","8,400.00"
"CAMINO VICINAL STREET","PLARIDEL-R.A. OUANO (AMOSUP)","UMAPAD","MANDAUE","CEBU","RESIDENTIAL REGULAR","6,950.00"
"CAMINO VICINAL STREET","PLARIDEL-R.A. OUANO (AMOSUP)","UMAPAD","MANDAUE","CEBU","INDUSTRIAL","7,350.00"
"R. MAYOL ST.","PLARIDEL ST. TO DRY BUTUANON RIVER BED","UMAPAD","MANDAUE","CEBU","COMMERCIAL REGULAR","12,360.00"
"R. MAYOL ST.","PLARIDEL ST. TO DRY BUTUANON RIVER BED","UMAPAD","MANDAUE","CEBU","INDUSTRIAL","11,250.00"
"R. MAYOL ST.","PLARIDEL ST. TO DRY BUTUANON RIVER BED","UMAPAD","MANDAUE","CEBU","RESIDENTIAL REGULAR","8,400.00"
"R. MAYOL ST.","INTERIOR","UMAPAD","MANDAUE","CEBU","RESIDENTIAL REGULAR","6,830.00"
"ROAD TO DUMPSITE","PLARIDEL ST. TO DUMPSITE (END OF THE ROAD)","UMAPAD","MANDAUE","CEBU","COMMERCIAL REGULAR","36,750.00"
"ROAD TO DUMPSITE","PLARIDEL ST. TO DUMPSITE (END OF THE ROAD)","UMAPAD","MANDAUE","CEBU","INDUSTRIAL","31,500.00"
"ROAD TO DUMPSITE","PLARIDEL ST. TO DUMPSITE (END OF THE ROAD)","UMAPAD","CEBU","CEBU","COMMERCIAL REGULAR","95,000.00"
"ROAD TO DUMPSITE","PLARIDEL ST. TO DUMPSITE (END OF THE ROAD)","UMAPAD","MANDAUE","CEBU","RESIDENTIAL REGULAR","16,800.00"
"ROAD TO DUMPSITE","INTERIOR","UMAPAD","MANDAUE","CEBU","RESIDENTIAL REGULAR","12,600.00"
"SAN JOSE VILLAGE","","UMAPAD","MANDAUE","CEBU","RESIDENTIAL REGULAR","12,600.00"
"ALL AREAS","ALONG BRGY ROAD","ADLAWON","CEBU","CEBU","RESIDENTIAL REGULAR","2,188.00"
"ALL AREAS","INTERIOR","ADLAWON","CEBU","CEBU","RESIDENTIAL REGULAR","1,563.00"
"ALL AREAS","ALONG BRGY ROAD","ADLAWON","CEBU","CEBU","OTHER AGRICULTURAL LANDS","1,458.00"
"ALL AREAS","INTERIOR","ADLAWON","CEBU","CEBU","OTHER AGRICULTURAL LANDS","1,020.00"
"ALL AREAS","ALONG BRGY ROAD","AGSUNGOT","CEBU","CEBU","RESIDENTIAL REGULAR","1,290.00"
"ALL AREAS","ALONG BRGY ROAD","AGSUNGOT","CEBU","CEBU","OTHER AGRICULTURAL LANDS","750.00"
"ALL AREAS","INTERIOR","AGSUNGOT","CEBU","CEBU","RESIDENTIAL REGULAR","800.00"
"ALL AREAS","INTERIOR","AGSUNGOT","CEBU","CEBU","OTHER AGRICULTURAL LANDS","525.00"
"ALL AREAS","WATERSHED","AGSUNGOT","CEBU","CEBU","OTHER AGRICULTURAL LANDS","170.00"
"FIRST LAPU-LAPU ST","","APAS","CEBU","CEBU","RESIDENTIAL REGULAR","46,250.00"
"GOV. CUENCO AVE","JUAN LUNA-MAHIGA BRIDGE","APAS","CEBU","CEBU","COMMERCIAL REGULAR","95,000.00"
"GOV. CUENCO AVE","JUAN LUNA-MAHIGA BRIDGE","APAS","CEBU","CEBU","RESIDENTIAL REGULAR","73,500.00"
"ROAD TO CAMP LAPULAPU","","APAS","CEBU","CEBU","COMMERCIAL REGULAR","48,750.00"
"ROAD TO CAMP LAPULAPU","","APAS","CEBU","CEBU","RESIDENTIAL REGULAR","39,500.00"
"SAN ANTONIO VILL I","","APAS","CEBU","CEBU","RESIDENTIAL REGULAR","37,500.00"
"SAN ANTONIO VILL II","","APAS","CEBU","CEBU","RESIDENTIAL REGULAR","37,500.00"
"SAN MIGUEL ST","","APAS","CEBU","CEBU","COMMERCIAL REGULAR","37,300.00"
"SAN MIGUEL ST","","APAS","CEBU","CEBU","RESIDENTIAL REGULAR","28,250.00"
"ST. JAMES ST","","APAS","CEBU","CEBU","COMMERCIAL REGULAR","37,300.00"
"ST. JAMES ST","","APAS","CEBU","CEBU","RESIDENTIAL REGULAR","28,250.00"
"ST LAURENCE ST","","APAS","CEBU","CEBU","COMMERCIAL REGULAR","37,300.00"
"ST LAURENCE ST","","APAS","CEBU","CEBU","RESIDENTIAL REGULAR","28,250.00"
"ST. LAURENCE EXT","SITIO UCMA-ECIMHA","APAS","CEBU","CEBU","RESIDENTIAL REGULAR","37,300.00"
"STEPHENSON","","APAS","CEBU","CEBU","COMMERCIAL REGULAR","37,300.00"
"STEPHENSON","","APAS","CEBU","CEBU","RESIDENTIAL REGULAR","28,250.00"
"IST ST","","APAS","CEBU","CEBU","COMMERCIAL REGULAR","37,300.00"
"IST ST","","APAS","CEBU","CEBU","RESIDENTIAL REGULAR","28,250.00"
"2ND ST","","APAS","CEBU","CEBU","RESIDENTIAL REGULAR","28,800.00"
"3RD ST","","APAS","CEBU","CEBU","RESIDENTIAL REGULAR","28,800.00"
"4TH ST","","APAS","CEBU","CEBU","PARKING SLOT","134,000.00"
"4TH ST","","APAS","CEBU","CEBU","RESIDENTIAL REGULAR","29,075.00"
"SITIO PANABANG","","APAS","CEBU","CEBU","RESIDENTIAL REGULAR","28,387.50"
"SITIO MAHAYAHAY","","APAS","CEBU","CEBU","RESIDENTIAL REGULAR","23,725.00"
"SITIO CALBARYO","","APAS","CEBU","CEBU","RESIDENTIAL REGULAR","23,725.00"
"SITIO PLAZA","","APAS","CEBU","CEBU","RESIDENTIAL REGULAR","23,725.00"
"SITIO BACA","","APAS","CEBU","CEBU","RESIDENTIAL REGULAR","28,250.00"
"ALL OTHER STREETS","","APAS","CEBU","CEBU","COMMERCIAL REGULAR","28,250.00"
"ALL OTHER STREETS","","APAS","CEBU","CEBU","RESIDENTIAL REGULAR","23,375.00"
"AMORES SUBDIVISION","","APAS","CEBU","CEBU","RESIDENTIAL REGULAR","42,375.00"
"PASTRANO SUBD","","APAS","CEBU","CEBU","RESIDENTIAL REGULAR","37,850.00"
"ALL OTHER SUBDIVISIONS","ADJ TO M VILLA RES","APAS","CEBU","CEBU","RESIDENTIAL REGULAR","37,500.00"
"AVIDA TOWERS  1 & 2 IT PARK","I. VILLA ST., IT PARK","APAS","CEBU","CEBU","RESIDENTIAL CONDOMINIUM","117,500.00"
"AVIDA TOWERS  1 & 2 IT PARK","I. VILLA ST., IT PARK","APAS","CEBU","CEBU","PARKING SLOT","80,250.00"
"ASIA PRIMIER IT PARK","JM DEL MAR","APAS","CEBU","CEBU","COMMERCIAL CONDOMINIUM","134,000.00"
"ASIA PRIMIER IT PARK","JM DEL MAR","APAS","CEBU","CEBU","RESIDENTIAL CONDOMINIUM","125,550.00"
"ASIA PRIMIER IT PARK","JM DEL MAR","APAS","CEBU","CEBU","PARKING SLOT","80,250.00"
"PARK CENTRALE","JOSE MARIA DEL MAR ST.-IT PARK","APAS","CEBU","CEBU","RESIDENTIAL CONDOMINIUM","219,500.00"
"PARK CENTRALE","JOSE MARIA DEL MAR ST.-IT PARK","APAS","CEBU","CEBU","COMMERCIAL CONDOMINIUM","134,000.00"
"38 PARK AVENUE","IT PARK","APAS","CEBU","CEBU","COMMERCIAL CONDOMINIUM","219,500.00"
"38 PARK AVENUE","IT PARK","APAS","CEBU","CEBU","RESIDENTIAL CONDOMINIUM","185,000.00"
"38 PARK AVENUE","IT PARK","APAS","CEBU","CEBU","PARKING SLOT","112,000.00"
"AVIDA RIALA","JOSE MARIA DEL MAR ST. IT PARK","APAS","CEBU","CEBU","COMMERCIAL CONDOMINIUM","205,000.00"
"AVIDA RIALA","JOSE MARIA DEL MAR ST. IT PARK","APAS","CEBU","CEBU","RESIDENTIAL CONDOMINIUM","173,000.00"
"AVIDA RIALA","JOSE MARIA DEL MAR ST. IT PARK","APAS","CEBU","CEBU","PARKING SLOT","113,500.00"
"BE RESIDENCES","ST. LAWRENCE ST.","APAS","CEBU","CEBU","COMMERCIAL CONDOMINIUM","167,500.00"
"BE RESIDENCES","ST. LAWRENCE ST.","APAS","CEBU","CEBU","RESIDENTIAL CONDOMINIUM","141,500.00"
"BE RESIDENCES","ST. LAWRENCE ST.","APAS","CEBU","CEBU","PARKING SLOT","86,500.00"
"BLOQ RESIDENCES LAHUG","ST. LAWRENCE ST., LA GUARDIA EXT.","APAS","CEBU","CEBU","RESIDENTIAL CONDOMINIUM","111,000.00"
"BLOQ RESIDENCES LAHUG","ST. LAWRENCE ST., LA GUARDIA EXT.","APAS","CEBU","CEBU","PARKING SLOT","77,500.00"
"CALYX CENTRE","IT PARK","APAS","CEBU","CEBU","COMMERCIAL CONDOMINIUM","167,500.00"
"CALYX CENTRE","IT PARK","APAS","CEBU","CEBU","RESIDENTIAL CONDOMINIUM","142,500.00"
"CALYX CENTRE","IT PARK","APAS","CEBU","CEBU","PARKING SLOT","85,000.00"
"CITY LIGHTS 1,2,3,&4","NIVEL HILLS","APAS","CEBU","CEBU","RESIDENTIAL CONDOMINIUM","122,500.00"
"CITY LIGHTS 1,2,3,&4","NIVEL HILLS","APAS","CEBU","CEBU","PARKING SLOT","161,000.00"
"CITY LIGHTS 1,2,3,&4","NIVEL HILLS","APAS","CEBU","CEBU","PARKING SLOT","90,000.00"
"LA GUARDIA FLATS","SALINAS DRIVE","APAS","CEBU","CEBU","RESIDENTIAL CONDOMINIUM","117,500.00"
"LA GUARDIA FLATS","SALINAS DRIVE","APAS","CEBU","CEBU","PARKING SLOT","77,500.00"
"LE MENDA RESIDENCES NIVEL HILLS","NIVEL HILLS","APAS","CEBU","CEBU","COMMERCIAL CONDOMINIUM","138,000.00"
"LE MENDA RESIDENCES NIVEL HILLS","NIVEL HILLS","APAS","CEBU","CEBU","RESIDENTIAL CONDOMINIUM","118,500.00"
"LE MENDA RESIDENCES NIVEL HILLS","NIVEL HILLS","APAS","CEBU","CEBU","PARKING SLOT","74,000.00"
"MARCO POLO RESIDENCES","NIVEL HILLS","APAS","CEBU","CEBU","RESIDENTIAL CONDOMINIUM","142,250.00"
"MARCO POLO RESIDENCES","NIVEL HILLS","APAS","CEBU","CEBU","PARKING SLOT","85,000.00"
"MIVELA GARDEN RESIDENCES","168 MONTEBELLO ROAD","APAS","CEBU","CEBU","COMMERCIAL CONDOMINIUM","151,500.00"
"MIVELA GARDEN RESIDENCES","168 MONTEBELLO ROAD","APAS","CEBU","CEBU","RESIDENTIAL CONDOMINIUM","130,000.00"
"MIVELA GARDEN RESIDENCES","168 MONTEBELLO ROAD","APAS","CEBU","CEBU","PARKING SLOT","79,500.00"
"PRIMEWORLD POINTE","FIRST ST. LA GUARDIA","APAS","CEBU","CEBU","COMMERCIAL CONDOMINIUM","161,000.00"
"PRIMEWORLD POINTE","FIRST ST. LA GUARDIA","APAS","CEBU","CEBU","RESIDENTIAL CONDOMINIUM","137,500.00"
"PRIMEWORLD POINTE","FIRST ST. LA GUARDIA","APAS","CEBU","CEBU","PARKING SLOT","85,500.00"
"RESIDENCIA EDADES","LA GUARDIA-SALINAS DRIVE","APAS","CEBU","CEBU","RESIDENTIAL CONDOMINIUM","117,500.00"
"RESIDENCIA EDADES","LA GUARDIA-SALINAS DRIVE","APAS","CEBU","CEBU","PARKING SLOT","77,500.00"
"ALL OTHER CONDOMINIUMS","","APAS","CEBU","CEBU","COMMERCIAL REGULAR","125,000.00"
"ALL OTHER CONDOMINIUMS","","APAS","CEBU","CEBU","COMMERCIAL CONDOMINIUM","125,000.00"
"ALL OTHER CONDOMINIUMS","","APAS","CEBU","CEBU","RESIDENTIAL CONDOMINIUM","110,000.00"
"ALL OTHER CONDOMINIUMS","","APAS","CEBU","CEBU","PARKING SLOT","76,500.00"
"LAHUG TAWAGAN ROAD","ALONG THE ROAD","BABAG","CEBU","CEBU","COMMERCIAL REGULAR","4,984.00"
"LAHUG TAWAGAN ROAD","ALONG THE ROAD","BABAG","CEBU","CEBU","RESIDENTIAL REGULAR","4,590.00"
"LAHUG TAWAGAN ROAD","INTERIOR LOT","BABAG","CEBU","CEBU","RESIDENTIAL REGULAR","2,600.00"
"LAHUG TAWAGAN ROAD","INTERIOR LOT","BABAG","CEBU","CEBU","OTHER AGRICULTURAL LANDS","2,020.00"
"MALUBOG HIGHWAY","ALONG THE ROAD","BABAG","CEBU","CEBU","COMMERCIAL REGULAR","5,484.00"
"MALUBOG HIGHWAY","ALONG THE ROAD","BABAG","CEBU","CEBU","RESIDENTIAL REGULAR","4,590.00"
"MALUBOG HIGHWAY","INTERIOR LOT","BABAG","CEBU","CEBU","RESIDENTIAL REGULAR","2,750.00"
"MALUBOG HIGHWAY","INTERIOR LOT","BABAG","CEBU","CEBU","OTHER AGRICULTURAL LANDS","2,145.00"
"BABAG I","BUSAY ROAD/ALONG THE ROAD","BABAG","CEBU","CEBU","COMMERCIAL REGULAR","5,998.00"
"BABAG I","BUSAY ROAD/ALONG THE ROAD","BABAG","CEBU","CEBU","RESIDENTIAL REGULAR","5,130.00"
"BABAG I","INTERIOR LOT","BABAG","CEBU","CEBU","RESIDENTIAL REGULAR","3,082.00"
"BABAG I","INTERIOR LOT","BABAG","CEBU","CEBU","OTHER AGRICULTURAL LANDS","2,395.60"
"BABAG II","BUSAY ROAD-BANILAD/ALONG THE ROAD","BABAG","CEBU","CEBU","COMMERCIAL REGULAR","5,498.00"
"BABAG II","BUSAY ROAD-BANILAD/ALONG THE ROAD","BABAG","CEBU","CEBU","COMMERCIAL REGULAR","5,967.00"
"BABAG II","BUSAY ROAD-BANILAD/ALONG THE ROAD","BABAG","CEBU","CEBU","RESIDENTIAL REGULAR","5,130.00"
"BABAG II","INTERIOR LOT","BABAG","CEBU","CEBU","RESIDENTIAL REGULAR","2,932.00"
"BABAG II","INTERIOR LOT","BABAG","CEBU","CEBU","OTHER AGRICULTURAL LANDS","2,295.60"
"BONBON ROAD","NAWNAWAN/ALONG THE ROAD","BABAG","CEBU","CEBU","COMMERCIAL REGULAR","4,113.00"
"BONBON ROAD","NAWNAWAN/ALONG THE ROAD","BABAG","CEBU","CEBU","RESIDENTIAL REGULAR","3,455.00"
"BONBON ROAD","INTERIOR LOT","BABAG","CEBU","CEBU","RESIDENTIAL REGULAR","2,400.00"
"BONBON ROAD","INTERIOR LOT","BABAG","CEBU","CEBU","OTHER AGRICULTURAL LANDS","2,050.00"
"MALUBOG HIGHWAY","NEAR SCHOOL SITE/ALONG THE ROAD","BABAG","CEBU","CEBU","COMMERCIAL REGULAR","5,967.00"
"MALUBOG HIGHWAY","NEAR SCHOOL SITE/ALONG THE ROAD","BABAG","CEBU","CEBU","RESIDENTIAL REGULAR","5,245.00"
"MALUBOG HIGHWAY","INTERIOR LOT","BABAG","CEBU","CEBU","RESIDENTIAL REGULAR","3,427.50"
"MALUBOG HIGHWAY","INTERIOR LOT","BABAG","CEBU","CEBU","OTHER AGRICULTURAL LANDS","2,632.00"
"TRANSCENTRAL HIGHWAY","ALONG THE ROAD","BABAG","CEBU","CEBU","COMMERCIAL REGULAR","4,150.00"
"TRANSCENTRAL HIGHWAY","ALONG THE ROAD","BABAG","CEBU","CEBU","RESIDENTIAL REGULAR","4,000.00"
"TRANSCENTRAL HIGHWAY","INTERIOR LOT","BABAG","CEBU","CEBU","RESIDENTIAL REGULAR","2,700.00"
"TRANSCENTRAL HIGHWAY","INTERIOR LOT","BABAG","CEBU","CEBU","OTHER AGRICULTURAL LANDS","2,130.00"
"ALL OTHER AREAS","W/IN BRGY. PROPER/ALONG THE ROAD","BABAG","CEBU","CEBU","COMMERCIAL REGULAR","3,596.00"
"ALL OTHER AREAS","W/IN BRGY. PROPER/ALONG THE ROAD","BABAG","CEBU","CEBU","RESIDENTIAL REGULAR","33,000.00"
"ALL OTHER AREAS","W/IN BRGY. PROPER/ALONG THE ROAD","BABAG","CEBU","CEBU","RESIDENTIAL REGULAR","3,210.00"
"ALL OTHER AREAS","INTERIOR LOT","BABAG","CEBU","CEBU","RESIDENTIAL REGULAR","2,350.00"
"ALL OTHER AREAS","INTERIOR LOT","BABAG","CEBU","CEBU","OTHER AGRICULTURAL LANDS","1,990.00"
"WATER SHED","","BABAG","CEBU","CEBU","OTHER AGRICULTURAL LANDS","1,075.00"
"ALL SOCIALIZED HOUSING SUBD.","","BABAG","CEBU","CEBU","RESIDENTIAL REGULAR","5,100.00"
"ALL OTHER SUBDIVISION","","BABAG","CEBU","CEBU","RESIDENTIAL REGULAR","6,250.00"
"ALONG THE ROAD ( ALL STREETS)","BRGY. ROAD","BACAYAN","CEBU","CEBU","RESIDENTIAL REGULAR","13,000.00"
"ALL OTHER AREAS","INTERIOR LOT","BACAYAN","CEBU","CEBU","RESIDENTIAL REGULAR","7,000.00"
"ALL OTHER AREAS","INTERIOR LOT","BACAYAN","CEBU","CEBU","OTHER AGRICULTURAL LANDS","5,000.00"
"HIDDEN VIEW SUBD. I","","BACAYAN","CEBU","CEBU","RESIDENTIAL REGULAR","9,500.00"
"HIDDEN VIEW SUBD. II","","BACAYAN","CEBU","CEBU","RESIDENTIAL REGULAR","9,500.00"
"RD-HIDDEN VIEW & JOYVILLE SUBD.","","BACAYAN","CEBU","CEBU","RESIDENTIAL REGULAR","10,500.00"
"JOYVILLE SUBD.","","BACAYAN","CEBU","CEBU","RESIDENTIAL REGULAR","11,000.00"
"LIGAYA HOMES SUBDIVISION","","BACAYAN","CEBU","CEBU","RESIDENTIAL REGULAR","12,500.00"
"PRISTINA NORTH SUBDIVISION","","BACAYAN","CEBU","CEBU","RESIDENTIAL REGULAR","33,000.00"
"VILLA LEYSON SUBD.","","BACAYAN","CEBU","CEBU","RESIDENTIAL REGULAR","11,000.00"
"VILLA DEL RIO SUBD.","","BACAYAN","CEBU","CEBU","RESIDENTIAL REGULAR","95,000.00"
"VILLA DEL RIO SUBD.","","BACAYAN","CEBU","CEBU","RESIDENTIAL REGULAR","14,000.00"
"PRIVEYA HILLS","","BACAYAN","CEBU","CEBU","RESIDENTIAL REGULAR","33,500.00"
"ASGROW COUNTRY ESTATE","","BACAYAN","CEBU","CEBU","RESIDENTIAL REGULAR","8,000.00"
"ADERAN VILLAGE (ANDREWS)","","BACAYAN","CEBU","CEBU","RESIDENTIAL REGULAR","9,500.00"
"DECA HOMES","","BACAYAN","CEBU","CEBU","RESIDENTIAL REGULAR","10,000.00"
"ALL OTHER SUBDIVISIONS","","BACAYAN","CEBU","CEBU","RESIDENTIAL REGULAR","7,500.00"
"ALL SOCIALIZED HOUSING SUBDIVISIONS","","BACAYAN","CEBU","CEBU","RESIDENTIAL REGULAR","7,000.00"
"RESOURCES RESIDENTIAL CONDO","","BACAYAN","CEBU","CEBU","RESIDENTIAL CONDOMINIUM","84,000.00"
"PARKING SLOT","","BACAYAN","CEBU","CEBU","PARKING SLOT","50,000.00"
"ALL OTHER CONDOMINIUMS","","BACAYAN","CEBU","CEBU","COMMERCIAL CONDOMINIUM","90,000.00"
"ALL OTHER CONDOMINIUMS","","BACAYAN","CEBU","CEBU","RESIDENTIAL CONDOMINIUM","76,000.00"
"ALL OTHER CONDOMINIUMS","","BACAYAN","CEBU","CEBU","PARKING SLOT","45,000.00"
"A.S. FORTUNA FORMERLY  A. BONIFACIO ST.","GOV. CUENCO AVE-MANDAUE BDRY","BANILAD","CEBU","CEBU","COMMERCIAL REGULAR","95,000.00"
"A.S. FORTUNA FORMERLY  A. BONIFACIO ST.","GOV. CUENCO AVE-MANDAUE BDRY","BANILAD","CEBU","CEBU","RESIDENTIAL REGULAR","71,000.00"
"GOV. M. CUENCO AVE","MAHIGA UNIV-SAN CARLOS","BANILAD","CEBU","CEBU","COMMERCIAL REGULAR","92,500.00"
"ALL OTHER AREAS","","BANILAD","CEBU","CEBU","RESIDENTIAL REGULAR","21,500.00"
"DONA RITA","","BANILAD","CEBU","CEBU","RESIDENTIAL REGULAR","41,500.00"
"DONA RITA","","BANILAD","CEBU","CEBU","RESIDENTIAL REGULAR","32,500.00"
"EL DORADO VILL/DORADO I VILL","","BANILAD","CEBU","CEBU","RESIDENTIAL REGULAR","27,500.00"
"HOLY FAMILY","NEAR STO NINO","BANILAD","CEBU","CEBU","RESIDENTIAL REGULAR","25,000.00"
"HOLY FAMILY","NEAR EL DORADO","BANILAD","CEBU","CEBU","RESIDENTIAL REGULAR","25,000.00"
"M LUISA P1 EULALIA","","BANILAD","CEBU","CEBU","RESIDENTIAL REGULAR","41,500.00"
"M LUISA P1 LUIS","","BANILAD","CEBU","CEBU","RESIDENTIAL REGULAR","41,500.00"
"M LUISA P1 MELISSA","","BANILAD","CEBU","CEBU","RESIDENTIAL REGULAR","41,500.00"
"M LUISA P1 P ANANIAL","","BANILAD","CEBU","CEBU","RESIDENTIAL REGULAR","41,500.00"
"M LUISA P1 P EMILIO","","BANILAD","CEBU","CEBU","RESIDENTIAL REGULAR","41,500.00"
"M LUISA P1 P JOHN","","BANILAD","CEBU","CEBU","RESIDENTIAL REGULAR","41,500.00"
"M LUISA P1 P LUCY","","BANILAD","CEBU","CEBU","RESIDENTIAL REGULAR","41,500.00"
"M LUISA P1 P MARIA","","BANILAD","CEBU","CEBU","RESIDENTIAL REGULAR","41,500.00"
"M LUISA P1 MIGUEL","","BANILAD","CEBU","CEBU","RESIDENTIAL REGULAR","41,500.00"
"M LUISA P1 ROSEBUD","","BANILAD","CEBU","CEBU","RESIDENTIAL REGULAR","41,500.00"
"M LUISA P2 MARIANO","","BANILAD","CEBU","CEBU","RESIDENTIAL REGULAR","41,500.00"
"M LUISA P2 DON SERGIO","","BANILAD","CEBU","CEBU","RESIDENTIAL REGULAR","41,500.00"
"M LUISA P1 ANNABELLE","","BANILAD","CEBU","CEBU","RESIDENTIAL REGULAR","41,500.00"
"M LUISA P2 P STEPHANY","","BANILAD","CEBU","CEBU","RESIDENTIAL REGULAR","41,500.00"
"M LUISA ESTATE PARK PH II","","BANILAD","CEBU","CEBU","RESIDENTIAL REGULAR","41,500.00"
"M LUISA ESTATE PARK PH III","","BANILAD","CEBU","CEBU","RESIDENTIAL REGULAR","41,500.00"
"M LUISA ESTATE PARK PH IV","","BANILAD","CEBU","CEBU","RESIDENTIAL REGULAR","41,500.00"
"M LUISA ESTATE PARK PH V","","BANILAD","CEBU","CEBU","RESIDENTIAL REGULAR","41,500.00"
"M LUISA ESTATE PARK PH VI","","BANILAD","CEBU","CEBU","RESIDENTIAL REGULAR","41,500.00"
"M LUISA ESTATE PARK PH VII","","BANILAD","CEBU","CEBU","RESIDENTIAL REGULAR","41,500.00"
"M LUISA ESTATE PARK PH VIII","HILLTOP","BANILAD","CEBU","CEBU","RESIDENTIAL REGULAR","38,750.00"
"M LUISA ESTATE PARK PH VIII","VALLEY","BANILAD","CEBU","CEBU","RESIDENTIAL REGULAR","33,500.00"
"M LUISA ESTATE PARK PH VIII","CLIFF","BANILAD","CEBU","CEBU","RESIDENTIAL REGULAR","28,250.00"
"M LUISA ESTATE PARK PH IX","HILLTOP","BANILAD","CEBU","CEBU","RESIDENTIAL REGULAR","38,750.00"
"M LUISA ESTATE PARK PH IX","VALLEY","BANILAD","CEBU","CEBU","RESIDENTIAL REGULAR","33,500.00"
"M LUISA ESTATE PARK PH X","HILLTOP","BANILAD","CEBU","CEBU","RESIDENTIAL REGULAR","38,750.00"
"M LUISA ESTATE PARK PH X","VALLEY","BANILAD","CEBU","CEBU","RESIDENTIAL REGULAR","33,500.00"
"M LUISA ESTATE PARK PH XI","VALLEY","BANILAD","CEBU","CEBU","RESIDENTIAL REGULAR","33,500.00"
"M LUISA ESTATE PARK PH XI","CLIFF","BANILAD","CEBU","CEBU","RESIDENTIAL REGULAR","134,000.00"
"M LUISA ESTATE PARK PH XI","CLIFF","BANILAD","CEBU","CEBU","RESIDENTIAL REGULAR","28,250.00"
"ROAD M LUISA EST PARK","MAIN ROAD","BANILAD","CEBU","CEBU","COMMERCIAL REGULAR","52,500.00"
"ROAD M LUISA EST PARK","INTERIOR","BANILAD","CEBU","CEBU","RESIDENTIAL REGULAR","31,000.00"
"STO NINO VILLAGE","","BANILAD","CEBU","CEBU","RESIDENTIAL REGULAR","31,250.00"
"ALL OTHER SUBDIVISIONS","","BANILAD","CEBU","CEBU","RESIDENTIAL REGULAR","17,500.00"
"THE REGENCY CREST","PASEO SATURNINO, MA. LUISA ROAD","BANILAD","CEBU","CEBU","RESIDENTIAL CONDOMINIUM","67,500.00"
"THE REGENCY CREST","PASEO SATURNINO, MA. LUISA ROAD","BANILAD","CEBU","CEBU","PARKING SLOT","45,000.00"
"ALL OTHER CONDOMINIUMS","","BANILAD","CEBU","CEBU","COMMERCIAL CONDOMINIUM","134,000.00"
"ALL OTHER CONDOMINIUMS","","BANILAD","CEBU","CEBU","RESIDENTIAL CONDOMINIUM","112,500.00"
"ALL OTHER CONDOMINIUMS","","BANILAD","CEBU","CEBU","PARKING SLOT","69,500.00"
"ALONG THE ROAD ( ALL STREETS)","BRGY. ROAD","BINALIW","CEBU","CEBU","RESIDENTIAL REGULAR","3,500.00"
"ALONG THE ROAD ( ALL STREETS)","BRGY. ROAD","BINALIW","CEBU","CEBU","OTHER AGRICULTURAL LANDS","2,500.00"
"ALL OTHER AREAS","INTERIOR LOT","BINALIW","CEBU","CEBU","RESIDENTIAL REGULAR","2,000.00"
"ALL OTHER AREAS","INTERIOR LOT","BINALIW","CEBU","CEBU","OTHER AGRICULTURAL LANDS","1,000.00"
"MAC-V SUBD.","","BINALIW","CEBU","CEBU","RESIDENTIAL REGULAR","8,200.00"
"ARMVILLE SUBD","","BINALIW","CEBU","CEBU","RESIDENTIAL REGULAR","8,200.00"
"SAN LORENZO SUBD.","","BINALIW","CEBU","CEBU","OTHER AGRICULTURAL LANDS","73,500.00"
"SAN LORENZO SUBD.","","BINALIW","CEBU","CEBU","RESIDENTIAL REGULAR","8,200.00"
"WOODLANDS SUBD.","","BINALIW","CEBU","CEBU","RESIDENTIAL REGULAR","8,200.00"
"PARADISE HILL SUBD.","","BINALIW","CEBU","CEBU","RESIDENTIAL REGULAR","8,200.00"
"ALL OTHER SUBDIVISIONS","","BINALIW","CEBU","CEBU","RESIDENTIAL REGULAR","6,700.00"
"ANNVILLE SOCIALIZED HOUSING","","BINALIW","CEBU","CEBU","RESIDENTIAL REGULAR","3,600.00"
"STA. ANA/SPRING VALLEY SOCIALIZED HOUSING","","BINALIW","CEBU","CEBU","RESIDENTIAL REGULAR","3,600.00"
"ALAZON SOCIALIZED HOUSING","","BINALIW","CEBU","CEBU","RESIDENTIAL REGULAR","3,600.00"
"ALL SOCIALIZED HOUSING SUBDIVISIONS","","BINALIW","CEBU","CEBU","RESIDENTIAL REGULAR","3,300.00"
"CEBU CITY GRAND RESIDENCE","","BINALIW","CEBU","CEBU","RESIDENTIAL CONDOMINIUM","65,000.00"
"BAYANIHAN FLATS","","BINALIW","CEBU","CEBU","RESIDENTIAL CONDOMINIUM","73,500.00"
"ALL OTHER CONDOMINIUMS","","BINALIW","CEBU","CEBU","COMMERCIAL CONDOMINIUM","72,500.00"
"ALL OTHER CONDOMINIUMS","","BINALIW","CEBU","CEBU","RESIDENTIAL CONDOMINIUM","60,000.00"
"ALL OTHER CONDOMINIUMS","","BINALIW","CEBU","CEBU","PARKING SLOT","45,000.00"
"ROAD TO BUDLAAN","ELEM. SCH.-BOUNDARY","BUDLA-AN","CEBU","CEBU","OTHER AGRICULTURAL LANDS","4,026.00"
"SITIO KANGMAYA","","BUDLA-AN","CEBU","CEBU","RESIDENTIAL REGULAR","4,838.00"
"SITIO KANGMAYA","","BUDLA-AN","CEBU","CEBU","OTHER AGRICULTURAL LANDS","4,026.00"
"SITIO TAC-AN","TO BUDLAAN ELEM. SCHOOL","BUDLA-AN","CEBU","CEBU","RESIDENTIAL REGULAR","42,500.00"
"SITIO TAC-AN","TO BUDLAAN ELEM. SCHOOL","BUDLA-AN","CEBU","CEBU","RESIDENTIAL REGULAR","6,200.00"
"ALL OTHER AREAS (ALL OTHER STREETS)","","BUDLA-AN","CEBU","CEBU","OTHER AGRICULTURAL LANDS","3,963.00"
"MA. LUISA PARK PHASE V","HIGHLAND","BUDLA-AN","CEBU","CEBU","RESIDENTIAL REGULAR","42,500.00"
"MA. LUISA PARK PHASE V","MIDLAND","BUDLA-AN","CEBU","CEBU","RESIDENTIAL REGULAR","32,750.00"
"MA. LUISA PARK PHASE V","CLIFF","BUDLA-AN","CEBU","CEBU","RESIDENTIAL REGULAR","30,625.00"
"ESTELLE WOOD SUBDIVISION","","BUDLA-AN","CEBU","CEBU","RESIDENTIAL REGULAR","9,500.00"
"ALL SOCIALIZED HOUSING SUBD.","","BUDLA-AN","CEBU","CEBU","RESIDENTIAL REGULAR","5,188.00"
"ALL OTHER SUBDIVISIONS","","BUDLA-AN","CEBU","CEBU","RESIDENTIAL REGULAR","9,250.00"
"TRANSCENTRAL HIGHWAY","","BUSAY","CEBU","CEBU","COMMERCIAL REGULAR","5,500.00"
"TRANSCENTRAL HIGHWAY","","BUSAY","CEBU","CEBU","RESIDENTIAL REGULAR","5,000.00"
"TRANSCENTRAL HIGHWAY","","BUSAY","CEBU","CEBU","OTHER AGRICULTURAL LANDS","3,750.00"
"ALL OTHER AREAS","ALONG THE ROAD","BUSAY","CEBU","CEBU","RESIDENTIAL REGULAR","4,250.00"
"ALL OTHER AREAS","ALONG THE ROAD","BUSAY","CEBU","CEBU","OTHER AGRICULTURAL LANDS","3,300.00"
"ALL OTHER AREAS","INTERIOR","BUSAY","CEBU","CEBU","RESIDENTIAL REGULAR","2,800.00"
"ALL OTHER AREAS","INTERIOR","BUSAY","CEBU","CEBU","OTHER AGRICULTURAL LANDS","2,050.00"
"EGGLING'S SUBD","","BUSAY","CEBU","CEBU","RESIDENTIAL REGULAR","8,500.00"
"GARDEN VILLE SUBD (GARDEN VILLE SUBDIVISION)","","BUSAY","CEBU","CEBU","RESIDENTIAL REGULAR","45,000.00"
"GARDEN VILLE SUBD (GARDEN VILLE SUBDIVISION)","","BUSAY","CEBU","CEBU","RESIDENTIAL REGULAR","8,500.00"
"HILLTOP SUBD","","BUSAY","CEBU","CEBU","RESIDENTIAL REGULAR","8,500.00"
"MARIA LUISA ESTATE PARK","PHASE VI PART","BUSAY","CEBU","CEBU","RESIDENTIAL REGULAR","36,500.00"
"MARIA LUISA ESTATE PARK","PHASE IX (VALLEY)","BUSAY","CEBU","CEBU","RESIDENTIAL REGULAR","40,000.00"
"MARIA LUISA ESTATE PARK","PHASE IX (HILLTOP)","BUSAY","CEBU","CEBU","RESIDENTIAL REGULAR","45,000.00"
"MARIA LUISA ESTATE PARK","PHASE IX (MIDLAND)","BUSAY","CEBU","CEBU","RESIDENTIAL REGULAR","41,500.00"
"MARIA LUISA ESTATE PARK - THE HIGHLANDS","PHASE IX (VALLEY)","BUSAY","CEBU","CEBU","RESIDENTIAL REGULAR","36,250.00"
"MARIA LUISA ESTATE PARK - THE HIGHLANDS","PHASE IX (HILLTOP)","BUSAY","CEBU","CEBU","RESIDENTIAL REGULAR","39,250.00"
"MARIA LUISA ESTATE PARK - THE HIGHLANDS","PHASE IX (MIDLAND)","BUSAY","CEBU","CEBU","RESIDENTIAL REGULAR","39,300.00"
"PLAZAVILLE","","BUSAY","CEBU","CEBU","RESIDENTIAL REGULAR","8,500.00"
"PROV. GOVERNMENT SUBD.","","BUSAY","CEBU","CEBU","RESIDENTIAL REGULAR","8,500.00"
"DON EMILIO OSMENA HW","BOUNDARY MALUBOG/GRAJE","BUSAY","CEBU","CEBU","RESIDENTIAL REGULAR","4,700.00"
"DON EMILIO OSMENA HW","GRAJE-EGGLING'S RES","BUSAY","CEBU","CEBU","RESIDENTIAL REGULAR","6,000.00"
"DON EMILIO OSMENA HW","EGGLING'S-LAHUG","BUSAY","CEBU","CEBU","RESIDENTIAL REGULAR","6,000.00"
"STO. NINO PBN VILLAGE","(PLAZA HOUSING)","BUSAY","CEBU","CEBU","RESIDENTIAL REGULAR","6,000.00"
"ALL SOCIALIZED HOUSING SUBDIVISIONS","","BUSAY","CEBU","CEBU","RESIDENTIAL REGULAR","4,100.00"
"ALL OTHER SUBDIVISIONS","","BUSAY","CEBU","CEBU","OTHER AGRICULTURAL LANDS","138,800.00"
"ALL OTHER SUBDIVISIONS","","BUSAY","CEBU","CEBU","RESIDENTIAL REGULAR","8,500.00"
"CITY LIGHTS","NIVEL HILLS","BUSAY","CEBU","CEBU","RESIDENTIAL CONDOMINIUM","127,500.00"
"CITY LIGHTS","NIVEL HILLS","BUSAY","CEBU","CEBU","PARKING SLOT","78,000.00"
"LA NIVEA CONDOMINIUM @ NIVEL HILLS","HOLY FAMILY ROAD","BUSAY","CEBU","CEBU","RESIDENTIAL CONDOMINIUM","120,000.00"
"LA NIVEA CONDOMINIUM @ NIVEL HILLS","HOLY FAMILY ROAD","BUSAY","CEBU","CEBU","PARKING SLOT","77,500.00"
"RUMAH HIGHLANDS CONDO","","BUSAY","CEBU","CEBU","RESIDENTIAL CONDOMINIUM","120,000.00"
"RUMAH HIGHLANDS CONDO","","BUSAY","CEBU","CEBU","PARKING SLOT","77,500.00"
"LE MENDA RESIDENCES","","BUSAY","CEBU","CEBU","RESIDENTIAL CONDOMINIUM","121,000.00"
"LE MENDA RESIDENCES","","BUSAY","CEBU","CEBU","PARKING SLOT","75,000.00"
"ALL OTHER CONDOMINIUMS","","BUSAY","CEBU","CEBU","COMMERCIAL CONDOMINIUM","138,800.00"
"ALL OTHER CONDOMINIUMS","","BUSAY","CEBU","CEBU","RESIDENTIAL CONDOMINIUM","118,500.00"
"ALL OTHER CONDOMINIUMS","","BUSAY","CEBU","CEBU","PARKING SLOT","75,300.00"
"ALL AREAS","ALONG THE ROAD","CAMBINOCOT","CEBU","CEBU","RESIDENTIAL REGULAR","1,085.00"
"ALL AREAS","INTERIOR LOT","CAMBINOCOT","CEBU","CEBU","RESIDENTIAL REGULAR","690.00"
"ALL AREAS","ALL COMMERCIAL LOTS","CAMBINOCOT","CEBU","CEBU","COMMERCIAL REGULAR","1,221.00"
"ALL AREAS","ALONG THE ROAD","CAMBINOCOT","CEBU","CEBU","OTHER AGRICULTURAL LANDS","655.00"
"ALL AREAS","INTERIOR LOT","CAMBINOCOT","CEBU","CEBU","RESIDENTIAL REGULAR","105,000.00"
"ALL AREAS","INTERIOR LOT","CAMBINOCOT","CEBU","CEBU","OTHER AGRICULTURAL LANDS","390.00"
"ALL AREAS","WATERSHED","CAMBINOCOT","CEBU","CEBU","OTHER AGRICULTURAL LANDS","190.00"
"CAPITOL CEBU CY ZOO","VILLALON RES-CCG","CAPITOL SITE","CEBU","CEBU","RESIDENTIAL REGULAR","42,000.00"
"CAPITOL CEBU CY ZOO","ESCARIO-VILLALON RES","CAPITOL SITE","CEBU","CEBU","RESIDENTIAL REGULAR","42,000.00"
"CLAVANO ST","ESCARIO ST-MONTALBAN SUBD","CAPITOL SITE","CEBU","CEBU","RESIDENTIAL REGULAR","43,000.00"
"CLAVANO ST","JUNC RD-CEBU CITY Z00 (JUNC RD)","CAPITOL SITE","CEBU","CEBU","RESIDENTIAL REGULAR","43,500.00"
"DON GIL GARCIA EXT","","CAPITOL SITE","CEBU","CEBU","COMMERCIAL REGULAR","81,000.00"
"DON GIL GARCIA ST. EXT. 1& 2 (BACK OF CAPITOL)","","CAPITOL SITE","CEBU","CEBU","COMMERCIAL REGULAR","71,000.00"
"DON J AVILA ST","OSMENA BLVD-KAMPUTHAW BDRY","CAPITOL SITE","CEBU","CEBU","COMMERCIAL REGULAR","81,000.00"
"EAST CAPITOL SITE","","CAPITOL SITE","CEBU","CEBU","COMMERCIAL REGULAR","81,000.00"
"F. RAMOS EXT","MA CRISTINA ST","CAPITOL SITE","CEBU","CEBU","COMMERCIAL REGULAR","81,000.00"
"GEN MAXILOM ST","OSMENA BLVD-KAMPUTHAW BDRY","CAPITOL SITE","CEBU","CEBU","COMMERCIAL REGULAR","105,000.00"
"JUANA OSMENA ST","MAXILOM-ABOITIZ","CAPITOL SITE","CEBU","CEBU","COMMERCIAL REGULAR","69,500.00"
"JUANA OSMENA ST","ABOITIZ-N ESCARIO","CAPITOL SITE","CEBU","CEBU","COMMERCIAL REGULAR","69,500.00"
"JUANA OSMENA ST","ESCARIO-JUNCTION ROAD","CAPITOL SITE","CEBU","CEBU","RESIDENTIAL REGULAR","49,000.00"
"JUANA OSMENA ST","JUNCTION-CCGC","CAPITOL SITE","CEBU","CEBU","RESIDENTIAL REGULAR","49,000.00"
"J LLORENTE ST","OSMENA BLVD-J OSMENA","CAPITOL SITE","CEBU","CEBU","RESIDENTIAL CONDOMINIUM","209,800.00"
"J LLORENTE ST","OSMENA BLVD-J OSMENA","CAPITOL SITE","CEBU","CEBU","COMMERCIAL REGULAR","73,000.00"
"M VELEZ EXT (MVELEZ ST)","GUAD RVR-DON G GARCIA","CAPITOL SITE","CEBU","CEBU","COMMERCIAL REGULAR","68,000.00"
"MA CRISTINA ST (MP YAP)","","CAPITOL SITE","CEBU","CEBU","COMMERCIAL REGULAR","73,000.00"
"MA CRISTINA EXT","","CAPITOL SITE","CEBU","CEBU","COMMERCIAL REGULAR","73,000.00"
"MANUEL ZOSA ST (GOV ROSAS)","","CAPITOL SITE","CEBU","CEBU","COMMERCIAL REGULAR","73,000.00"
"N ESCARIO ST.","J OSMENA-G GARCIA","CAPITOL SITE","CEBU","CEBU","COMMERCIAL REGULAR","73,000.00"
"N RAFOLS ST","","CAPITOL SITE","CEBU","CEBU","COMMERCIAL REGULAR","73,000.00"
"PRES OSMENA BLVD","OSMENA-RTDA ESCARIO","CAPITOL SITE","CEBU","CEBU","COMMERCIAL REGULAR","105,000.00"
"ALL OTHER STREETS","","CAPITOL SITE","CEBU","CEBU","COMMERCIAL REGULAR","51,500.00"
"ALL OTHER STREETS","","CAPITOL SITE","CEBU","CEBU","RESIDENTIAL REGULAR","38,000.00"
"CAPITOL RESIDENCES","","CAPITOL SITE","CEBU","CEBU","RESIDENTIAL REGULAR","48,500.00"
"BE RESIDENCES UPTOWN","JUANA OSMENA ST.","CAPITOL SITE","CEBU","CEBU","COMMERCIAL CONDOMINIUM","209,800.00"
"BE RESIDENCES UPTOWN","JUANA OSMENA ST.","CAPITOL SITE","CEBU","CEBU","RESIDENTIAL CONDOMINIUM","176,500.00"
"BE RESIDENCES UPTOWN","JUANA OSMENA ST.","CAPITOL SITE","CEBU","CEBU","PARKING SLOT","94,000.00"
"ALL OTHER CONDOMINIUMS","","CAPITOL SITE","CEBU","CEBU","COMMERCIAL CONDOMINIUM","91,000.00"
"(SMALL AND MEDIUM, 7 STOREYS AND BELOW)","","CAPITOL SITE","CEBU","CEBU","RESIDENTIAL CONDOMINIUM","74,000.00"
"(SMALL AND MEDIUM, 7 STOREYS AND BELOW)","","CAPITOL SITE","CEBU","CEBU","COMMERCIAL REGULAR","131,500.00"
"(SMALL AND MEDIUM, 7 STOREYS AND BELOW)","","CAPITOL SITE","CEBU","CEBU","PARKING SLOT","37,000.00"
"ALL OTHER CONDOMINIUMS","","CAPITOL SITE","CEBU","CEBU","COMMERCIAL CONDOMINIUM","131,500.00"
"(8 STOREYS AND ABOVE)","","CAPITOL SITE","CEBU","CEBU","RESIDENTIAL CONDOMINIUM","112,500.00"
"(8 STOREYS AND ABOVE)","","CAPITOL SITE","CEBU","CEBU","PARKING SLOT","75,500.00"
"3RD AVENUE","","CARRETA","CEBU","CEBU","COMMERCIAL REGULAR","99,500.00"
"ANDRES SORIANO JR. AVE.","","CARRETA","CEBU","CEBU","COMMERCIAL REGULAR","99,500.00"
"BERNARDO BENEDICTO  ST.","","CARRETA","CEBU","CEBU","COMMERCIAL REGULAR","99,500.00"
"DON CUENCO  MARIO J, AVENUE","","CARRETA","CEBU","CEBU","COMMERCIAL REGULAR","99,500.00"
"EAST  ROAD","","CARRETA","CEBU","CEBU","COMMERCIAL REGULAR","99,500.00"
"GENERAL MAXILOM AVENUE","B-CATH CEM-MJ CUENCO","CARRETA","CEBU","CEBU","COMMERCIAL REGULAR","105,000.00"
"GENERAL MAXILOM AVENUE","MJ CUENCO - P CANAL","CARRETA","CEBU","CEBU","COMMERCIAL REGULAR","105,000.00"
"JAYME C. DE VEYRA ST","","CARRETA","CEBU","CEBU","COMMERCIAL REGULAR","99,500.00"
"JOSE L. BRIONES ST.","","CARRETA","CEBU","CEBU","COMMERCIAL REGULAR","99,500.00"
"MC ARTHUR BLVD.","","CARRETA","CEBU","CEBU","COMMERCIAL REGULAR","99,500.00"
"MJ CUENCO AVENUE","MAXILOM - C CREEK","CARRETA","CEBU","CEBU","COMMERCIAL REGULAR","100,500.00"
"NEW IMUS ROAD","","CARRETA","CEBU","CEBU","COMMERCIAL REGULAR","99,500.00"
"NORTH 6TH ROAD","","CARRETA","CEBU","CEBU","RESIDENTIAL CONDOMINIUM","157,300.00"
"NORTH 6TH ROAD","","CARRETA","CEBU","CEBU","COMMERCIAL REGULAR","99,500.00"
"SERGING OSMENA BLVD.","","CARRETA","CEBU","CEBU","COMMERCIAL REGULAR","99,500.00"
"SITIO CROSSING ROAD","","CARRETA","CEBU","CEBU","COMMERCIAL REGULAR","99,500.00"
"SITIO IPIL-IPIL ROAD","","CARRETA","CEBU","CEBU","COMMERCIAL REGULAR","99,500.00"
"WEST STREET","","CARRETA","CEBU","CEBU","COMMERCIAL REGULAR","99,500.00"
"ALL OTHER STREETS","","CARRETA","CEBU","CEBU","COMMERCIAL REGULAR","75,000.00"
"ALL OTHER STREETS","","CARRETA","CEBU","CEBU","RESIDENTIAL REGULAR","57,500.00"
"ALL OTHER STREETS","INTERIORS STREETS","CARRETA","CEBU","CEBU","RESIDENTIAL REGULAR","47,000.00"
"PARTHENON RESIDENCES","J. DE VEYRA STREET","CARRETA","CEBU","CEBU","COMMERCIAL CONDOMINIUM","149,500.00"
"PARTHENON RESIDENCES","J. DE VEYRA STREET","CARRETA","CEBU","CEBU","RESIDENTIAL CONDOMINIUM","132,500.00"
"PARTHENON RESIDENCES","J. DE VEYRA STREET","CARRETA","CEBU","CEBU","PARKING SLOT","80,850.00"
"SAN MARINO RESIDENCES","J. DE VEYRA  STREET","CARRETA","CEBU","CEBU","COMMERCIAL CONDOMINIUM","139,700.00"
"SAN MARINO RESIDENCES","J. DE VEYRA  STREET","CARRETA","CEBU","CEBU","RESIDENTIAL CONDOMINIUM","121,500.00"
"SAN MARINO RESIDENCES","J. DE VEYRA  STREET","CARRETA","CEBU","CEBU","PARKING SLOT","70,000.00"
"SUNVIDA TOWER","JUAN LUNA AVE. EXTENSION","CARRETA","CEBU","CEBU","COMMERCIAL CONDOMINIUM","157,300.00"
"SUNVIDA TOWER","JUAN LUNA AVE. EXTENSION","CARRETA","CEBU","CEBU","RESIDENTIAL CONDOMINIUM","135,000.00"
"SUNVIDA TOWER","JUAN LUNA AVE. EXTENSION","CARRETA","CEBU","CEBU","COMMERCIAL REGULAR","132,000.00"
"SUNVIDA TOWER","JUAN LUNA AVE. EXTENSION","CARRETA","CEBU","CEBU","PARKING SLOT","82,500.00"
"ALL OTHER CONDOMINIUMS","","CARRETA","CEBU","CEBU","COMMERCIAL CONDOMINIUM","132,000.00"
"ALL OTHER CONDOMINIUMS","","CARRETA","CEBU","CEBU","RESIDENTIAL CONDOMINIUM","117,500.00"
"ALL OTHER CONDOMINIUMS","","CARRETA","CEBU","CEBU","PARKING SLOT","66,000.00"
"1ST ST (3RD AVE EXT)","","CEBU PORT AREA","CEBU","CEBU","COMMERCIAL REGULAR","52,500.00"
"2ND ST (6TH AVE EXT)","MJ CUENCO - P CANAL","CEBU PORT AREA","CEBU","CEBU","COMMERCIAL REGULAR","52,500.00"
"3RD ST EAST (ROAD WEST 1)","MAXILOM - C CREEK","CEBU PORT AREA","CEBU","CEBU","COMMERCIAL REGULAR","52,500.00"
"3RD ST WEST (ROAD EAST 1)","","CEBU PORT AREA","CEBU","CEBU","COMMERCIAL REGULAR","52,500.00"
"4TH ST (ROAD 5)","","CEBU PORT AREA","CEBU","CEBU","COMMERCIAL REGULAR","52,500.00"
"5TH ST EAST (AD EAST 3)","","CEBU PORT AREA","CEBU","CEBU","COMMERCIAL REGULAR","52,500.00"
"5TH ST WEST (AD WEST 3)","","CEBU PORT AREA","CEBU","CEBU","COMMERCIAL REGULAR","52,500.00"
"6TH ST (3RD AVE)","","CEBU PORT AREA","CEBU","CEBU","COMMERCIAL REGULAR","52,500.00"
"BARANGAY ST (1ST ST)","","CEBU PORT AREA","CEBU","CEBU","COMMERCIAL REGULAR","52,500.00"
"CABAHUG ST (2ND ST)","","CEBU PORT AREA","CEBU","CEBU","COMMERCIAL REGULAR","52,500.00"
"CITY HALL CIVIC CENTER","T. PADILLA ST","CEBU PORT AREA","CEBU","CEBU","COMMERCIAL REGULAR","52,500.00"
"CITY HALL CIVIC CENTER","7TH ST (13TH ST)","CEBU PORT AREA","CEBU","CEBU","COMMERCIAL REGULAR","52,500.00"
"CITY HALL CIVIC CENTER","S OSMENA JR. AVE.","CEBU PORT AREA","CEBU","CEBU","COMMERCIAL REGULAR","59,000.00"
"CITY HALL CIVIC CENTER","S OSMENA JR. AVE.","CEBU PORT AREA","CEBU","CEBU","COMMERCIAL REGULAR","55,000.00"
"CITY HALL CIVIC CENTER","2ND AVENUE","CEBU PORT AREA","CEBU","CEBU","COMMERCIAL REGULAR","52,500.00"
"CITY HALL CIVIC CENTER","PORT CENTER AVE (10TH)","CEBU PORT AREA","CEBU","CEBU","COMMERCIAL REGULAR","52,500.00"
"CITY HALL CIVIC CENTER","10TH ST (6TH ST)","CEBU PORT AREA","CEBU","CEBU","COMMERCIAL REGULAR","52,500.00"
"CITY HALL CIVIC CENTER","SAN JOSE DELA MONTANA","CEBU PORT AREA","CEBU","CEBU","COMMERCIAL REGULAR","57,500.00"
"CITY HALL CIVIC CENTER","LUDO MEM. PARK","CEBU PORT AREA","CEBU","CEBU","COMMERCIAL REGULAR","50,000.00"
"CITY HALL CIVIC CENTER","QUEEN CITY GARDENS","CEBU PORT AREA","CEBU","CEBU","COMMERCIAL REGULAR","59,000.00"
"CITY HALL CIVIC CENTER","BANGKA ST","CEBU PORT AREA","CEBU","CEBU","COMMERCIAL REGULAR","52,500.00"
"CITY HALL CIVIC CENTER","BARKO ST","CEBU PORT AREA","CEBU","CEBU","COMMERCIAL REGULAR","52,500.00"
"HUMABON AVENUE (4TH AVE)","","CEBU PORT AREA","CEBU","CEBU","COMMERCIAL REGULAR","52,500.00"
"INDEPENDENCIA ST (3RD ST)","","CEBU PORT AREA","CEBU","CEBU","COMMERCIAL REGULAR","56,500.00"
"KALIPAYAN ST (8TH ST)","","CEBU PORT AREA","CEBU","CEBU","COMMERCIAL REGULAR","56,500.00"
"LAPU LAPU AVE (7TH AVE)","SUPERBLOCK/LEGASPI-OSMENA","CEBU PORT AREA","CEBU","CEBU","COMMERCIAL REGULAR","52,500.00"
"LAPU LAPU AVE (7TH AVE)","MIXED BALINTAWAK-MAG","CEBU PORT AREA","CEBU","CEBU","COMMERCIAL REGULAR","54,000.00"
"LAPU LAPU LOOP (6TH AVE)","","CEBU PORT AREA","CEBU","CEBU","COMMERCIAL REGULAR","52,500.00"
"PEPSI ST (8TH AVE)","","CEBU PORT AREA","CEBU","CEBU","COMMERCIAL REGULAR","52,500.00"
"PORT AREAS","QUEZON BLVD","CEBU PORT AREA","CEBU","CEBU","RESIDENTIAL CONDOMINIUM","163,500.00"
"PORT AREAS","QUEZON BLVD","CEBU PORT AREA","CEBU","CEBU","COMMERCIAL REGULAR","56,500.00"
"PORT AREAS","ARELLANO BLVD (1ST AVE)","CEBU PORT AREA","CEBU","CEBU","COMMERCIAL REGULAR","56,500.00"
"PORT AREAS","1ST AVE (6TH AVE)","CEBU PORT AREA","CEBU","CEBU","COMMERCIAL REGULAR","53,000.00"
"PORT AREAS","OSMENA JR. AVE","CEBU PORT AREA","CEBU","CEBU","COMMERCIAL REGULAR","56,500.00"
"PORT AREAS","T. PADILLA EXT","CEBU PORT AREA","CEBU","CEBU","COMMERCIAL REGULAR","52,500.00"
"PORT CENTER AVE (5TH AVE)","","CEBU PORT AREA","CEBU","CEBU","COMMERCIAL REGULAR","52,500.00"
"PORT CENTER AVE (10TH AVE)","","CEBU PORT AREA","CEBU","CEBU","COMMERCIAL REGULAR","52,500.00"
"S. OSMENA JR AVE (2ND AVE)","SUPERBLOCK","CEBU PORT AREA","CEBU","CEBU","COMMERCIAL REGULAR","61,500.00"
"S. OSMENA JR AVE (2ND AVE)","MIXED","CEBU PORT AREA","CEBU","CEBU","COMMERCIAL REGULAR","57,500.00"
"SAN JOSE DELA MONTANA AVE","","CEBU PORT AREA","CEBU","CEBU","COMMERCIAL REGULAR","52,500.00"
"STP COURT (6TH AVE)","","CEBU PORT AREA","CEBU","CEBU","COMMERCIAL REGULAR","56,500.00"
"ALL OTHER STREETS","","CEBU PORT AREA","CEBU","CEBU","COMMERCIAL REGULAR","50,000.00"
"CIFC CONDO","","CEBU PORT AREA","CEBU","CEBU","COMMERCIAL CONDOMINIUM","122,500.00"
"PARKING SLOT","","CEBU PORT AREA","CEBU","CEBU","PARKING SLOT","70,000.00"
"GALLERIA RESIDENCES","GEN. MAXILOM AVE. EXT-S OSMENA JR BLVD.","CEBU PORT AREA","CEBU","CEBU","COMMERCIAL CONDOMINIUM","140,000.00"
"GALLERIA RESIDENCES","GEN. MAXILOM AVE. EXT-S OSMENA JR BLVD.","CEBU PORT AREA","CEBU","CEBU","RESIDENTIAL CONDOMINIUM","163,500.00"
"GALLERIA RESIDENCES","GEN. MAXILOM AVE. EXT-S OSMENA JR BLVD.","CEBU PORT AREA","CEBU","CEBU","COMMERCIAL REGULAR","157,300.00"
"GALLERIA RESIDENCES","GEN. MAXILOM AVE. EXT-S OSMENA JR BLVD.","CEBU PORT AREA","CEBU","CEBU","PARKING SLOT","100,600.00"
"PARTHENON RESIDENCES","J. DE VEYRA ST.","CEBU PORT AREA","CEBU","CEBU","COMMERCIAL CONDOMINIUM","149,500.00"
"PARTHENON RESIDENCES","J. DE VEYRA ST.","CEBU PORT AREA","CEBU","CEBU","RESIDENTIAL CONDOMINIUM","132,500.00"
"PARTHENON RESIDENCES","J. DE VEYRA ST.","CEBU PORT AREA","CEBU","CEBU","PARKING SLOT","80,850.00"
"SAN MARINO","J. DE VEYRA ST.","CEBU PORT AREA","CEBU","CEBU","COMMERCIAL CONDOMINIUM","139,700.00"
"SAN MARINO","J. DE VEYRA ST.","CEBU PORT AREA","CEBU","CEBU","RESIDENTIAL CONDOMINIUM","121,500.00"
"SAN MARINO","J. DE VEYRA ST.","CEBU PORT AREA","CEBU","CEBU","PARKING SLOT","70,000.00"
"SUN VIDA TOWER","JUAN LUNA AVENUE","CEBU PORT AREA","CEBU","CEBU","COMMERCIAL CONDOMINIUM","157,300.00"
"SUN VIDA TOWER","JUAN LUNA AVENUE","CEBU PORT AREA","CEBU","CEBU","RESIDENTIAL CONDOMINIUM","135,000.00"
"SUN VIDA TOWER","JUAN LUNA AVENUE","CEBU PORT AREA","CEBU","CEBU","PARKING SLOT","82,500.00"
"ALL OTHER CONDOMINIUMS","","CEBU PORT AREA","CEBU","CEBU","COMMERCIAL CONDOMINIUM","121,500.00"
"ALL OTHER CONDOMINIUMS","","CEBU PORT AREA","CEBU","CEBU","RESIDENTIAL CONDOMINIUM","117,500.00"
"ALL OTHER CONDOMINIUMS","","CEBU PORT AREA","CEBU","CEBU","PARKING SLOT","66,000.00"
"COLON ST","OSMENA - JAKOSALEM","CENTRAL POB (STO. NIÑO PROPER)","CEBU","CEBU","COMMERCIAL REGULAR","102,500.00"
"D JAKOSALEM ST.","LEGASPI - OSMENA BLVD.","CENTRAL POB (STO. NIÑO PROPER)","CEBU","CEBU","COMMERCIAL REGULAR","100,000.00"
"D JAKOSALEM ST.","COLON - LEGASPI ST.","CENTRAL POB (STO. NIÑO PROPER)","CEBU","CEBU","COMMERCIAL REGULAR","100,000.00"
"LEGASPI ST","COLON V GULLAS","CENTRAL POB (STO. NIÑO PROPER)","CEBU","CEBU","COMMERCIAL CONDOMINIUM","124,000.00"
"LEGASPI ST","COLON V GULLAS","CENTRAL POB (STO. NIÑO PROPER)","CEBU","CEBU","COMMERCIAL REGULAR","100,000.00"
"LEGASPI ST","V GULLAS-JAKOSALEM","CENTRAL POB (STO. NIÑO PROPER)","CEBU","CEBU","COMMERCIAL REGULAR","100,000.00"
"LEGASPI ST","JAKOSALEM-P BURGOS","CENTRAL POB (STO. NIÑO PROPER)","CEBU","CEBU","COMMERCIAL REGULAR","100,000.00"
"MABINI","V GULLAS-URDANETA","CENTRAL POB (STO. NIÑO PROPER)","CEBU","CEBU","COMMERCIAL REGULAR","100,000.00"
"P BURGOS ST","URDANETA-OSMENA BLVD","CENTRAL POB (STO. NIÑO PROPER)","CEBU","CEBU","COMMERCIAL REGULAR","100,000.00"
"P BURGOS ST","V GULLAS-URDANETA","CENTRAL POB (STO. NIÑO PROPER)","CEBU","CEBU","COMMERCIAL REGULAR","100,000.00"
"P GOMES ST","JAKOSALEM-MABINI","CENTRAL POB (STO. NIÑO PROPER)","CEBU","CEBU","COMMERCIAL REGULAR","100,000.00"
"PLARIDEL EXT","LEGASPI-P OSMENA BLVD","CENTRAL POB (STO. NIÑO PROPER)","CEBU","CEBU","COMMERCIAL REGULAR","100,000.00"
"PRES OSMENA BLVD","JAKOSALEM-P BURGOS","CENTRAL POB (STO. NIÑO PROPER)","CEBU","CEBU","COMMERCIAL REGULAR","102,500.00"
"PRES OSMENA BLVD","V GULLAS-JAKOSALEM","CENTRAL POB (STO. NIÑO PROPER)","CEBU","CEBU","COMMERCIAL REGULAR","102,500.00"
"PRES OSMENA BLVD","COLON-V GULLAS","CENTRAL POB (STO. NIÑO PROPER)","CEBU","CEBU","COMMERCIAL REGULAR","102,500.00"
"V GULLAS ST","LEGASPI-MABINI","CENTRAL POB (STO. NIÑO PROPER)","CEBU","CEBU","COMMERCIAL REGULAR","100,000.00"
"V GULLAS ST","OSMEÑA BLVD-LEGASPI (MAGALLANES)","CENTRAL POB (STO. NIÑO PROPER)","CEBU","CEBU","COMMERCIAL REGULAR","100,000.00"
"ALL OTHER STREETS","","CENTRAL POB (STO. NIÑO PROPER)","CEBU","CEBU","COMMERCIAL REGULAR","89,250.00"
"ALL OTHER STREETS","","CENTRAL POB (STO. NIÑO PROPER)","CEBU","CEBU","RESIDENTIAL REGULAR","28,125.00"
"CITY SAVINGS FINANCIAL PLAZA","","CENTRAL POB (STO. NIÑO PROPER)","CEBU","CEBU","COMMERCIAL CONDOMINIUM","124,000.00"
"PARKING SLOT","CITY SAVINGS FINANCIAL PLAZA","CENTRAL POB (STO. NIÑO PROPER)","CEBU","CEBU","PARKING SLOT","209,000.00"
"PARKING SLOT","CITY SAVINGS FINANCIAL PLAZA","CENTRAL POB (STO. NIÑO PROPER)","CEBU","CEBU","PARKING SLOT","53,750.00"
"ALL OTHER CONDOMINIUMS","","CENTRAL POB (STO. NIÑO PROPER)","CEBU","CEBU","COMMERCIAL CONDOMINIUM","142,625.00"
"ALL OTHER CONDOMINIUMS","","CENTRAL POB (STO. NIÑO PROPER)","CEBU","CEBU","RESIDENTIAL CONDOMINIUM","134,750.00"
"ALL OTHER CONDOMINIUMS","","CENTRAL POB (STO. NIÑO PROPER)","CEBU","CEBU","PARKING SLOT","100,000.00"
"D JAKOSALEM ST","LANDON-GEN MAXILOM","COGON CENTRAL","CEBU","CEBU","COMMERCIAL REGULAR","67,500.00"
"R RAMOS ST","MAXILOM-VILLANUEVA","COGON CENTRAL","CEBU","CEBU","COMMERCIAL REGULAR","86,500.00"
"F RAMOS ST","VILLANUEVA-JAKOSALEM","COGON CENTRAL","CEBU","CEBU","COMMERCIAL REGULAR","75,500.00"
"GEN ECHAVEZ EXT","F RAMOS-JAKOSALEM ST","COGON CENTRAL","CEBU","CEBU","COMMERCIAL REGULAR","58,000.00"
"GEN MAXILOM AVE","J OSMENA-JAKOSALEM ST","COGON CENTRAL","CEBU","CEBU","COMMERCIAL REGULAR","95,800.00"
"GEN. JUNQUERA EXT","","COGON CENTRAL","CEBU","CEBU","COMMERCIAL REGULAR","83,000.00"
"RR LANDON ST","JUNQUERA-JAKOSALEM","COGON CENTRAL","CEBU","CEBU","COMMERCIAL REGULAR","80,000.00"
"V RANUDO ST","F RAMOS-JAKOSALEM","COGON CENTRAL","CEBU","CEBU","COMMERCIAL REGULAR","70,500.00"
"ALL OTHER STREETS","","COGON CENTRAL","CEBU","CEBU","COMMERCIAL REGULAR","45,500.00"
"HORIZONS 101","MANGO AVENUE","COGON CENTRAL","CEBU","CEBU","COMMERCIAL CONDOMINIUM","209,000.00"
"HORIZONS 101","MANGO AVENUE","COGON CENTRAL","CEBU","CEBU","RESIDENTIAL CONDOMINIUM","180,000.00"
"HORIZONS 101","MANGO AVENUE","COGON CENTRAL","CEBU","CEBU","PARKING SLOT","114,500.00"
"ALL OTHER CONDOMINIUMS","","COGON CENTRAL","CEBU","CEBU","RESIDENTIAL CONDOMINIUM","142,500.00"
"ALL OTHER CONDOMINIUMS","","COGON CENTRAL","CEBU","CEBU","COMMERCIAL CONDOMINIUM","134,500.00"
"ALL OTHER CONDOMINIUMS","","COGON CENTRAL","CEBU","CEBU","RESIDENTIAL CONDOMINIUM","119,000.00"
"ALL OTHER CONDOMINIUMS","","COGON CENTRAL","CEBU","CEBU","PARKING SLOT","76,000.00"
"BONIFACIO ST","JAKOSALEM-SIKATUNA","DAY-AS","CEBU","CEBU","COMMERCIAL REGULAR","68,000.00"
"D JAKOSALEM","F RAMOS-PDEL ROSARIO","DAY-AS","CEBU","CEBU","COMMERCIAL REGULAR","68,000.00"
"D JAKOSALEM","P DEL ROSARIO-BONIFACIO","DAY-AS","CEBU","CEBU","COMMERCIAL REGULAR","68,000.00"
"IMUS ST","JAKOSALEM-BRGY. T. PADILLA BDR","DAY-AS","CEBU","CEBU","COMMERCIAL REGULAR","76,000.00"
"SIKATUNA","BONIFACIO-ZAPATERA BDY (T PADILLA","DAY-AS","CEBU","CEBU","COMMERCIAL REGULAR","68,000.00"
"T. PADILLA ST","SIKATUNA ST-BRGY T. PADILLA BDR","DAY-AS","CEBU","CEBU","COMMERCIAL REGULAR","77,000.00"
"ALL OTHER STREETS","","DAY-AS","CEBU","CEBU","COMMERCIAL REGULAR","68,000.00"
"INTERIOR AREAS","","DAY-AS","CEBU","CEBU","RESIDENTIAL REGULAR","29,000.00"
"BLOQ RESIDENCES","SIKATUNA","DAY-AS","CEBU","CEBU","COMMERCIAL CONDOMINIUM","140,000.00"
"BLOQ RESIDENCES","SIKATUNA","DAY-AS","CEBU","CEBU","RESIDENTIAL CONDOMINIUM","120,500.00"
"BLOQ RESIDENCES","SIKATUNA","DAY-AS","CEBU","CEBU","PARKING SLOT","75,000.00"
"VISTANA PEARL RESIDENCES","","DAY-AS","CEBU","CEBU","COMMERCIAL CONDOMINIUM","142,500.00"
"VISTANA PEARL RESIDENCES","","DAY-AS","CEBU","CEBU","RESIDENTIAL CONDOMINIUM","122,500.00"
"VISTANA PEARL RESIDENCES","","DAY-AS","CEBU","CEBU","RESIDENTIAL REGULAR","195,250.00"
"VISTANA PEARL RESIDENCES","","DAY-AS","CEBU","CEBU","PARKING SLOT","83,500.00"
"ALL OTHER  CONDOMINIUMS","","DAY-AS","CEBU","CEBU","COMMERCIAL CONDOMINIUM","132,000.00"
"ALL OTHER  CONDOMINIUMS","","DAY-AS","CEBU","CEBU","RESIDENTIAL CONDOMINIUM","117,500.00"
"ALL OTHER  CONDOMINIUMS","","DAY-AS","CEBU","CEBU","PARKING SLOT","72,500.00"
"ALL AREAS","ALONG BARANGAY ROAD","GUBA","CEBU","CEBU","RESIDENTIAL REGULAR","1,835.00"
"ALL AREAS","ALONG BARANGAY ROAD","GUBA","CEBU","CEBU","OTHER AGRICULTURAL LANDS","1,207.00"
"ALL AREAS","INTERIOR","GUBA","CEBU","CEBU","RESIDENTIAL REGULAR","1,025.00"
"ALL AREAS","INTERIOR","GUBA","CEBU","CEBU","OTHER AGRICULTURAL LANDS","980.00"
"STREETS WITHIN CBP UNDER THIS BRGY:","LOT NO. 2","HIPODROMO","CEBU","CEBU","RESIDENTIAL REGULAR","195,250.00"
"(APO ST, AYALA ROAD, PESCADORES ST,","LOT NOS. 5-16","HIPODROMO","CEBU","CEBU","RESIDENTIAL REGULAR","195,250.00"
"BORACAY ROAD, SUMILON ROAD,","LOT NOS. 17-23","HIPODROMO","CEBU","CEBU","RESIDENTIAL REGULAR","195,250.00"
"PANGLAO ROAD, PANAY ROAD,","LOT NOS 25-27","HIPODROMO","CEBU","CEBU","RESIDENTIAL REGULAR","195,250.00"
"SAMAR LOOP, LEYTE LOOP,","LOT NOS. 24,28-32,& 34","HIPODROMO","CEBU","CEBU","RESIDENTIAL REGULAR","195,250.00"
"CAMOTES LOOP, NEGROS, MC CREWVILLE,","LOT 35-37","HIPODROMO","CEBU","CEBU","RESIDENTIAL REGULAR","195,250.00"
"BANTAYAN RD. MINDANAO, BOHOL,","LOT NOS 39-41","HIPODROMO","CEBU","CEBU","RESIDENTIAL REGULAR","195,250.00"
"BILIRAN ST.,  MACTAN ST.,AYALA RD.)","LOT NOS 42-52","HIPODROMO","CEBU","CEBU","RESIDENTIAL REGULAR","195,250.00"
"BILIRAN ST.,  MACTAN ST.,AYALA RD.)","LOT NO. 55","HIPODROMO","CEBU","CEBU","COMMERCIAL CONDOMINIUM","214,845.00"
"BILIRAN ST.,  MACTAN ST.,AYALA RD.)","LOT NO. 55","HIPODROMO","CEBU","CEBU","RESIDENTIAL REGULAR","195,250.00"
"BILIRAN ST.,  MACTAN ST.,AYALA RD.)","LOT NOS 58, 60-64","HIPODROMO","CEBU","CEBU","RESIDENTIAL REGULAR","195,250.00"
"BILIRAN ST.,  MACTAN ST.,AYALA RD.)","LOT NOS. 65-75","HIPODROMO","CEBU","CEBU","RESIDENTIAL REGULAR","195,250.00"
"ALL STREETS","LOTS ABOVE","HIPODROMO","CEBU","CEBU","COMMERCIAL REGULAR","207,000.00"
"GEN. MAXILOM AVENUE","","HIPODROMO","CEBU","CEBU","COMMERCIAL REGULAR","105,112.50"
"ACCESS ROAD TO AYALA","MJ CUENCO AVENUE","HIPODROMO","CEBU","CEBU","COMMERCIAL REGULAR","100,250.00"
"ROAD TO HIPODROMO","","HIPODROMO","CEBU","CEBU","COMMERCIAL REGULAR","54,000.00"
"ROAD TO HIPODROMO","","HIPODROMO","CEBU","CEBU","RESIDENTIAL REGULAR","40,500.00"
"ALL OTHER STREETS","","HIPODROMO","CEBU","CEBU","COMMERCIAL REGULAR","35,000.00"
"ALL OTHER STREETS","","HIPODROMO","CEBU","CEBU","RESIDENTIAL REGULAR","32,550.00"
"HIPODROMO VILLAGE","ALL STREETS","HIPODROMO","CEBU","CEBU","COMMERCIAL REGULAR","56,000.00"
"HIPODROMO VILLAGE","ALL STREETS","HIPODROMO","CEBU","CEBU","RESIDENTIAL REGULAR","40,500.00"
"1016 RESIDENCES","LUZON AVENUE","HIPODROMO","CEBU","CEBU","COMMERCIAL CONDOMINIUM","214,845.00"
"1016 RESIDENCES","LUZON AVENUE","HIPODROMO","CEBU","CEBU","RESIDENTIAL CONDOMINIUM","188,965.00"
"1016 RESIDENCES","LUZON AVENUE","HIPODROMO","CEBU","CEBU","PARKING SLOT","107,500.00"
"ALL ASIA PROPERTIES CONDO","","HIPODROMO","CEBU","CEBU","COMMERCIAL CONDOMINIUM","127,000.00"
"AVALON CONDO","","HIPODROMO","CEBU","CEBU","RESIDENTIAL CONDOMINIUM","249,000.00"
"AVALON CONDO","","HIPODROMO","CEBU","CEBU","RESIDENTIAL CONDOMINIUM","133,000.00"
"AVALON CONDO","","HIPODROMO","CEBU","CEBU","PARKING SLOT","78,000.00"
"AYALA FGU","","HIPODROMO","CEBU","CEBU","COMMERCIAL CONDOMINIUM","171,000.00"
"AYALA FGU","","HIPODROMO","CEBU","CEBU","PARKING SLOT","66,500.00"
"CALYX RESIDENCES","LEYTE LOOP","HIPODROMO","CEBU","CEBU","RESIDENTIAL CONDOMINIUM","158,500.00"
"CALYX RESIDENCES","LEYTE LOOP","HIPODROMO","CEBU","CEBU","PARKING SLOT","91,100.00"
"CEBU BUSINESS CENTER","","HIPODROMO","CEBU","CEBU","COMMERCIAL CONDOMINIUM","160,500.00"
"CEBU FINANCIAL TOWER","","HIPODROMO","CEBU","CEBU","COMMERCIAL CONDOMINIUM","127,000.00"
"CEBU HOLDING CENTER","","HIPODROMO","CEBU","CEBU","COMMERCIAL CONDOMINIUM","127,000.00"
"FIRST ABACUS FINANCIAL TOWER CONDO","","HIPODROMO","CEBU","CEBU","COMMERCIAL CONDOMINIUM","127,000.00"
"KEPPEL CENTER CONDOMINIUM(MONTE DE PEIDAD CONDO)","","HIPODROMO","CEBU","CEBU","COMMERCIAL CONDOMINIUM","171,000.00"
"KEPPEL CENTER CONDOMINIUM(MONTE DE PEIDAD CONDO)","","HIPODROMO","CEBU","CEBU","PARKING SLOT","56,500.00"
"LUCIMA RESIDENCES","SAMAR LOOP","HIPODROMO","CEBU","CEBU","COMMERCIAL CONDOMINIUM","249,000.00"
"LUCIMA RESIDENCES","SAMAR LOOP","HIPODROMO","CEBU","CEBU","RESIDENTIAL CONDOMINIUM","208,000.00"
"LUCIMA RESIDENCES","SAMAR LOOP","HIPODROMO","CEBU","CEBU","PARKING SLOT","110,000.00"
"PARK POINT RESIDENCES CONDO","LUZON AVENUE","HIPODROMO","CEBU","CEBU","RESIDENTIAL CONDOMINIUM","190,500.00"
"PARK POINT RESIDENCES CONDO","LUZON AVENUE","HIPODROMO","CEBU","CEBU","COMMERCIAL REGULAR","243,000.00"
"PARK POINT RESIDENCES CONDO","LUZON AVENUE","HIPODROMO","CEBU","CEBU","PARKING SLOT","110,000.00"
"PARK TOWER CONDOMINIUM I & II","","HIPODROMO","CEBU","CEBU","RESIDENTIAL CONDOMINIUM","127,000.00"
"SEDONA PARC BY ALVEO","LEYTE LOOP","HIPODROMO","CEBU","CEBU","COMMERCIAL CONDOMINIUM","174,500.00"
"SEDONA PARC BY ALVEO","LEYTE LOOP","HIPODROMO","CEBU","CEBU","RESIDENTIAL CONDOMINIUM","152,500.00"
"SEDONA PARC BY ALVEO","LEYTE LOOP","HIPODROMO","CEBU","CEBU","PARKING SLOT","100,000.00"
"SOLINEA TOWERS 1 TO 5","CARDINAL ROSALES AVE","HIPODROMO","CEBU","CEBU","COMMERCIAL CONDOMINIUM","180,000.00"
"SOLINEA TOWERS 1 TO 5","CARDINAL ROSALES AVE","HIPODROMO","CEBU","CEBU","RESIDENTIAL CONDOMINIUM","157,000.00"
"SOLINEA TOWERS 1 TO 5","CARDINAL ROSALES AVE","HIPODROMO","CEBU","CEBU","PARKING SLOT","100,000.00"
"THE ALCOVES AYALA PREMIER","LUZON AVENUE","HIPODROMO","CEBU","CEBU","COMMERCIAL CONDOMINIUM","243,000.00"
"THE ALCOVES AYALA PREMIER","LUZON AVENUE","HIPODROMO","CEBU","CEBU","RESIDENTIAL CONDOMINIUM","207,000.00"
"THE ALCOVES AYALA PREMIER","LUZON AVENUE","HIPODROMO","CEBU","CEBU","PARKING SLOT","110,000.00"
"ALL OTHER CONDOMINIUMS","","HIPODROMO","CEBU","CEBU","COMMERCIAL CONDOMINIUM","167,500.00"
"ALL OTHER CONDOMINIUMS","","HIPODROMO","CEBU","CEBU","RESIDENTIAL CONDOMINIUM","142,500.00"
"ALL OTHER CONDOMINIUMS","","HIPODROMO","CEBU","CEBU","PARKING SLOT","87,500.00"
"SANCIANGKO ST","OSMENA BLVD-GEN JUNQUERA ST","KALUBIHAN","CEBU","CEBU","COMMERCIAL REGULAR","77,000.00"
"COLON ST","OSMENA BLVD-GEN JUNQUERA ST","KALUBIHAN","CEBU","CEBU","COMMERCIAL REGULAR","118,500.00"
"PRES. OSMENA BLVD","V GULLAS ST-SANCIANGKO","KALUBIHAN","CEBU","CEBU","COMMERCIAL REGULAR","122,500.00"
"PRES. OSMENA BLVD","V GULLAS ST-SANCIANGKO","KALUBIHAN","CEBU","CEBU","COMMERCIAL REGULAR","118,500.00"
"PELAEZ ST","COLON ST-SANCIANGKO ST","KALUBIHAN","CEBU","CEBU","COMMERCIAL REGULAR","118,500.00"
"GEN JUNQUERA ST","COLON ST-SANCIANGKO ST","KALUBIHAN","CEBU","CEBU","COMMERCIAL REGULAR","118,500.00"
"ALL OTHER STREETS","","KALUBIHAN","CEBU","CEBU","COMMERCIAL REGULAR","77,000.00"
"INTERIOR AREAS","","KALUBIHAN","CEBU","CEBU","RESIDENTIAL REGULAR","28,000.00"
"148 RESIDENCES (JOHNDORF)","PELAEZ ST., CEBU CITY","KALUBIHAN","CEBU","CEBU","COMMERCIAL CONDOMINIUM","122,500.00"
"148 RESIDENCES (JOHNDORF)","PELAEZ ST., CEBU CITY","KALUBIHAN","CEBU","CEBU","RESIDENTIAL CONDOMINIUM","117,500.00"
"148 RESIDENCES (JOHNDORF)","PELAEZ ST., CEBU CITY","KALUBIHAN","CEBU","CEBU","PARKING SLOT","72,500.00"
"ALL OTHER CONDOMINIUMS","","KALUBIHAN","CEBU","CEBU","COMMERCIAL CONDOMINIUM","122,500.00"
"ALL OTHER CONDOMINIUMS","","KALUBIHAN","CEBU","CEBU","RESIDENTIAL CONDOMINIUM","102,500.00"
"ALL OTHER CONDOMINIUMS","","KALUBIHAN","CEBU","CEBU","PARKING SLOT","67,500.00"
"ALL OTHER CONDOMINIUMS","P DEL ROSARIO-BONIFACIO","KAMAGAYAN","CEBU","CEBU","COMMERCIAL REGULAR","116,500.00"
"ALL OTHER CONDOMINIUMS","BONIFACIO-SANCIAGNGCO ST","KAMAGAYAN","CEBU","CEBU","COMMERCIAL REGULAR","116,500.00"
"DON PEDRO CUI EXT","P DEL ROSARIO-JAKOSALEM (LANDO","KAMAGAYAN","CEBU","CEBU","COMMERCIAL REGULAR","97,500.00"
"JUNQUERA ST","P DEL ROSARIO-SANCIANGKO","KAMAGAYAN","CEBU","CEBU","COMMERCIAL REGULAR","116,500.00"
"P DEL ROSARIO ST","JUNQUERA-JAKOSALEM","KAMAGAYAN","CEBU","CEBU","COMMERCIAL REGULAR","119,375.00"
"P DEL ROSARIO ST","PRES OSMENA-JUNQUERA","KAMAGAYAN","CEBU","CEBU","COMMERCIAL REGULAR","134,750.00"
"P DEL ROSARIO ST","PRES OSMENA-JUNQUERA","KAMAGAYAN","CEBU","CEBU","COMMERCIAL REGULAR","119,375.00"
"PELAEZ ST","CREED ALLEY","KAMAGAYAN","CEBU","CEBU","COMMERCIAL REGULAR","116,500.00"
"PELAEZ ST","P DEL ROSARIO-SANCIANGKO (R LAND","KAMAGAYAN","CEBU","CEBU","COMMERCIAL REGULAR","116,500.00"
"PELAEZ ST","STA RITA ALLEY CREEK","KAMAGAYAN","CEBU","CEBU","COMMERCIAL REGULAR","116,500.00"
"PRES OSMENA BLVD","P DEL ROSARIO-SANCIANGKO","KAMAGAYAN","CEBU","CEBU","COMMERCIAL REGULAR","134,750.00"
"SANCIANGKO ST","OSMENA-JUNQUERA","KAMAGAYAN","CEBU","CEBU","COMMERCIAL REGULAR","132,250.00"
"SANCIANGKO ST","JUNQUERA ST-D JAKOSALEM","KAMAGAYAN","CEBU","CEBU","COMMERCIAL REGULAR","132,250.00"
"ALL OTHER STREETS","","KAMAGAYAN","CEBU","CEBU","COMMERCIAL REGULAR","97,500.00"
"INTERIOR AREAS","","KAMAGAYAN","CEBU","CEBU","RESIDENTIAL REGULAR","29,375.00"
"A MORALES","ESCARIO -CS ROSAL","KAMPUTHAW","CEBU","CEBU","COMMERCIAL REGULAR","76,000.00"
"A TOJONG","CS ROSAL- A REYES","KAMPUTHAW","CEBU","CEBU","COMMERCIAL REGULAR","75,500.00"
"ABANDONED ROAD","","KAMPUTHAW","CEBU","CEBU","COMMERCIAL REGULAR","76,000.00"
"ABANDONED ROAD","","KAMPUTHAW","CEBU","CEBU","RESIDENTIAL REGULAR","73,000.00"
"ACACIA ST","SAMPAGUITA","KAMPUTHAW","CEBU","CEBU","COMMERCIAL REGULAR","76,000.00"
"ACACIA ST","SAMPAGUITA","KAMPUTHAW","CEBU","CEBU","RESIDENTIAL REGULAR","73,000.00"
"ALONG MAGELLAN HOTEL","LOT NOS 14 & 15","KAMPUTHAW","CEBU","CEBU","COMMERCIAL REGULAR","100,500.00"
"ALONG MAGELLAN HOTEL","LOT NO. 16","KAMPUTHAW","CEBU","CEBU","COMMERCIAL REGULAR","181,500.00"
"ALONG MAGELLAN HOTEL","LOT NO. 16","KAMPUTHAW","CEBU","CEBU","COMMERCIAL REGULAR","100,500.00"
"ALONG MAGELLAN HOTEL","LOT NOS 17 & 19","KAMPUTHAW","CEBU","CEBU","COMMERCIAL REGULAR","100,500.00"
"ALONG MAGELLAN HOTEL","LOT NOS 20-22","KAMPUTHAW","CEBU","CEBU","COMMERCIAL REGULAR","100,500.00"
"ALONG MAGELLAN HOTEL","LOT NOS 23-27","KAMPUTHAW","CEBU","CEBU","COMMERCIAL REGULAR","100,500.00"
"ALONG MAGELLAN HOTEL","LOT NOS 28-32","KAMPUTHAW","CEBU","CEBU","COMMERCIAL REGULAR","100,500.00"
"ACCESS RD CEBU BUS. PARK","","KAMPUTHAW","CEBU","CEBU","COMMERCIAL REGULAR","90,500.00"
"ACCESS RD TO AYALA","","KAMPUTHAW","CEBU","CEBU","COMMERCIAL REGULAR","91,000.00"
"APITONG ST","","KAMPUTHAW","CEBU","CEBU","RESIDENTIAL REGULAR","55,500.00"
"ACCESS RD CEBU BUS. PARK","","KAMPUTHAW","CEBU","CEBU","COMMERCIAL REGULAR","78,000.00"
"ARCH REYES","GORORDO-ESCARIO","KAMPUTHAW","CEBU","CEBU","COMMERCIAL REGULAR","100,500.00"
"CS ROSAL ST","A. MORALES","KAMPUTHAW","CEBU","CEBU","COMMERCIAL REGULAR","85,500.00"
"CEBU BUSINESS PARK","LOT NOS 1-13","KAMPUTHAW","CEBU","CEBU","COMMERCIAL REGULAR","181,500.00"
"D JAKOSALEM ST","GEN MAXILOM-GORORDO AVE","KAMPUTHAW","CEBU","CEBU","COMMERCIAL REGULAR","81,500.00"
"DON JOSE AVILA ST","TOJONG-ARCHBISHOP REYES AVE","KAMPUTHAW","CEBU","CEBU","COMMERCIAL REGULAR","81,500.00"
"DON JOSE AVILA ST","RD-PERPETUAL SUC HOSPITAL","KAMPUTHAW","CEBU","CEBU","COMMERCIAL REGULAR","78,500.00"
"DON JOSE AVILA ST","PERPETUAL HOSP-V ESCARIO ST","KAMPUTHAW","CEBU","CEBU","COMMERCIAL REGULAR","78,500.00"
"DON JOSE AVILA ST","CAPITOL SITE BDRY-MA CRISTINA","KAMPUTHAW","CEBU","CEBU","RESIDENTIAL REGULAR","103,500.00"
"DON JOSE AVILA ST","CAPITOL SITE BDRY-MA CRISTINA","KAMPUTHAW","CEBU","CEBU","RESIDENTIAL REGULAR","73,000.00"
"DORIA SOLON PVT ROAD","","KAMPUTHAW","CEBU","CEBU","COMMERCIAL REGULAR","42,500.00"
"DORIA SOLON PVT ROAD","","KAMPUTHAW","CEBU","CEBU","RESIDENTIAL REGULAR","33,000.00"
"DR. L. TOJONG ST (TINDALO ST)","","KAMPUTHAW","CEBU","CEBU","COMMERCIAL REGULAR","43,500.00"
"DR. L. TOJONG ST (TINDALO ST)","","KAMPUTHAW","CEBU","CEBU","RESIDENTIAL REGULAR","34,500.00"
"ELIZABETH POND ST","","KAMPUTHAW","CEBU","CEBU","COMMERCIAL REGULAR","68,500.00"
"ELIZABETH POND EXT","","KAMPUTHAW","CEBU","CEBU","COMMERCIAL REGULAR","68,500.00"
"ELIZABETH POND EXT","","KAMPUTHAW","CEBU","CEBU","RESIDENTIAL REGULAR","63,000.00"
"FATHER R. RHAMAN ST","","KAMPUTHAW","CEBU","CEBU","COMMERCIAL REGULAR","70,000.00"
"GEN MAXILOM ST","J OSMENA-JAKOSALEM","KAMPUTHAW","CEBU","CEBU","COMMERCIAL REGULAR","103,500.00"
"GEN MAXILOM ST","JAKOSALEM-GORORDO","KAMPUTHAW","CEBU","CEBU","COMMERCIAL REGULAR","103,500.00"
"GEN MAXILOM ST","ECHAVES-ROM CATH CEM","KAMPUTHAW","CEBU","CEBU","COMMERCIAL REGULAR","96,500.00"
"GONZALES PVT ROAD","","KAMPUTHAW","CEBU","CEBU","RESIDENTIAL REGULAR","35,000.00"
"GORORDO AVE","N ESCARIO -G MAXILOM AVE","KAMPUTHAW","CEBU","CEBU","COMMERCIAL REGULAR","100,000.00"
"GORORDO AVE","PADGET-N ESCARIO ST    (PADGET GEN)","KAMPUTHAW","CEBU","CEBU","COMMERCIAL REGULAR","97,500.00"
"JOSE R. REYES ST","","KAMPUTHAW","CEBU","CEBU","RESIDENTIAL REGULAR","67,000.00"
"JUANA OSMENA ST","ABOITIZ -GEN MAXILOM","KAMPUTHAW","CEBU","CEBU","RESIDENTIAL REGULAR","74,000.00"
"JUANA OSMENA ST","ABOITIZ -GEN MAXILOM","KAMPUTHAW","CEBU","CEBU","COMMERCIAL REGULAR","74,000.00"
"JUANA OSMENA ST","J OSMENA EXT-ESCARIO","KAMPUTHAW","CEBU","CEBU","COMMERCIAL REGULAR","74,000.00"
"JUANA OSMENA ST","J OSMENA EXT-ESCARIO","KAMPUTHAW","CEBU","CEBU","RESIDENTIAL REGULAR","69,000.00"
"JUANA OSMENA ST","ESCARIO-ABOITIZ","KAMPUTHAW","CEBU","CEBU","COMMERCIAL REGULAR","74,000.00"
"JUANA OSMENA ST","ESCARIO-ABOITIZ","KAMPUTHAW","CEBU","CEBU","RESIDENTIAL REGULAR","69,000.00"
"JUANA OSMENA ST","J OSMENA EXT-PUROK 8","KAMPUTHAW","CEBU","CEBU","COMMERCIAL REGULAR","69,500.00"
"JUANA OSMENA ST","J OSMENA EXT-PUROK 8","KAMPUTHAW","CEBU","CEBU","RESIDENTIAL REGULAR","64,000.00"
"JUANA OSMENA EXT 1-4","","KAMPUTHAW","CEBU","CEBU","COMMERCIAL REGULAR","68,000.00"
"JUANA OSMENA EXT 1-4","","KAMPUTHAW","CEBU","CEBU","RESIDENTIAL REGULAR","63,000.00"
"KAMAGONG ST","ARCH REYES AVE","KAMPUTHAW","CEBU","CEBU","COMMERCIAL REGULAR","69,000.00"
"KAMAGONG ST","ARCH REYES AVE","KAMPUTHAW","CEBU","CEBU","RESIDENTIAL REGULAR","64,000.00"
"GUTIANUY ST","","KAMPUTHAW","CEBU","CEBU","COMMERCIAL REGULAR","70,000.00"
"MA CRISTINA ST","","KAMPUTHAW","CEBU","CEBU","COMMERCIAL REGULAR","69,500.00"
"MANALO ST","PD-INC CHURCH","KAMPUTHAW","CEBU","CEBU","COMMERCIAL REGULAR","70,000.00"
"MARIPOSA ST","","KAMPUTHAW","CEBU","CEBU","COMMERCIAL REGULAR","69,000.00"
"MARIPOSA ST","","KAMPUTHAW","CEBU","CEBU","RESIDENTIAL REGULAR","64,000.00"
"MIDDLE (MEDDLE)ROAD","","KAMPUTHAW","CEBU","CEBU","COMMERCIAL REGULAR","73,000.00"
"MIDDLE (MEDDLE)ROAD","","KAMPUTHAW","CEBU","CEBU","COMMERCIAL REGULAR","70,000.00"
"MOLAVE ST","","KAMPUTHAW","CEBU","CEBU","COMMERCIAL REGULAR","69,000.00"
"MOLAVE ST","","KAMPUTHAW","CEBU","CEBU","RESIDENTIAL REGULAR","64,000.00"
"MONTALBAN SUBD","","KAMPUTHAW","CEBU","CEBU","COMMERCIAL REGULAR","42,500.00"
"MONTALBAN SUBD","","KAMPUTHAW","CEBU","CEBU","RESIDENTIAL REGULAR","33,000.00"
"NC ESCARIO ST","J OSMENA -BRIDGE","KAMPUTHAW","CEBU","CEBU","COMMERCIAL REGULAR","73,000.00"
"NC ESCARIO ST","ESCARIO BRIDGE-GORORDO AVE","KAMPUTHAW","CEBU","CEBU","COMMERCIAL REGULAR","73,000.00"
"NC ESCARIO ST","GORORDO AVE- ARCH REYES AVE","KAMPUTHAW","CEBU","CEBU","COMMERCIAL REGULAR","70,000.00"
"NC ESCARIO EXT 1-3","","KAMPUTHAW","CEBU","CEBU","COMMERCIAL REGULAR","68,000.00"
"NC ESCARIO EXT 1-3","","KAMPUTHAW","CEBU","CEBU","RESIDENTIAL REGULAR","63,000.00"
"QUEENS ROAD","","KAMPUTHAW","CEBU","CEBU","COMMERCIAL REGULAR","71,000.00"
"QUEENS ROAD","","KAMPUTHAW","CEBU","CEBU","RESIDENTIAL REGULAR","65,000.00"
"QUEENS ROAD EXT","","KAMPUTHAW","CEBU","CEBU","COMMERCIAL REGULAR","71,000.00"
"R ABOITIZ","J OSMENA -GEN MAXILOM","KAMPUTHAW","CEBU","CEBU","COMMERCIAL REGULAR","69,000.00"
"R ABOITIZ","J OSMENA -GEN MAXILOM","KAMPUTHAW","CEBU","CEBU","RESIDENTIAL REGULAR","64,000.00"
"RD TO MAGELLAN HOTEL","","KAMPUTHAW","CEBU","CEBU","COMMERCIAL REGULAR","72,000.00"
"RD TO PERPETUAL SUC HOSP","","KAMPUTHAW","CEBU","CEBU","RESIDENTIAL REGULAR","90,000.00"
"RD TO PERPETUAL SUC HOSP","","KAMPUTHAW","CEBU","CEBU","COMMERCIAL REGULAR","73,000.00"
"ROAD TO PUROK","PUROK 8-J OSMENA","KAMPUTHAW","CEBU","CEBU","COMMERCIAL REGULAR","69,000.00"
"ROAD TO PUROK","PUROK 8-J OSMENA","KAMPUTHAW","CEBU","CEBU","RESIDENTIAL REGULAR","64,000.00"
"SANCIANGKO ST","ESCARIO-GORORDO","KAMPUTHAW","CEBU","CEBU","COMMERCIAL REGULAR","90,000.00"
"SUNRISE ST","","KAMPUTHAW","CEBU","CEBU","COMMERCIAL REGULAR","69,000.00"
"SUNRISE ST","","KAMPUTHAW","CEBU","CEBU","RESIDENTIAL REGULAR","64,000.00"
"UNCHUAN ST","","KAMPUTHAW","CEBU","CEBU","COMMERCIAL REGULAR","69,000.00"
"UNCHUAN ST","","KAMPUTHAW","CEBU","CEBU","RESIDENTIAL REGULAR","64,000.00"
"WALING-WALING","","KAMPUTHAW","CEBU","CEBU","RESIDENTIAL REGULAR","64,000.00"
"ALL OTHER STREETS","","KAMPUTHAW","CEBU","CEBU","COMMERCIAL REGULAR","34,000.00"
"ALL OTHER STREETS","","KAMPUTHAW","CEBU","CEBU","RESIDENTIAL REGULAR","29,000.00"
"ALU COMPOUND","","KAMPUTHAW","CEBU","CEBU","RESIDENTIAL REGULAR","43,500.00"
"CASING COMPOUND","","KAMPUTHAW","CEBU","CEBU","RESIDENTIAL REGULAR","42,500.00"
"DIGNOS COMPOUND","","KAMPUTHAW","CEBU","CEBU","RESIDENTIAL REGULAR","43,500.00"
"GONZALES COMPOUND","","KAMPUTHAW","CEBU","CEBU","RESIDENTIAL REGULAR","43,500.00"
"GONZALES SUBD","","KAMPUTHAW","CEBU","CEBU","RESIDENTIAL REGULAR","43,500.00"
"MARTINEZ COMPOUND","","KAMPUTHAW","CEBU","CEBU","COMMERCIAL CONDOMINIUM","173,500.00"
"MARTINEZ COMPOUND","","KAMPUTHAW","CEBU","CEBU","RESIDENTIAL REGULAR","43,500.00"
"CAPITOL RESIDENCES","JUANA OSMENA EXTN ROAD","KAMPUTHAW","CEBU","CEBU","RESIDENTIAL REGULAR","32,000.00"
"ALL OTHER SUBDIVISION","","KAMPUTHAW","CEBU","CEBU","RESIDENTIAL REGULAR","31,000.00"
"GOLDEN PEAK CONDO","","KAMPUTHAW","CEBU","CEBU","COMMERCIAL CONDOMINIUM","112,000.00"
"PARKING SLOT","","KAMPUTHAW","CEBU","CEBU","PARKING SLOT","74,000.00"
"RICHMOND PLAZA CENTER CONDOTEL","F. SOTTO DR.","KAMPUTHAW","CEBU","CEBU","RESIDENTIAL CONDOMINIUM","101,500.00"
"PARKING SLOT","","KAMPUTHAW","CEBU","CEBU","PARKING SLOT","45,000.00"
"TRINITY PLAZA TOWER CONDO","GORORDO AVE.","KAMPUTHAW","CEBU","CEBU","RESIDENTIAL CONDOMINIUM","86,000.00"
"SACRIS CONDOMINIUM","","KAMPUTHAW","CEBU","CEBU","RESIDENTIAL CONDOMINIUM","102,000.00"
"WINDLAND TOWER I,II,III","JUANA OSMENA EXTENSION","KAMPUTHAW","CEBU","CEBU","RESIDENTIAL CONDOMINIUM","71,000.00"
"YALI CONDOMINIUM","","KAMPUTHAW","CEBU","CEBU","RESIDENTIAL CONDOMINIUM","71,000.00"
"BASELINE RESIDENCES/BASELINE CENTER","JUANA OSMENA ST.","KAMPUTHAW","CEBU","CEBU","COMMERCIAL CONDOMINIUM","173,500.00"
"BASELINE RESIDENCES/BASELINE CENTER","JUANA OSMENA ST.","KAMPUTHAW","CEBU","CEBU","COMMERCIAL CONDOMINIUM","225,000.00"
"BASELINE RESIDENCES/BASELINE CENTER","JUANA OSMENA ST.","KAMPUTHAW","CEBU","CEBU","RESIDENTIAL CONDOMINIUM","146,000.00"
"PARKING SLOT","","KAMPUTHAW","CEBU","CEBU","PARKING SLOT","89,500.00"
"VISTA SUAREZ CONDO","GORORORDO AVE. COR. ESCARIO ST.","KAMPUTHAW","CEBU","CEBU","RESIDENTIAL CONDOMINIUM","146,000.00"
"PARKING SLOT","","KAMPUTHAW","CEBU","CEBU","PARKING SLOT","79,000.00"
"ST MARK CONDOTEL","","KAMPUTHAW","CEBU","CEBU","RESIDENTIAL CONDOMINIUM","135,000.00"
"GRAND CENIA TOWER","ARCHBISHOP REYES AVENUE","KAMPUTHAW","CEBU","CEBU","COMMERCIAL CONDOMINIUM","146,500.00"
"GRAND CENIA TOWER","ARCHBISHOP REYES AVENUE","KAMPUTHAW","CEBU","CEBU","RESIDENTIAL CONDOMINIUM","139,500.00"
"ATIELER RESIDENCES","","KAMPUTHAW","CEBU","CEBU","COMMERCIAL CONDOMINIUM","134,500.00"
"ATIELER RESIDENCES","","KAMPUTHAW","CEBU","CEBU","RESIDENTIAL CONDOMINIUM","117,500.00"
"ATIELER RESIDENCES","","KAMPUTHAW","CEBU","CEBU","PARKING SLOT","71,000.00"
"PARKING SPACE","","KAMPUTHAW","CEBU","CEBU","PARKING SLOT","79,000.00"
"AZALEA","GORORDO AVENUE","KAMPUTHAW","CEBU","CEBU","COMMERCIAL CONDOMINIUM","140,000.00"
"AZALEA","GORORDO AVENUE","KAMPUTHAW","CEBU","CEBU","RESIDENTIAL CONDOMINIUM","130,000.00"
"AZALEA","GORORDO AVENUE","KAMPUTHAW","CEBU","CEBU","PARKING SLOT","79,000.00"
"BPI CEBU CORPORATE CENTER","CBP GORORDO AVE.","KAMPUTHAW","CEBU","CEBU","COMMERCIAL CONDOMINIUM","225,000.00"
"BPI CEBU CORPORATE CENTER","CBP GORORDO AVE.","KAMPUTHAW","CEBU","CEBU","PARKING SLOT","138,500.00"
"BPI CEBU CORPORATE CENTER","CBP GORORDO AVE.","KAMPUTHAW","CEBU","CEBU","PARKING SLOT","105,000.00"
"CITYSCAPE GRAND TOWER","ARCHBISHOP REYES AVENUE","KAMPUTHAW","CEBU","CEBU","COMMERCIAL CONDOMINIUM","138,500.00"
"CITYSCAPE GRAND TOWER","ARCHBISHOP REYES AVENUE","KAMPUTHAW","CEBU","CEBU","RESIDENTIAL CONDOMINIUM","122,500.00"
"CITYSCAPE GRAND TOWER","ARCHBISHOP REYES AVENUE","KAMPUTHAW","CEBU","CEBU","PARKING SLOT","76,000.00"
"CITYSCAPE TOWER 2-JUANA UPTOWN","JUANA OSMENA ST.","KAMPUTHAW","CEBU","CEBU","COMMERCIAL CONDOMINIUM","135,000.00"
"CITYSCAPE TOWER 2-JUANA UPTOWN","JUANA OSMENA ST.","KAMPUTHAW","CEBU","CEBU","RESIDENTIAL CONDOMINIUM","117,500.00"
"CITYSCAPE TOWER 2-JUANA UPTOWN","JUANA OSMENA ST.","KAMPUTHAW","CEBU","CEBU","PARKING SLOT","76,000.00"
"DIAMOND SUITES AND RESIDENCES (CONDOTEL)","","KAMPUTHAW","CEBU","CEBU","COMMERCIAL CONDOMINIUM","132,500.00"
"DIAMOND SUITES AND RESIDENCES (CONDOTEL)","","KAMPUTHAW","CEBU","CEBU","RESIDENTIAL CONDOMINIUM","122,500.00"
"DIAMOND SUITES AND RESIDENCES (CONDOTEL)","","KAMPUTHAW","CEBU","CEBU","PARKING SLOT","82,500.00"
"MARYVILLE CONDOMINIUM","","KAMPUTHAW","CEBU","CEBU","COMMERCIAL CONDOMINIUM","122,500.00"
"MARYVILLE CONDOMINIUM","","KAMPUTHAW","CEBU","CEBU","RESIDENTIAL CONDOMINIUM","117,500.00"
"MARYVILLE CONDOMINIUM","","KAMPUTHAW","CEBU","CEBU","PARKING SLOT","71,000.00"
"PALACIEGO UNO","ESCARIO ST.","KAMPUTHAW","CEBU","CEBU","COMMERCIAL CONDOMINIUM","138,500.00"
"PALACIEGO UNO","ESCARIO ST.","KAMPUTHAW","CEBU","CEBU","RESIDENTIAL CONDOMINIUM","122,500.00"
"PALACIEGO UNO","ESCARIO ST.","KAMPUTHAW","CEBU","CEBU","PARKING SLOT","76,000.00"
"THE SUITES AT GORORDO","GORORDO AVENUE","KAMPUTHAW","CEBU","CEBU","COMMERCIAL REGULAR","197,000.00"
"THE SUITES AT GORORDO","GORORDO AVENUE","KAMPUTHAW","CEBU","CEBU","COMMERCIAL CONDOMINIUM","197,000.00"
"THE SUITES AT GORORDO","GORORDO AVENUE","KAMPUTHAW","CEBU","CEBU","RESIDENTIAL CONDOMINIUM","172,500.00"
"THE SUITES AT GORORDO","GORORDO AVENUE","KAMPUTHAW","CEBU","CEBU","PARKING SLOT","85,000.00"
"THE TRILLIUM RESIDENCES","MOLAVE ST.","KAMPUTHAW","CEBU","CEBU","COMMERCIAL CONDOMINIUM","142,500.00"
"THE TRILLIUM RESIDENCES","MOLAVE ST.","KAMPUTHAW","CEBU","CEBU","RESIDENTIAL CONDOMINIUM","126,000.00"
"THE TRILLIUM RESIDENCES","MOLAVE ST.","KAMPUTHAW","CEBU","CEBU","PARKING SLOT","78,500.00"
"ALL OTHER CONDOMINIUM","","KAMPUTHAW","CEBU","CEBU","COMMERCIAL CONDOMINIUM","81,000.00"
"(SMALL AND MEDIUM, 7 STOREYS AND BELOW)","","KAMPUTHAW","CEBU","CEBU","RESIDENTIAL CONDOMINIUM","59,000.00"
"(SMALL AND MEDIUM, 7 STOREYS AND BELOW)","","KAMPUTHAW","CEBU","CEBU","PC","29,500.00"
"ALL OTHER CONDOMINIUM","","KAMPUTHAW","CEBU","CEBU","COMMERCIAL CONDOMINIUM","131,500.00"
"(8 STOREYS AND ABOVE)","","KAMPUTHAW","CEBU","CEBU","RESIDENTIAL CONDOMINIUM","112,500.00"
"(8 STOREYS AND ABOVE)","","KAMPUTHAW","CEBU","CEBU","PC","78,000.00"
"ALMENDRAS ST","","KASAMBAGAN","CEBU","CEBU","RESIDENTIAL REGULAR","30,000.00"
"DIEGO SILANG ST","","KASAMBAGAN","CEBU","CEBU","RESIDENTIAL REGULAR","28,500.00"
"EDROS ST","","KASAMBAGAN","CEBU","CEBU","RESIDENTIAL REGULAR","28,500.00"
"F CABAHUG ST","J LUNA-VILLA AURORA (J LUNA-AYALA","KASAMBAGAN","CEBU","CEBU","COMMERCIAL REGULAR","67,000.00"
"F CABAHUG ST","J LUNA-VILLA AURORA","KASAMBAGAN","CEBU","CEBU","RESIDENTIAL REGULAR","99,500.00"
"F CABAHUG ST","J LUNA-VILLA AURORA","KASAMBAGAN","CEBU","CEBU","RESIDENTIAL REGULAR","48,525.00"
"F CABAHUG ST","GOCHAN-POTVILLE","KASAMBAGAN","CEBU","CEBU","RESIDENTIAL REGULAR","48,500.00"
"FIRST ST","","KASAMBAGAN","CEBU","CEBU","COMMERCIAL REGULAR","30,500.00"
"SECOND ST","","KASAMBAGAN","CEBU","CEBU","COMMERCIAL REGULAR","34,500.00"
"SECOND ST","","KASAMBAGAN","CEBU","CEBU","RESIDENTIAL REGULAR","25,000.00"
"THIRD ST","","KASAMBAGAN","CEBU","CEBU","RESIDENTIAL REGULAR","30,000.00"
"FOURTH ST","","KASAMBAGAN","CEBU","CEBU","RESIDENTIAL REGULAR","29,000.00"
"GO LAM DRIVE ST","J LUNA-IPI","KASAMBAGAN","CEBU","CEBU","COMMERCIAL REGULAR","30,000.00"
"GO LAM DRIVE ST","J LUNA-IPI","KASAMBAGAN","CEBU","CEBU","RESIDENTIAL REGULAR","20,729.00"
"JUAN LUNA AVE","A REYES AVE-F CABAHUG","KASAMBAGAN","CEBU","CEBU","COMMERCIAL REGULAR","99,500.00"
"GOLDEN SUN DRIVE","","KASAMBAGAN","CEBU","CEBU","RESIDENTIAL REGULAR","28,408.00"
"NEW HOME DRIVE","","KASAMBAGAN","CEBU","CEBU","COMMERCIAL REGULAR","39,500.00"
"NEW HOME DRIVE","","KASAMBAGAN","CEBU","CEBU","RESIDENTIAL REGULAR","28,428.00"
"NEW FRONTIER ST","","KASAMBAGAN","CEBU","CEBU","RESIDENTIAL REGULAR","30,000.00"
"OLD ROAD TO TALAMBAN","MJ CUENCO-CEBU MEM PARK","KASAMBAGAN","CEBU","CEBU","COMMERCIAL REGULAR","75,000.00"
"OLD ROAD TO TALAMBAN","MJ CUENCO-CEBU MEM PARK","KASAMBAGAN","CEBU","CEBU","RESIDENTIAL REGULAR","57,535.00"
"PRES LAUREL ST","PRES MAGSAYSAY","KASAMBAGAN","CEBU","CEBU","RESIDENTIAL REGULAR","39,500.00"
"PRES LAUREL ST","PRES MAGSAYSAY","KASAMBAGAN","CEBU","CEBU","RESIDENTIAL REGULAR","34,923.00"
"PRES OSMENA ST","P ROXAS-P QUIRINO","KASAMBAGAN","CEBU","CEBU","RESIDENTIAL REGULAR","32,000.00"
"PRES QUEZON ST","P MAGSAYSAY-CABAHUG","KASAMBAGAN","CEBU","CEBU","RESIDENTIAL REGULAR","32,000.00"
"PRES ROXAS","GEN LIM- F CABAHUG","KASAMBAGAN","CEBU","CEBU","RESIDENTIAL REGULAR","32,000.00"
"PRES AGUINALDO ST","","KASAMBAGAN","CEBU","CEBU","RESIDENTIAL REGULAR","32,000.00"
"PRES QUIRINO ST","GEN LIM-F CABAHUG","KASAMBAGAN","CEBU","CEBU","RESIDENTIAL REGULAR","32,000.00"
"PRES MAGSAYSAY ST","","KASAMBAGAN","CEBU","CEBU","RESIDENTIAL REGULAR","32,000.00"
"TANDANG SORA ST.","","KASAMBAGAN","CEBU","CEBU","RESIDENTIAL REGULAR","32,000.00"
"T. BERLIN ST","","KASAMBAGAN","CEBU","CEBU","RESIDENTIAL REGULAR","32,000.00"
"TRES BORCES PADRES EXT","","KASAMBAGAN","CEBU","CEBU","RESIDENTIAL REGULAR","32,000.00"
"TRES BORCES EXT","","KASAMBAGAN","CEBU","CEBU","RESIDENTIAL REGULAR","32,000.00"
"ALL OTHER STREETS","","KASAMBAGAN","CEBU","CEBU","COMMERCIAL REGULAR","30,000.00"
"ALL OTHER STREETS","","KASAMBAGAN","CEBU","CEBU","RESIDENTIAL REGULAR","20,677.00"
"AGUSTINE COMPOUND","","KASAMBAGAN","CEBU","CEBU","RESIDENTIAL REGULAR","34,972.00"
"BAUHINIA SUBD","","KASAMBAGAN","CEBU","CEBU","RESIDENTIAL REGULAR","39,500.00"
"ESCANO SUBD","","KASAMBAGAN","CEBU","CEBU","RESIDENTIAL REGULAR","31,000.00"
"GARCIA SUBD","","KASAMBAGAN","CEBU","CEBU","RESIDENTIAL REGULAR","101,500.00"
"GARCIA SUBD","","KASAMBAGAN","CEBU","CEBU","RESIDENTIAL REGULAR","27,500.00"
"GEN LIM","F ROXAS-P QUIRINO","KASAMBAGAN","CEBU","CEBU","RESIDENTIAL REGULAR","31,000.00"
"GENTLE BREEZE SUBD","","KASAMBAGAN","CEBU","CEBU","RESIDENTIAL REGULAR","30,000.00"
"GOV M CUENCO","J LUNA-MAHIGA RIVER","KASAMBAGAN","CEBU","CEBU","COMMERCIAL REGULAR","101,500.00"
"GOLF COUNTRY CLUB","","KASAMBAGAN","CEBU","CEBU","COMMERCIAL REGULAR","48,250.00"
"IPI COMPOUND","","KASAMBAGAN","CEBU","CEBU","COMMERCIAL REGULAR","39,500.00"
"JARUCHEMIC COMPOUND","","KASAMBAGAN","CEBU","CEBU","RESIDENTIAL REGULAR","30,000.00"
"KATIPUNAN LBR CORP SUBD","","KASAMBAGAN","CEBU","CEBU","COMMERCIAL REGULAR","28,000.00"
"KATIPUNAN LBR CORP SUBD","","KASAMBAGAN","CEBU","CEBU","RESIDENTIAL REGULAR","20,500.00"
"MARTINEZ SUBD","","KASAMBAGAN","CEBU","CEBU","RESIDENTIAL REGULAR","28,000.00"
"OUANO SUBD","","KASAMBAGAN","CEBU","CEBU","COMMERCIAL REGULAR","31,000.00"
"OUANO SUBD","","KASAMBAGAN","CEBU","CEBU","RESIDENTIAL REGULAR","23,500.00"
"PANAGDAIT SUBD","","KASAMBAGAN","CEBU","CEBU","COMMERCIAL REGULAR","20,500.00"
"PANAGDAIT SUBD","","KASAMBAGAN","CEBU","CEBU","RESIDENTIAL REGULAR","16,000.00"
"PARADISE VILLAGE","","KASAMBAGAN","CEBU","CEBU","COMMERCIAL REGULAR","44,500.00"
"PARADISE VILLAGE","","KASAMBAGAN","CEBU","CEBU","RESIDENTIAL REGULAR","39,500.00"
"PARAY SUBD","","KASAMBAGAN","CEBU","CEBU","RESIDENTIAL REGULAR","34,923.00"
"PARAY SUBD","","KASAMBAGAN","CEBU","CEBU","COMMERCIAL REGULAR","30,500.00"
"PARAY SUBD","","KASAMBAGAN","CEBU","CEBU","RESIDENTIAL REGULAR","23,500.00"
"POTVILLE SUBD","","KASAMBAGAN","CEBU","CEBU","RESIDENTIAL REGULAR","30,000.00"
"ROAD TO ST MICHAEL SUBD","","KASAMBAGAN","CEBU","CEBU","RESIDENTIAL REGULAR","33,000.00"
"ROAD TO VECO COMPOUND","","KASAMBAGAN","CEBU","CEBU","COMMERCIAL REGULAR","33,000.00"
"ROAD TO VECO COMPOUND","","KASAMBAGAN","CEBU","CEBU","RESIDENTIAL REGULAR","25,000.00"
"SAN MIGUEL CORP CMPD","","KASAMBAGAN","CEBU","CEBU","COMMERCIAL REGULAR","33,000.00"
"SAN MIGUEL CORP CMPD","","KASAMBAGAN","CEBU","CEBU","RESIDENTIAL REGULAR","25,000.00"
"ST MICHAEL SUBD","","KASAMBAGAN","CEBU","CEBU","COMMERCIAL REGULAR","34,500.00"
"ST MICHAEL SUBD","","KASAMBAGAN","CEBU","CEBU","RESIDENTIAL REGULAR","25,000.00"
"STA LUCIA SUBD","","KASAMBAGAN","CEBU","CEBU","RESIDENTIAL REGULAR","30,000.00"
"SY LIANCO COMPOUND","","KASAMBAGAN","CEBU","CEBU","COMMERCIAL REGULAR","34,923.00"
"SY LIANCO COMPOUND","","KASAMBAGAN","CEBU","CEBU","RESIDENTIAL REGULAR","28,173.00"
"VILLA AURORA SUBD","","KASAMBAGAN","CEBU","CEBU","COMMERCIAL REGULAR","31,000.00"
"VILLA AURORA SUBD","","KASAMBAGAN","CEBU","CEBU","RESIDENTIAL REGULAR","23,332.00"
"YAP COMPOUND","","KASAMBAGAN","CEBU","CEBU","RESIDENTIAL REGULAR","33,000.00"
"ST. JOSEPH VILLAGE","","KASAMBAGAN","CEBU","CEBU","COMMERCIAL CONDOMINIUM","170,500.00"
"ST. JOSEPH VILLAGE","","KASAMBAGAN","CEBU","CEBU","RESIDENTIAL REGULAR","28,750.00"
"ROGA SUBD","","KASAMBAGAN","CEBU","CEBU","RESIDENTIAL REGULAR","28,750.00"
"FAIRVIEW VILLAGE","","KASAMBAGAN","CEBU","CEBU","RESIDENTIAL REGULAR","28,750.00"
"ALL OTHER  SUBDIVISION","","KASAMBAGAN","CEBU","CEBU","RESIDENTIAL REGULAR","19,372.00"
"GRAND RESIDENCES","GOV. M. CUENCO AVE.","KASAMBAGAN","CEBU","CEBU","COMMERCIAL CONDOMINIUM","170,500.00"
"GRAND RESIDENCES","GOV. M. CUENCO AVE.","KASAMBAGAN","CEBU","CEBU","RESIDENTIAL CONDOMINIUM","146,000.00"
"GRAND RESIDENCES","GOV. M. CUENCO AVE.","KASAMBAGAN","CEBU","CEBU","PARKING SLOT","90,000.00"
"LOT 8 CONDOMINIUM","P. ALMENDRAS ST.","KASAMBAGAN","CEBU","CEBU","COMMERCIAL CONDOMINIUM","162,000.00"
"LOT 8 CONDOMINIUM","P. ALMENDRAS ST.","KASAMBAGAN","CEBU","CEBU","RESIDENTIAL CONDOMINIUM","137,500.00"
"LOT 8 CONDOMINIUM","P. ALMENDRAS ST.","KASAMBAGAN","CEBU","CEBU","PARKING SLOT","79,500.00"
"MERIDIAN/AVENIR","POPE JOHN PAUL AVE.","KASAMBAGAN","CEBU","CEBU","COMMERCIAL CONDOMINIUM","162,500.00"
"MERIDIAN/AVENIR","POPE JOHN PAUL AVE.","KASAMBAGAN","CEBU","CEBU","RESIDENTIAL CONDOMINIUM","137,500.00"
"MERIDIAN/AVENIR","POPE JOHN PAUL AVE.","KASAMBAGAN","CEBU","CEBU","PARKING SLOT","79,500.00"
"ONE OASIS-CEBU INC.","PRES. MAGSAYSAY ST.","KASAMBAGAN","CEBU","CEBU","RESIDENTIAL CONDOMINIUM","123,500.00"
"ONE OASIS-CEBU INC.","PRES. MAGSAYSAY ST.","KASAMBAGAN","CEBU","CEBU","PARKING SLOT","80,000.00"
"PDI CONDOMINIUM","GOV. M. CUENCO","KASAMBAGAN","CEBU","CEBU","COMMERCIAL CONDOMINIUM","127,000.00"
"PDI CONDOMINIUM","GOV. M. CUENCO","KASAMBAGAN","CEBU","CEBU","RESIDENTIAL REGULAR","134,500.00"
"PDI CONDOMINIUM","GOV. M. CUENCO","KASAMBAGAN","CEBU","CEBU","PARKING SLOT","90,000.00"
"ROYAL GARDEN RESIDENCES","PRES. LAUREL ST.","KASAMBAGAN","CEBU","CEBU","RESIDENTIAL CONDOMINIUM","106,000.00"
"ROYAL GARDEN RESIDENCES","PRES. LAUREL ST.","KASAMBAGAN","CEBU","CEBU","PARKING SLOT","68,500.00"
"SAS CONDOMINIUM","","KASAMBAGAN","CEBU","CEBU","RESIDENTIAL CONDOMINIUM","114,000.00"
"SAS CONDOMINIUM","","KASAMBAGAN","CEBU","CEBU","PARKING SLOT","80,000.00"
"TWIN TOWER CONDOMINIUM","","KASAMBAGAN","CEBU","CEBU","RESIDENTIAL CONDOMINIUM","114,000.00"
"TWIN TOWER CONDOMINIUM","","KASAMBAGAN","CEBU","CEBU","PARKING SLOT","80,000.00"
"ALL OTHER CONDOMINIUMS","","KASAMBAGAN","CEBU","CEBU","COMMERCIAL CONDOMINIUM","80,000.00"
"(7 STOREYS AND BELOW)","","KASAMBAGAN","CEBU","CEBU","RESIDENTIAL CONDOMINIUM","64,000.00"
"(7 STOREYS AND BELOW)","","KASAMBAGAN","CEBU","CEBU","PARKING SLOT","37,000.00"
"ALL OTHER CONDOMINIUMS","","KASAMBAGAN","CEBU","CEBU","COMMERCIAL CONDOMINIUM","134,500.00"
"(8 STOREYS AND ABOVE)","","KASAMBAGAN","CEBU","CEBU","RESIDENTIAL CONDOMINIUM","115,000.00"
"(8 STOREYS AND ABOVE)","","KASAMBAGAN","CEBU","CEBU","PARKING SLOT","77,500.00"
"AMON TRADING PORT","","LAHUG","CEBU","CEBU","RESIDENTIAL REGULAR","42,000.00"
"ARCH REYES AVE","","LAHUG","CEBU","CEBU","COMMERCIAL REGULAR","102,500.00"
"BUFFALO GOLF COURSE","","LAHUG","CEBU","CEBU","RESIDENTIAL REGULAR","42,000.00"
"CAPITOL CEBU CY ZOO","OPRA VILL-VILLALON","LAHUG","CEBU","CEBU","RESIDENTIAL REGULAR","106,000.00"
"CAPITOL CEBU CY ZOO","OPRA VILL-VILLALON","LAHUG","CEBU","CEBU","RESIDENTIAL REGULAR","33,000.00"
"CAPITOL CEBU CY ZOO","BEVERLY HILLS-OPRA VILL","LAHUG","CEBU","CEBU","COMMERCIAL REGULAR","33,000.00"
"CAPITOL CEBU CY ZOO","OPRA VILLE VILLA APAS","LAHUG","CEBU","CEBU","RESIDENTIAL REGULAR","32,000.00"
"DON MARCELO REGNER ST","","LAHUG","CEBU","CEBU","RESIDENTIAL REGULAR","32,000.00"
"DON MODESTA SINGSON GAISANO ST","","LAHUG","CEBU","CEBU","RESIDENTIAL REGULAR","34,000.00"
"EDISON ST","SALINAS DRIVE-STEPHENSON","LAHUG","CEBU","CEBU","COMMERCIAL REGULAR","57,000.00"
"EDISON ST","SALINAS DRIVE-STEPHENSON","LAHUG","CEBU","CEBU","RESIDENTIAL REGULAR","47,000.00"
"FULTON ST","","LAHUG","CEBU","CEBU","COMMERCIAL REGULAR","57,000.00"
"FULTON ST","","LAHUG","CEBU","CEBU","RESIDENTIAL REGULAR","47,500.00"
"GORORDO AVE","SALINAS-PADGET CMPD","LAHUG","CEBU","CEBU","COMMERCIAL REGULAR","106,000.00"
"GORORDO AVE","SALINAS-PADGET CMPD","LAHUG","CEBU","CEBU","RESIDENTIAL REGULAR","87,000.00"
"JUANA ST","","LAHUG","CEBU","CEBU","RESIDENTIAL REGULAR","46,500.00"
"KAMAGONG ST","","LAHUG","CEBU","CEBU","RESIDENTIAL REGULAR","46,000.00"
"KAMAGONG ST","BBRC-ARCH REYES AVE","LAHUG","CEBU","CEBU","COMMERCIAL REGULAR","57,000.00"
"LA GUARDIA","","LAHUG","CEBU","CEBU","COMMERCIAL REGULAR","56,000.00"
"LA GUARDIA","","LAHUG","CEBU","CEBU","RESIDENTIAL REGULAR","52,000.00"
"LA GUARDIA EXT","","LAHUG","CEBU","CEBU","RESIDENTIAL REGULAR","56,000.00"
"LA GUARDIA EXT","","LAHUG","CEBU","CEBU","COMMERCIAL REGULAR","56,000.00"
"LA GUARDIA EXT","","LAHUG","CEBU","CEBU","RESIDENTIAL REGULAR","47,000.00"
"MARCONI ST","FULTON ST","LAHUG","CEBU","CEBU","COMMERCIAL REGULAR","56,000.00"
"MARCONI ST","FULTON ST","LAHUG","CEBU","CEBU","RESIDENTIAL REGULAR","47,000.00"
"MOLAVE ST","","LAHUG","CEBU","CEBU","COMMERCIAL REGULAR","54,000.00"
"MOLAVE ST","","LAHUG","CEBU","CEBU","RESIDENTIAL REGULAR","43,000.00"
"PC HILLS","","LAHUG","CEBU","CEBU","RESIDENTIAL REGULAR","35,000.00"
"PEACE VALLEY","ROAD TO CAMP MARINA","LAHUG","CEBU","CEBU","RESIDENTIAL REGULAR","29,000.00"
"RD TO BOY SCOUT CAMP","","LAHUG","CEBU","CEBU","RESIDENTIAL REGULAR","29,000.00"
"RD TO HOLY FAMILY","RETREAT HOUSE","LAHUG","CEBU","CEBU","RESIDENTIAL REGULAR","29,000.00"
"RD TO VILLAR RECORDING","","LAHUG","CEBU","CEBU","RESIDENTIAL REGULAR","29,000.00"
"ROAD TO  BUSAY","CEBU-PLAZA-SALINAS DR","LAHUG","CEBU","CEBU","COMMERCIAL REGULAR","40,000.00"
"ROAD TO  BUSAY","CEBU-PLAZA-SALINAS DR","LAHUG","CEBU","CEBU","RESIDENTIAL REGULAR","35,000.00"
"ROAD TO  BUSAY","CEBU PLAZA-EGGLINGS","LAHUG","CEBU","CEBU","COMMERCIAL REGULAR","38,000.00"
"ROAD TO  BUSAY","CEBU PLAZA-EGGLINGS","LAHUG","CEBU","CEBU","RESIDENTIAL REGULAR","24,000.00"
"RD TO GREEN VALLEY","","LAHUG","CEBU","CEBU","RESIDENTIAL REGULAR","29,000.00"
"ROSAL ST","","LAHUG","CEBU","CEBU","RESIDENTIAL REGULAR","135,000.00"
"ROSAL ST","","LAHUG","CEBU","CEBU","RESIDENTIAL REGULAR","28,500.00"
"SALINAS DRIVE","JUNCTION GORORDO-BBRC","LAHUG","CEBU","CEBU","COMMERCIAL REGULAR","112,500.00"
"SALINAS DRIVE","JUNCTION GORORDO-BBRC","LAHUG","CEBU","CEBU","RESIDENTIAL REGULAR","74,000.00"
"SALINAS DRIVE","BBRC-ARC REYES AVE (BDRY)","LAHUG","CEBU","CEBU","COMMERCIAL REGULAR","97,000.00"
"SALINAS DRIVE","BBRC-ARC REYES AVE (BDRY)","LAHUG","CEBU","CEBU","RESIDENTIAL REGULAR","79,000.00"
"SALINAS DRIVE","IT PARK","LAHUG","CEBU","CEBU","COMMERCIAL REGULAR","135,000.00"
"SALINAS DRIVE EXT","JUNCTION GORORDO-DEAD END","LAHUG","CEBU","CEBU","COMMERCIAL REGULAR","94,000.00"
"SALINAS DRIVE EXT","JUNCTION GORORDO-DEAD END","LAHUG","CEBU","CEBU","RESIDENTIAL REGULAR","76,000.00"
"BEVERLY GLEN SUBD","","LAHUG","CEBU","CEBU","RESIDENTIAL REGULAR","39,500.00"
"BEVERLY HILLS SUBD","","LAHUG","CEBU","CEBU","RESIDENTIAL REGULAR","44,500.00"
"ELISA VALLEY SUBD","","LAHUG","CEBU","CEBU","RESIDENTIAL REGULAR","29,000.00"
"GEMSVILLE SUBD","","LAHUG","CEBU","CEBU","RESIDENTIAL REGULAR","30,000.00"
"GOLDEN VALLEY SUBD/GOLDEN SUN VALLEY","","LAHUG","CEBU","CEBU","RESIDENTIAL REGULAR","29,000.00"
"GOTIANUY SUBD","TO CAMP MARINA","LAHUG","CEBU","CEBU","RESIDENTIAL REGULAR","29,000.00"
"GRENVALLEY SUBD","","LAHUG","CEBU","CEBU","RESIDENTIAL REGULAR","29,000.00"
"MANUEL DY SUBD","","LAHUG","CEBU","CEBU","RESIDENTIAL REGULAR","29,000.00"
"OPRA VILLAGE","","LAHUG","CEBU","CEBU","RESIDENTIAL CONDOMINIUM","117,500.00"
"OPRA VILLAGE","","LAHUG","CEBU","CEBU","RESIDENTIAL REGULAR","29,000.00"
"BC HOMES (PC HOMES)","","LAHUG","CEBU","CEBU","RESIDENTIAL REGULAR","28,500.00"
"HACIENDA SALINAS","","LAHUG","CEBU","CEBU","RESIDENTIAL REGULAR","30,000.00"
"PADGET COMPOUND ROAD","","LAHUG","CEBU","CEBU","RESIDENTIAL REGULAR","29,000.00"
"SANJER CASVILLE SUBD","","LAHUG","CEBU","CEBU","RESIDENTIAL REGULAR","30,000.00"
"SANSON SUBD","","LAHUG","CEBU","CEBU","RESIDENTIAL REGULAR","30,000.00"
"SENO SUBD","","LAHUG","CEBU","CEBU","RESIDENTIAL REGULAR","29,500.00"
"SUNSET SUBD","","LAHUG","CEBU","CEBU","RESIDENTIAL REGULAR","29,500.00"
"UNCHUAN SUBD","","LAHUG","CEBU","CEBU","RESIDENTIAL REGULAR","29,500.00"
"VILLALON SUBD","","LAHUG","CEBU","CEBU","RESIDENTIAL REGULAR","29,500.00"
"ALL OTHER SUBDIVISION","","LAHUG","CEBU","CEBU","RESIDENTIAL REGULAR","26,500.00"
"PARKING CITY CENTRAL CONDO","PARK CITY CENTRAL CONDO","LAHUG","CEBU","CEBU","RESIDENTIAL CONDOMINIUM","100,000.00"
"PARKING SLOT","","LAHUG","CEBU","CEBU","PARKING SLOT","79,000.00"
"PILAPIL TOWNHOMES CONDO","PILAPIL TOWNHOMES CONDO","LAHUG","CEBU","CEBU","RESIDENTIAL CONDOMINIUM","100,000.00"
"PARKINGSLOT","","LAHUG","CEBU","CEBU","PARKING SLOT","79,000.00"
"EDADES RESIDENCES","","LAHUG","CEBU","CEBU","RESIDENTIAL CONDOMINIUM","117,500.00"
"PARKING","MOLAVE STREET","LAHUG","CEBU","CEBU","COMMERCIAL CONDOMINIUM","200,000.00"
"PARKING","MOLAVE STREET","LAHUG","CEBU","CEBU","PARKING SLOT","77,500.00"
"PADGETT PLACE","","LAHUG","CEBU","CEBU","RESIDENTIAL CONDOMINIUM","117,500.00"
"PARKING","SALINAS DRIVE","LAHUG","CEBU","CEBU","PARKING SLOT","79,000.00"
"MIVESA GARDEN RESIDENCES","","LAHUG","CEBU","CEBU","RESIDENTIAL CONDOMINIUM","107,500.00"
"PARKING","SANSON ROAD","LAHUG","CEBU","CEBU","PARKING SLOT","78,500.00"
"32 SANSON  BY ROCKWELL","","LAHUG","CEBU","CEBU","RESIDENTIAL CONDOMINIUM","161,000.00"
"PARKING","ARCHBISHOP REYES AVE.","LAHUG","CEBU","CEBU","PARKING SLOT","82,500.00"
"AVENIR CONDO","","LAHUG","CEBU","CEBU","COMMERCIAL CONDOMINIUM","132,500.00"
"AVENIR CONDO","","LAHUG","CEBU","CEBU","RESIDENTIAL CONDOMINIUM","112,500.00"
"AVENIR CONDO","MIDDLE NIVEL HILLS ROAD","LAHUG","CEBU","CEBU","PARKING SLOT","82,500.00"
"128 NIVEL HILLS TOWER 1 & 2","","LAHUG","CEBU","CEBU","COMMERCIAL CONDOMINIUM","200,000.00"
"128 NIVEL HILLS TOWER 1 & 2","","LAHUG","CEBU","CEBU","RESIDENTIAL CONDOMINIUM","175,000.00"
"128 NIVEL HILLS TOWER 1 & 2","SALINAS DRIVE","LAHUG","CEBU","CEBU","PARKING SLOT","107,500.00"
"CEBU EXCHANGE TOWER","","LAHUG","CEBU","CEBU","COMMERCIAL CONDOMINIUM","195,000.00"
"CEBU EXCHANGE TOWER","LA GUARDIA EXTENSION","LAHUG","CEBU","CEBU","PARKING SLOT","115,000.00"
"THE MEDIAN","","LAHUG","CEBU","CEBU","COMMERCIAL CONDOMINIUM","140,000.00"
"THE MEDIAN","","LAHUG","CEBU","CEBU","COMMERCIAL REGULAR","180,000.00"
"THE MEDIAN","","LAHUG","CEBU","CEBU","RESIDENTIAL CONDOMINIUM","122,500.00"
"THE MEDIAN","GEMSVILLE SUBDIVISION","LAHUG","CEBU","CEBU","PARKING SLOT","80,000.00"
"CORABES TOWER","","LAHUG","CEBU","CEBU","RESIDENTIAL CONDOMINIUM","115,000.00"
"CORABES TOWER","LAGUERTA EXT-SALINAS DRIVE","LAHUG","CEBU","CEBU","PARKING SLOT","80,000.00"
"LAHUG PRIME RESIDENCES","","LAHUG","CEBU","CEBU","RESIDENTIAL CONDOMINIUM","112,500.00"
"LAHUG PRIME RESIDENCES","SALINAS DRIVE EXT.","LAHUG","CEBU","CEBU","PARKING SLOT","79,000.00"
"VERTU RESIDENCES","ARCHBISHOP REYES AVE.","LAHUG","CEBU","CEBU","RESIDENTIAL CONDOMINIUM","115,000.00"
"VERTEX CENTRAL","","LAHUG","CEBU","CEBU","COMMERCIAL CONDOMINIUM","180,000.00"
"VERTEX CENTRAL","","LAHUG","CEBU","CEBU","RESIDENTIAL CONDOMINIUM","155,000.00"
"VERTEX CENTRAL","","LAHUG","CEBU","CEBU","PARKING SLOT","96,500.00"
"ALL OTHER CONDOMINIUMS","","LAHUG","CEBU","CEBU","COMMERCIAL CONDOMINIUM","112,500.00"
"ALL OTHER CONDOMINIUMS","","LAHUG","CEBU","CEBU","RESIDENTIAL CONDOMINIUM","99,000.00"
"ALL OTHER CONDOMINIUMS","","LAHUG","CEBU","CEBU","PARKING SLOT","79,000.00"
"GEN ECHAVEZ ST","MAXILOM-LAHUG CREEK","LOREGA SAN MIGUEL","CEBU","CEBU","COMMERCIAL REGULAR","61,000.00"
"GEN ECHAVEZ ST","MJ CUENCO AVE","LOREGA SAN MIGUEL","CEBU","CEBU","COMMERCIAL REGULAR","61,000.00"
"GEN ECHAVEZ ST","SAN MIGUEL-G ECHAVEZ ST","LOREGA SAN MIGUEL","CEBU","CEBU","COMMERCIAL REGULAR","72,000.00"
"GEN MAXILOM AVE","ECHAVEZ-MJ CUENCO","LOREGA SAN MIGUEL","CEBU","CEBU","COMMERCIAL REGULAR","132,500.00"
"GEN MAXILOM AVE","ECHAVEZ-MJ CUENCO","LOREGA SAN MIGUEL","CEBU","CEBU","COMMERCIAL REGULAR","69,500.00"
"GEN LOREGA","ECHAVEZ-MJ CUENCO","LOREGA SAN MIGUEL","CEBU","CEBU","RESIDENTIAL REGULAR","45,000.00"
"M.J. CUENCO AVENUE","MAXILOM - GEN. LOREGA","LOREGA SAN MIGUEL","CEBU","CEBU","COMMERCIAL REGULAR","69,500.00"
"SAN MIGUEL ST","SAN JOSE-MJ CUENCO","LOREGA SAN MIGUEL","CEBU","CEBU","RESIDENTIAL REGULAR","77,500.00"
"ALL OTHER STREETS","","LOREGA SAN MIGUEL","CEBU","CEBU","COMMERCIAL REGULAR","48,000.00"
"ALL OTHER STREETS","","LOREGA SAN MIGUEL","CEBU","CEBU","RESIDENTIAL REGULAR","40,000.00"
"VILLA SUBDIVISION","","LOREGA SAN MIGUEL","CEBU","CEBU","RESIDENTIAL REGULAR","48,000.00"
"CORTES SUBD","","LOREGA SAN MIGUEL","CEBU","CEBU","RESIDENTIAL REGULAR","48,000.00"
"ALL OTHER SUBDIVISIONS","","LOREGA SAN MIGUEL","CEBU","CEBU","RESIDENTIAL REGULAR","40,000.00"
"CITY LOFT ONE RESIDENCES","MANGO AVENUE","LOREGA SAN MIGUEL","CEBU","CEBU","COMMERCIAL CONDOMINIUM","132,500.00"
"CITY LOFT ONE RESIDENCES","MANGO AVENUE","LOREGA SAN MIGUEL","CEBU","CEBU","RESIDENTIAL REGULAR","122,500.00"
"CITY LOFT ONE RESIDENCES","MANGO AVENUE","LOREGA SAN MIGUEL","CEBU","CEBU","PARKING SLOT","82,500.00"
"XAVIERVILLE CITY CONDO","GENERAL ECHAVEZ ST.","LOREGA SAN MIGUEL","CEBU","CEBU","COMMERCIAL REGULAR","122,500.00"
"XAVIERVILLE CITY CONDO","GENERAL ECHAVEZ ST.","LOREGA SAN MIGUEL","CEBU","CEBU","RESIDENTIAL REGULAR","117,500.00"
"XAVIERVILLE CITY CONDO","GENERAL ECHAVEZ ST.","LOREGA SAN MIGUEL","CEBU","CEBU","PARKING SLOT","77,500.00"
"ALL OTHER CONDOMINIUMS","","LOREGA SAN MIGUEL","CEBU","CEBU","COMMERCIAL REGULAR","117,500.00"
"ALL OTHER CONDOMINIUMS","","LOREGA SAN MIGUEL","CEBU","CEBU","COMMERCIAL REGULAR","206,750.00"
"ALL OTHER CONDOMINIUMS","","LOREGA SAN MIGUEL","CEBU","CEBU","RESIDENTIAL REGULAR","112,500.00"
"ALL OTHER CONDOMINIUMS","","LOREGA SAN MIGUEL","CEBU","CEBU","PARKING SLOT","72,500.00"
"ALL AREAS","ALONG BARANGAY ROAD","LUSARAN","CEBU","CEBU","RESIDENTIAL REGULAR","1,780.00"
"ALL AREAS","ALONG BARANGAY ROAD","LUSARAN","CEBU","CEBU","OTHER AGRICULTURAL LANDS","1,050.00"
"ALL AREAS","INTERIOR","LUSARAN","CEBU","CEBU","RESIDENTIAL REGULAR","1,150.00"
"ALL AREAS","INTERIOR","LUSARAN","CEBU","CEBU","OTHER AGRICULTURAL LANDS","550.00"
"ALL AREAS","WATERSHED","LUSARAN","CEBU","CEBU","OTHER AGRICULTURAL LANDS","170.00"
"ACCESS ROAD TO AYALA","","LUZ","CEBU","CEBU","COMMERCIAL REGULAR","96,750.00"
"ACCESS ROAD TO AYALA","","LUZ","CEBU","CEBU","RESIDENTIAL REGULAR","83,500.00"
"ARCH REYES AVE","N ESCARIO-J LUNA AVE","LUZ","CEBU","CEBU","COMMERCIAL REGULAR","102,500.00"
"CABANTAN ST","ARCH REYES-NEW ERA","LUZ","CEBU","CEBU","COMMERCIAL REGULAR","64,500.00"
"CABANTAN ST","ARCH REYES-NEW ERA","LUZ","CEBU","CEBU","RESIDENTIAL REGULAR","51,250.00"
"CEBU BUSINESS PARK","LOT NO 1","LUZ","CEBU","CEBU","COMMERCIAL REGULAR","206,750.00"
"CEBU BUSINESS PARK","LOT NOS 4-6","LUZ","CEBU","CEBU","COMMERCIAL REGULAR","206,750.00"
"MINDANAO AVENUE","ROAD LOR NOS 2,3,5,7,&8","LUZ","CEBU","CEBU","COMMERCIAL REGULAR","206,750.00"
"BOHOL ST.","LOT NO 9","LUZ","CEBU","CEBU","COMMERCIAL REGULAR","206,750.00"
"SIQUIJOR ST.","LOT NOS 18-22","LUZ","CEBU","CEBU","RESIDENTIAL REGULAR / COMMERCIAL REGULAR","212,500.00"
"SIQUIJOR ST.","LOT NOS 18-22","LUZ","CEBU","CEBU","COMMERCIAL REGULAR","212,500.00"
"CAMOTES ROAD","LOT NOS 24-31","LUZ","CEBU","CEBU","COMMERCIAL REGULAR","212,500.00"
"CAMOTES ROAD","LOT NO.34","LUZ","CEBU","CEBU","COMMERCIAL REGULAR","212,500.00"
"JUAN LUNA AVE","ARCH REYES-NEW ERA","LUZ","CEBU","CEBU","COMMERCIAL REGULAR","102,765.00"
"NEW ERA ST","CABANTAN ST-J LUNA","LUZ","CEBU","CEBU","COMMERCIAL REGULAR","61,450.00"
"ALL OTHER STREETS /UNNAMED STREETS","","LUZ","CEBU","CEBU","COMMERCIAL REGULAR","46,540.00"
"ALL OTHER STREETS /UNNAMED STREETS","","LUZ","CEBU","CEBU","RESIDENTIAL REGULAR","42,750.00"
"SITIO ZAPATERA","CITY LOT","LUZ","CEBU","CEBU","RESIDENTIAL REGULAR / COMMERCIAL REGULAR","28,125.00"
"SITIO ABELLANA","CITY LOT/ PROVINCIAL LOT","LUZ","CEBU","CEBU","RESIDENTIAL REGULAR / COMMERCIAL REGULAR","28,125.00"
"SITIO CITY CENTRAL","CITY LOT","LUZ","CEBU","CEBU","RESIDENTIAL REGULAR / COMMERCIAL REGULAR","28,125.00"
"SITIO STO. NINO I","PROVINCIAL LOT","LUZ","CEBU","CEBU","RESIDENTIAL REGULAR / COMMERCIAL REGULAR","28,125.00"
"SITIO LUBI","CMP","LUZ","CEBU","CEBU","RESIDENTIAL REGULAR / COMMERCIAL REGULAR","28,125.00"
"SITIO STA.CRUZ","PROVINCIAL LOT","LUZ","CEBU","CEBU","RESIDENTIAL REGULAR / COMMERCIAL REGULAR","28,125.00"
"SITIO SAN VICENTE","PROVINCIAL LOT","LUZ","CEBU","CEBU","RESIDENTIAL REGULAR / COMMERCIAL REGULAR","28,125.00"
"SITIO STO. NINO III","PROVINCIAL LOT","LUZ","CEBU","CEBU","RESIDENTIAL REGULAR / COMMERCIAL REGULAR","28,125.00"
"SITIO SAMBAG","PROVINCIAL LOT","LUZ","CEBU","CEBU","RESIDENTIAL REGULAR / COMMERCIAL REGULAR","28,125.00"
"SITIO NANGKA","CMP","LUZ","CEBU","CEBU","RESIDENTIAL CONDOMINIUM","243,000.00"
"SITIO NANGKA","CMP","LUZ","CEBU","CEBU","RESIDENTIAL REGULAR / COMMERCIAL REGULAR","28,125.00"
"SITIO SAN ROQUE","PROVINCIAL LOT","LUZ","CEBU","CEBU","RESIDENTIAL REGULAR / COMMERCIAL REGULAR","28,125.00"
"SITIO SAN ANTONIO","PROVINCIAL LOT","LUZ","CEBU","CEBU","RESIDENTIAL REGULAR / COMMERCIAL REGULAR","28,125.00"
"SITIO STO. NINO II","PROVINCIAL LOT","LUZ","CEBU","CEBU","RESIDENTIAL REGULAR / COMMERCIAL REGULAR","28,125.00"
"SITIO KALINAW","PROVINCIAL LOT","LUZ","CEBU","CEBU","RESIDENTIAL REGULAR / COMMERCIAL REGULAR","28,125.00"
"SITIO MABUHAY","CMP","LUZ","CEBU","CEBU","RESIDENTIAL REGULAR / COMMERCIAL REGULAR","28,125.00"
"SITIO NEW ERA","PROVINCIAL LOT","LUZ","CEBU","CEBU","RESIDENTIAL REGULAR / COMMERCIAL REGULAR","28,125.00"
"PAG-IBIG WTC TOWER","","LUZ","CEBU","CEBU","RESIDENTIAL CONDOMINIUM","171,000.00"
"PARKING SLOT","","LUZ","CEBU","CEBU","PARKING SLOT","56,250.00"
"PARK POINT RESIDENCES","LUZON AVENUE , CBP","LUZ","CEBU","CEBU","RESIDENTIAL CONDOMINIUM","182,000.00"
"PARK POINT RESIDENCES","LUZON AVENUE , CBP","LUZ","CEBU","CEBU","PARKING SLOT","95,000.00"
"APPLE ONE EQUICOM TOWER","CBP MINDANAO AVE. COR. BILIRAN RD.","LUZ","CEBU","CEBU","COMMERCIAL CONDOMINIUM","132,500.00"
"APPLE ONE EQUICOM TOWER","CBP MINDANAO AVE. COR. BILIRAN RD.","LUZ","CEBU","CEBU","RESIDENTIAL CONDOMINIUM","127,500.00"
"APPLE ONE EQUICOM TOWER","CBP MINDANAO AVE. COR. BILIRAN RD.","LUZ","CEBU","CEBU","PARKING SLOT","95,000.00"
"THE ALCOVES","LUZON AVENUE , CBP","LUZ","CEBU","CEBU","COMMERCIAL CONDOMINIUM","243,000.00"
"THE ALCOVES","LUZON AVENUE , CBP","LUZ","CEBU","CEBU","RESIDENTIAL CONDOMINIUM","207,000.00"
"THE ALCOVES","LUZON AVENUE , CBP","LUZ","CEBU","CEBU","RESIDENTIAL REGULAR","179,600.00"
"THE ALCOVES","LUZON AVENUE , CBP","LUZ","CEBU","CEBU","PARKING SLOT","110,000.00"
"LATITUDE CORPORATE CENTER","","LUZ","CEBU","CEBU","COMMERCIAL CONDOMINIUM","172,500.00"
"LATITUDE CORPORATE CENTER","","LUZ","CEBU","CEBU","PARKING SLOT","95,000.00"
"TAFT EASTGATE CONDOMINIUM","POPE JOHN PAUL II AVE COR. CARDINAL ROSALES AVE. CEBU CITY","LUZ","CEBU","CEBU","COMMERCIAL CONDOMINIUM","179,600.00"
"TAFT EASTGATE CONDOMINIUM","POPE JOHN PAUL II AVE COR. CARDINAL ROSALES AVE. CEBU CITY","LUZ","CEBU","CEBU","RESIDENTIAL CONDOMINIUM","158,000.00"
"TAFT EASTGATE CONDOMINIUM","POPE JOHN PAUL II AVE COR. CARDINAL ROSALES AVE. CEBU CITY","LUZ","CEBU","CEBU","PARKING SLOT","90,000.00"
"ALL OTHER CONDOMINIUMS","","LUZ","CEBU","CEBU","COMMERCIAL CONDOMINIUM","131,500.00"
"ALL OTHER CONDOMINIUMS","","LUZ","CEBU","CEBU","RESIDENTIAL CONDOMINIUM","112,500.00"
"ALL OTHER CONDOMINIUMS","","LUZ","CEBU","CEBU","PARKING SLOT","88,500.00"
"ALL AREAS","ALL COMMERCIAL LOTS","MABINI","CEBU","CEBU","COMMERCIAL REGULAR","3,000.00"
"ALL AREAS","ALONG THE ROAD","MABINI","CEBU","CEBU","RESIDENTIAL REGULAR","2,760.00"
"ALL AREAS","INTERIOR","MABINI","CEBU","CEBU","RESIDENTIAL REGULAR","1,750.00"
"ALL AREAS","ALONG THE ROAD","MABINI","CEBU","CEBU","OTHER AGRICULTURAL LANDS","610.00"
"ALL AREAS","INTERIOR","MABINI","CEBU","CEBU","OTHER AGRICULTURAL LANDS","395.00"
"ALL AREAS","WATERSHED","MABINI","CEBU","CEBU","OTHER AGRICULTURAL LANDS","195.00"
"ALMENDRAS ST","F CABAHUG-SINDULAN","MABOLO","CEBU","CEBU","RESIDENTIAL REGULAR","40,600.00"
"C CIMA ST","OLD PHIL RAIL WAY","MABOLO","CEBU","CEBU","RESIDENTIAL REGULAR","67,500.00"
"C CIMA ST","OLD PHIL RAIL WAY","MABOLO","CEBU","CEBU","RESIDENTIAL REGULAR","40,600.00"
"C BORCES ST","JOAQUIN-JUAN LUNA","MABOLO","CEBU","CEBU","RESIDENTIAL REGULAR","40,600.00"
"E LABUCAY ST","TRES PADRES BORCES-GOCHAN","MABOLO","CEBU","CEBU","RESIDENTIAL REGULAR","40,600.00"
"F CABAHUG","J LUNA AVE","MABOLO","CEBU","CEBU","RESIDENTIAL REGULAR","56,250.00"
"F MINA ST","L TUDTUD-H JOAQUINO","MABOLO","CEBU","CEBU","RESIDENTIAL REGULAR","40,600.00"
"J SENO","MJ CUENCO","MABOLO","CEBU","CEBU","RESIDENTIAL REGULAR","40,600.00"
"FLORES DE MAYO ST","","MABOLO","CEBU","CEBU","RESIDENTIAL REGULAR","40,600.00"
"FRANCSICO ARCILLA","G TUDTUD-C MINA","MABOLO","CEBU","CEBU","RESIDENTIAL REGULAR","40,600.00"
"FROILAN ARCILLA","JUAN LUNA-V COLINA","MABOLO","CEBU","CEBU","RESIDENTIAL REGULAR","40,600.00"
"GIL TUDTUD ST","H JOAQUINO","MABOLO","CEBU","CEBU","RESIDENTIAL REGULAR","40,600.00"
"GO SOTTO COMPLEX","","MABOLO","CEBU","CEBU","RESIDENTIAL REGULAR","67,500.00"
"GOCHAN ST/F GOCHAN ST","CABAHUG -MJ CUENCO","MABOLO","CEBU","CEBU","RESIDENTIAL REGULAR","40,600.00"
"GUIBILONDO ST","L. TUDTUD-JUAN LUNA AVE","MABOLO","CEBU","CEBU","RESIDENTIAL REGULAR","40,600.00"
"H BORGONIA","G. TUDTUD-CMINA ST","MABOLO","CEBU","CEBU","RESIDENTIAL REGULAR","40,600.00"
"H JOAQUINO ST","G. TUDTUD-CMINA ST","MABOLO","CEBU","CEBU","RESIDENTIAL REGULAR","40,600.00"
"HOLY NAME ST","MJ CUENCO AVE","MABOLO","CEBU","CEBU","RESIDENTIAL REGULAR","40,600.00"
"J JOAQUINO ST","E LUKABAY","MABOLO","CEBU","CEBU","COMMERCIAL REGULAR","112,500.00"
"J JOAQUINO ST","E LUKABAY","MABOLO","CEBU","CEBU","RESIDENTIAL REGULAR","40,600.00"
"POPE JOHN PAUL AVE. (JUAN LUNA AVE) SAN JOSE DELA MONTAÑA","F CABAHUG-C. PORT","MABOLO","CEBU","CEBU","COMMERCIAL REGULAR","99,437.50"
"L LIMBONG ST","JUAN LUNA","MABOLO","CEBU","CEBU","RESIDENTIAL REGULAR","40,600.00"
"L TUDTUD","NEW ERA F MINA","MABOLO","CEBU","CEBU","RESIDENTIAL REGULAR","40,600.00"
"M BORCES ST","G TUDTUD-C MINA","MABOLO","CEBU","CEBU","RESIDENTIAL REGULAR","40,600.00"
"M BORGONI ST","BP BORCES-GOCHAN","MABOLO","CEBU","CEBU","RESIDENTIAL REGULAR","40,600.00"
"MJ CUENCO AVE","HIPODROMO-MANDAUE","MABOLO","CEBU","CEBU","COMMERCIAL REGULAR","98,860.00"
"MJ CUENCO AVE","HIPODROMO-MANDAUE","MABOLO","CEBU","CEBU","RESIDENTIAL REGULAR","81,035.00"
"MABONITES","","MABOLO","CEBU","CEBU","RESIDENTIAL REGULAR","40,600.00"
"NEW ERA ST","L TUDTUD-J LUNA AVE","MABOLO","CEBU","CEBU","RESIDENTIAL REGULAR","40,600.00"
"NEW FRONTIER","S CABAHUG","MABOLO","CEBU","CEBU","RESIDENTIAL REGULAR","40,600.00"
"OLD PHIL RAILWAY","L TUDTUD-JLUNA AVE","MABOLO","CEBU","CEBU","RESIDENTIAL REGULAR","40,600.00"
"S BORCES EXT","","MABOLO","CEBU","CEBU","RESIDENTIAL REGULAR","40,600.00"
"S BORCES ST","MJ CUENCO","MABOLO","CEBU","CEBU","RESIDENTIAL REGULAR","40,600.00"
"S CABAHUG ST","JUAN LUNA-CASALS VILL","MABOLO","CEBU","CEBU","RESIDENTIAL REGULAR","50,750.00"
"S OSMENA BLVD","","MABOLO","CEBU","CEBU","COMMERCIAL REGULAR","112,500.00"
"SAN ROQUE","JUAN LUNA-","MABOLO","CEBU","CEBU","RESIDENTIAL CONDOMINIUM","180,000.00"
"SAN ROQUE","JUAN LUNA-","MABOLO","CEBU","CEBU","RESIDENTIAL REGULAR","40,600.00"
"SINDULAN ST","S CABAHUG-CASALS VILL","MABOLO","CEBU","CEBU","RESIDENTIAL REGULAR","40,600.00"
"TRES PADRES BORCES","CABAHUG- GOCHAN CMPD","MABOLO","CEBU","CEBU","RESIDENTIAL REGULAR","40,600.00"
"V COLINA ST","","MABOLO","CEBU","CEBU","RESIDENTIAL REGULAR","40,600.00"
"ALL OTHER STREETS","","MABOLO","CEBU","CEBU","COMMERCIAL REGULAR","60,900.00"
"ALL OTHER STREETS","","MABOLO","CEBU","CEBU","RESIDENTIAL REGULAR","40,600.00"
"CASALS VILLAGES","ALL LOTS WITH SUBD","MABOLO","CEBU","CEBU","RESIDENTIAL REGULAR","48,720.00"
"COROMINA SUBD","GILL TUDTUD","MABOLO","CEBU","CEBU","RESIDENTIAL REGULAR","40,600.00"
"GETTY OIL COMPOUND","","MABOLO","CEBU","CEBU","RESIDENTIAL REGULAR","40,600.00"
"GOCHAN SUBD","TRES PADRES-GOCHAN EXT","MABOLO","CEBU","CEBU","RESIDENTIAL REGULAR","40,600.00"
"GOCHAN COMPOUND ROAD","MJ CUENCO","MABOLO","CEBU","CEBU","COMMERCIAL REGULAR","40,600.00"
"GOCHAN COMPOUND ROAD","MJ CUENCO","MABOLO","CEBU","CEBU","RESIDENTIAL REGULAR","35,525.00"
"TENASAS SUBD","","MABOLO","CEBU","CEBU","RESIDENTIAL REGULAR","40,600.00"
"ALL OTHER SUBDIVISION","","MABOLO","CEBU","CEBU","RESIDENTIAL REGULAR","34,250.00"
"GRAND RESIDENCES MABOLO","NRA, MABOLO, CEBU CITY","MABOLO","CEBU","CEBU","COMMERCIAL CONDOMINIUM","180,000.00"
"GRAND RESIDENCES MABOLO","NRA, MABOLO, CEBU CITY","MABOLO","CEBU","CEBU","RESIDENTIAL CONDOMINIUM","152,500.00"
"GRAND RESIDENCES MABOLO","NRA, MABOLO, CEBU CITY","MABOLO","CEBU","CEBU","OTHER AGRICULTURAL LANDS","135,000.00"
"GRAND RESIDENCES MABOLO","NRA, MABOLO, CEBU CITY","MABOLO","CEBU","CEBU","PARKING SLOT","105,000.00"
"PERSIMON RESIDENCES","M.J. CUENCO AVE.-H. JOAQUIN ST","MABOLO","CEBU","CEBU","COMMERCIAL CONDOMINIUM","135,000.00"
"PERSIMON RESIDENCES","M.J. CUENCO AVE.-H. JOAQUIN ST","MABOLO","CEBU","CEBU","RESIDENTIAL CONDOMINIUM","112,500.00"
"PERSIMON RESIDENCES","M.J. CUENCO AVE.-H. JOAQUIN ST","MABOLO","CEBU","CEBU","PARKING SLOT","78,500.00"
"MABOLO GARDEN FLATS","TRES BORCES ST.","MABOLO","CEBU","CEBU","RESIDENTIAL CONDOMINIUM","115,000.00"
"MABOLO GARDEN FLATS","TRES BORCES ST.","MABOLO","CEBU","CEBU","PARKING SLOT","79,000.00"
"EAST AURORA TOWERS","PRESIDENT QUEZON ST.","MABOLO","CEBU","CEBU","RESIDENTIAL CONDOMINIUM","110,400.00"
"EAST AURORA TOWERS","PRESIDENT QUEZON ST.","MABOLO","CEBU","CEBU","PARKING SLOT","82,125.00"
"ALL OTHER CONDOMINIUMS","","MABOLO","CEBU","CEBU","COMMERCIAL CONDOMINIUM","125,500.00"
"ALL OTHER CONDOMINIUMS","","MABOLO","CEBU","CEBU","RESIDENTIAL CONDOMINIUM","111,500.00"
"ALL OTHER CONDOMINIUMS","","MABOLO","CEBU","CEBU","PARKING SLOT","77,500.00"
"INDUSTRIAL AREAS","","MABOLO","CEBU","CEBU","INDUSTRIAL","101,250.00"
"ALMENDRAS ST","SITIO TINGUB-BRGY BABAG","MALUBOG","CEBU","CEBU","COMMERCIAL REGULAR","4,500.00"
"ALMENDRAS ST","ALONG BRGY ROAD","MALUBOG","CEBU","CEBU","RESIDENTIAL REGULAR","4,000.00"
"ALMENDRAS ST","INTERIOR","MALUBOG","CEBU","CEBU","RESIDENTIAL REGULAR","2,750.00"
"ALMENDRAS ST","ALONG BRGY ROAD","MALUBOG","CEBU","CEBU","OTHER AGRICULTURAL LANDS","2,150.00"
"ALMENDRAS ST","INTERIOR","MALUBOG","CEBU","CEBU","RESIDENTIAL REGULAR","6,900.00"
"ALMENDRAS ST","INTERIOR","MALUBOG","CEBU","CEBU","OTHER AGRICULTURAL LANDS","1,600.00"
"E. OSMENA SR. AVE (TRANSCENTRAL HI-WAY)","BRGY. BUSAY SITIO TINGUB","MALUBOG","CEBU","CEBU","COMMERCIAL REGULAR","4,800.00"
"E. OSMENA SR. AVE (TRANSCENTRAL HI-WAY)","ALONG BRGY ROAD","MALUBOG","CEBU","CEBU","RESIDENTIAL REGULAR","3,935.00"
"E. OSMENA SR. AVE (TRANSCENTRAL HI-WAY)","INTERIOR","MALUBOG","CEBU","CEBU","RESIDENTIAL REGULAR","2,750.00"
"E. OSMENA SR. AVE (TRANSCENTRAL HI-WAY)","ALONG BRGY ROAD","MALUBOG","CEBU","CEBU","OTHER AGRICULTURAL LANDS","2,150.00"
"E. OSMENA SR. AVE (TRANSCENTRAL HI-WAY)","INTERIOR","MALUBOG","CEBU","CEBU","OTHER AGRICULTURAL LANDS","1,700.00"
"KAN-IRAG SPORTS COMPLEX","ALONG BRGY ROAD","MALUBOG","CEBU","CEBU","RESIDENTIAL REGULAR","5,895.00"
"KAN-IRAG SPORTS COMPLEX","INTERIOR","MALUBOG","CEBU","CEBU","RESIDENTIAL REGULAR","3,850.00"
"TOPS","","MALUBOG","CEBU","CEBU","COMMERCIAL REGULAR","6,900.00"
"TOPS","ALONG BRGY ROAD","MALUBOG","CEBU","CEBU","RESIDENTIAL REGULAR","6,775.00"
"TOPS","INTERIOR","MALUBOG","CEBU","CEBU","RESIDENTIAL REGULAR","4,300.00"
"TOPS","ALONG BRGY ROAD","MALUBOG","CEBU","CEBU","OTHER AGRICULTURAL LANDS","3,375.00"
"TOPS","INTERIOR","MALUBOG","CEBU","CEBU","OTHER AGRICULTURAL LANDS","2,450.00"
"ALL OTHER AREAS","","MALUBOG","CEBU","CEBU","COMMERCIAL REGULAR","2,650.00"
"ALL OTHER AREAS","ALONG BRGY ROAD","MALUBOG","CEBU","CEBU","RESIDENTIAL REGULAR","3,225.00"
"ALL OTHER AREAS","INTERIOR","MALUBOG","CEBU","CEBU","RESIDENTIAL REGULAR","1,950.00"
"ALL OTHER AREAS","ALONG BRGY ROAD","MALUBOG","CEBU","CEBU","COMMERCIAL REGULAR","108,000.00"
"ALL OTHER AREAS","ALONG BRGY ROAD","MALUBOG","CEBU","CEBU","OTHER AGRICULTURAL LANDS","1,500.00"
"ALL OTHER AREAS","INTERIOR","MALUBOG","CEBU","CEBU","OTHER AGRICULTURAL LANDS","1,200.00"
"WATERSHED","WATERSHED","MALUBOG","CEBU","CEBU","OTHER AGRICULTURAL LANDS","1,025.00"
"ALL EXISTING SUBDIVISIONS","","MALUBOG","CEBU","CEBU","RESIDENTIAL REGULAR","12,670.00"
"A BONIFACIO","JAKOSALEM - A MABINI","PARIAN","CEBU","CEBU","COMMERCIAL REGULAR","72,000.00"
"A MABINI ST","BONIFACIO- V GULLAS","PARIAN","CEBU","CEBU","COMMERCIAL REGULAR","78,000.00"
"A MABINI ST","V GULLAS-BONIFACIO","PARIAN","CEBU","CEBU","COMMERCIAL REGULAR","78,000.00"
"A MABINI ST","SULETA ST - V GULLAS","PARIAN","CEBU","CEBU","COMMERCIAL REGULAR","78,000.00"
"COLON ST","JUNQUERA- D JAKOSALEM","PARIAN","CEBU","CEBU","COMMERCIAL REGULAR","102,000.00"
"COLON ST","D JAKOSALEM-MABINI","PARIAN","CEBU","CEBU","COMMERCIAL REGULAR","102,000.00"
"D JAKOSALEM ST","COLON-V GULLAS","PARIAN","CEBU","CEBU","COMMERCIAL REGULAR","89,000.00"
"D JAKOSALEM ST","A BONIFACIO-COLON ST","PARIAN","CEBU","CEBU","COMMERCIAL REGULAR","79,000.00"
"ESPANA ST","JAKOSALEM-SIKATUNA","PARIAN","CEBU","CEBU","COMMERCIAL REGULAR","72,000.00"
"GEN JUNQUERA ST","SANCIANGKO-COLON","PARIAN","CEBU","CEBU","COMMERCIAL REGULAR","108,000.00"
"IBARRA ST","BONIFACIO-ESPANA","PARIAN","CEBU","CEBU","COMMERCIAL REGULAR","68,000.00"
"ISAGANI ST","IBARRA-A MABINI","PARIAN","CEBU","CEBU","COMMERCIAL REGULAR","67,000.00"
"SANCIANGKO ST","ESCANO-JUNQUERA","PARIAN","CEBU","CEBU","RESIDENTIAL REGULAR","89,000.00"
"SANCIANGKO ST","ESCANO-JUNQUERA","PARIAN","CEBU","CEBU","COMMERCIAL REGULAR","78,000.00"
"SANCIANGKO ST","JUNQUERA- D JAKOSALEM","PARIAN","CEBU","CEBU","COMMERCIAL REGULAR","78,000.00"
"SIKATUNA","BONIFACIO-MABINI","PARIAN","CEBU","CEBU","COMMERCIAL REGULAR","72,000.00"
"SIMOUN ST","JAKOSALEM-IBARRA","PARIAN","CEBU","CEBU","COMMERCIAL REGULAR","67,000.00"
"SUDLON ST","ESPANA-COLON","PARIAN","CEBU","CEBU","COMMERCIAL REGULAR","72,000.00"
"V GULLAS","JAKOSALEM- A MABINI","PARIAN","CEBU","CEBU","COMMERCIAL REGULAR","89,000.00"
"ALL OTHER STREETS","","PARIAN","CEBU","CEBU","COMMERCIAL REGULAR","67,000.00"
"INTERIOR AREAS","","PARIAN","CEBU","CEBU","RESIDENTIAL REGULAR","29,000.00"
"ALL AREAS","ALONG BARANGAY ROAD","PARIL","CEBU","CEBU","RESIDENTIAL REGULAR","1,493.00"
"ALL AREAS","ALONG BARANGAY ROAD","PARIL","CEBU","CEBU","OTHER AGRICULTURAL LANDS","1,000.00"
"ALL AREAS","INTERIOR","PARIL","CEBU","CEBU","RESIDENTIAL REGULAR","900.00"
"ALL AREAS","INTERIOR","PARIL","CEBU","CEBU","OTHER AGRICULTURAL LANDS","550.00"
"ALL AREAS","WATERSHED","PARIL","CEBU","CEBU","OTHER AGRICULTURAL LANDS","175.00"
"PIT-OS PROPER","","PIT-OS","CEBU","CEBU","RESIDENTIAL REGULAR","6,955.00"
"PIT-OS PROPER","BDRY OF BRGY BACAYAN-BGY BINALIW","PIT-OS","CEBU","CEBU","RESIDENTIAL REGULAR","5,350.00"
"PIT-OS PROPER","WITHIN RD JUNC-SITIO KABANGAHAN","PIT-OS","CEBU","CEBU","RESIDENTIAL REGULAR","4,815.00"
"PIT-OS PROPER","JUNC-SITIO KABANGAHAN, BGY BINALIW","PIT-OS","CEBU","CEBU","RESIDENTIAL REGULAR","22,500.00"
"PIT-OS PROPER","JUNC-SITIO KABANGAHAN, BGY BINALIW","PIT-OS","CEBU","CEBU","RESIDENTIAL REGULAR","4,815.00"
"SITIO KABANGHAN","W/IN JUNCTION P LUPA","PIT-OS","CEBU","CEBU","RESIDENTIAL REGULAR","5,350.00"
"ALL OTHER AREAS","","PIT-OS","CEBU","CEBU","RESIDENTIAL REGULAR","5,550.50"
"MIRAMONTE SUBDIVISION","","PIT-OS","CEBU","CEBU","RESIDENTIAL REGULAR","12,400.00"
"RIVERDALE SUBD. (FORMERLY BELFONT SUB. / BETTANY SUBD)","","PIT-OS","CEBU","CEBU","RESIDENTIAL REGULAR","12,675.00"
"VILLA DEL RIO II SUBD","","PIT-OS","CEBU","CEBU","RESIDENTIAL REGULAR","12,950.00"
"LESSANDRA TALAMBAN SUBD. (CAMELLA)","","PIT-OS","CEBU","CEBU","RESIDENTIAL REGULAR","13,500.00"
"METROPOLIS SUBDIVISION","","PIT-OS","CEBU","CEBU","RESIDENTIAL REGULAR","13,500.00"
"SUNNYMEDE SUBDIVISION","","PIT-OS","CEBU","CEBU","RESIDENTIAL REGULAR","13,500.00"
"PRIVEYA HILLS BACAYAN","","PIT-OS","CEBU","CEBU","RESIDENTIAL REGULAR","22,500.00"
"88 SUMMERBRIDGE SUBDIVISION","","PIT-OS","CEBU","CEBU","RESIDENTIAL REGULAR","13,500.00"
"STA. LUISA HOMES","","PIT-OS","CEBU","CEBU","RESIDENTIAL REGULAR","13,500.00"
"RIVERSIDE VILLAGE","","PIT-OS","CEBU","CEBU","RESIDENTIAL REGULAR","13,500.00"
"UPPER SITE HOMEOWNERS ASSOCIATION","","PIT-OS","CEBU","CEBU","RESIDENTIAL REGULAR","6,750.00"
"URBANVILLE HOMEOWNERS ASSOCIATION","","PIT-OS","CEBU","CEBU","RESIDENTIAL REGULAR","6,750.00"
"ALL OTHER SUBDIVISION","","PIT-OS","CEBU","CEBU","RESIDENTIAL REGULAR","9,850.00"
"VILLA DEL RIO COMM-RES CONDO","","PIT-OS","CEBU","CEBU","OTHER AGRICULTURAL LANDS","123,375.00"
"VILLA DEL RIO COMM-RES CONDO","","PIT-OS","CEBU","CEBU","RESIDENTIAL CONDOMINIUM","88,500.00"
"PARKING SLOT","VILLA DEL RIO COMM-RES CONDO","PIT-OS","CEBU","CEBU","PARKING SLOT","78,250.00"
"ALL OTHER CONDOMINIUMS","","PIT-OS","CEBU","CEBU","COMMERCIAL CONDOMINIUM","123,375.00"
"ALL OTHER CONDOMINIUMS","","PIT-OS","CEBU","CEBU","RESIDENTIAL CONDOMINIUM","97,750.00"
"PARKING SLOT","","PIT-OS","CEBU","CEBU","PARKING SLOT","80,625.00"
"CEBU GOLF POLO CLUB","","PONG-OL SIBUGAY","CEBU","CEBU","OTHER AGRICULTURAL LANDS","2,330.00"
"RURAL BARANGAY","","PONG-OL SIBUGAY","CEBU","CEBU","RESIDENTIAL REGULAR","2,450.00"
"RURAL BARANGAY","","PONG-OL SIBUGAY","CEBU","CEBU","OTHER AGRICULTURAL LANDS","1,475.00"
"SUBURBAN AREAS WITH ROAD","","PONG-OL SIBUGAY","CEBU","CEBU","COMMERCIAL REGULAR","4,100.00"
"SUBURBAN AREAS WITH ROAD","","PONG-OL SIBUGAY","CEBU","CEBU","RESIDENTIAL REGULAR","3,100.00"
"SUBURBAN AREAS WITH ROAD","","PONG-OL SIBUGAY","CEBU","CEBU","OTHER AGRICULTURAL LANDS","1,550.00"
"SUBURBAN AREAS WITHOUT ROAD","","PONG-OL SIBUGAY","CEBU","CEBU","RESIDENTIAL REGULAR","2,075.00"
"SUBURBAN AREAS WITHOUT ROAD","","PONG-OL SIBUGAY","CEBU","CEBU","OTHER AGRICULTURAL LANDS","1,100.00"
"TRANSCENTRAL HIGHWAY","","PONG-OL SIBUGAY","CEBU","CEBU","COMMERCIAL REGULAR","5,350.00"
"TRANSCENTRAL HIGHWAY","","PONG-OL SIBUGAY","CEBU","CEBU","RESIDENTIAL REGULAR","3,850.00"
"TRANSCENTRAL HIGHWAY","","PONG-OL SIBUGAY","CEBU","CEBU","OTHER AGRICULTURAL LANDS","1,500.00"
"ALL OTHER AREAS (ALL OTHER STREETS)","","PONG-OL SIBUGAY","CEBU","CEBU","COMMERCIAL REGULAR","98,500.00"
"ALL OTHER AREAS (ALL OTHER STREETS)","","PONG-OL SIBUGAY","CEBU","CEBU","RESIDENTIAL REGULAR","1,200.00"
"ALL OTHER AREAS (ALL OTHER STREETS)","","PONG-OL SIBUGAY","CEBU","CEBU","OTHER AGRICULTURAL LANDS","1,000.00"
"ALL OTHER AREAS (ALL OTHER STREETS)","","PONG-OL SIBUGAY","CEBU","CEBU","OTHER AGRICULTURAL LANDS","800.00"
"ALL AREAS","ALONG BARANGAY ROAD","PULANG-BATO","CEBU","CEBU","RESIDENTIAL REGULAR","1,750.00"
"ALL AREAS","ALONG BARANGAY ROAD","PULANG-BATO","CEBU","CEBU","OTHER AGRICULTURAL LANDS","1,200.00"
"ALL AREAS","INTERIOR","PULANG-BATO","CEBU","CEBU","RESIDENTIAL REGULAR","1,075.00"
"ALL AREAS","INTERIOR","PULANG-BATO","CEBU","CEBU","OTHER AGRICULTURAL LANDS","700.00"
"GREENWOOD SUBDIVISION","","PULANG-BATO","CEBU","CEBU","RESIDENTIAL REGULAR","14,500.00"
"METROPOLIS SUBD.","","PULANG-BATO","CEBU","CEBU","RESIDENTIAL REGULAR","15,250.00"
"LESSANDRA TALAMBAN SUBD.","","PULANG-BATO","CEBU","CEBU","RESIDENTIAL REGULAR","13,500.00"
"RIVERDALE SUBD.","","PULANG-BATO","CEBU","CEBU","RESIDENTIAL REGULAR","13,500.00"
"CLEAR WATER RESIDENCES","","PULANG-BATO","CEBU","CEBU","RESIDENTIAL REGULAR","13,500.00"
"REDSTONE VILLAGE","","PULANG-BATO","CEBU","CEBU","RESIDENTIAL REGULAR","13,500.00"
"ALL OTHER SUBDIVISION","","PULANG-BATO","CEBU","CEBU","RESIDENTIAL REGULAR","9,300.00"
"D JAKOSALEM","LANDON-P DEL ROSARIO","SAN ANTONIO(POB)","CEBU","CEBU","COMMERCIAL REGULAR","98,500.00"
"DON PEDRO CUI ST","LANDON-P DEL ROSARIO","SAN ANTONIO(POB)","CEBU","CEBU","COMMERCIAL REGULAR","76,000.00"
"JUNQUERA ST","RR LANDON-P DEL ROSARIO","SAN ANTONIO(POB)","CEBU","CEBU","RESIDENTIAL REGULAR","130,000.00"
"JUNQUERA ST","RR LANDON-P DEL ROSARIO","SAN ANTONIO(POB)","CEBU","CEBU","COMMERCIAL REGULAR","93,500.00"
"JUNQUERA EXT","JUNQUERA ST-RR LANDON","SAN ANTONIO(POB)","CEBU","CEBU","COMMERCIAL REGULAR","93,500.00"
"P DEL ROSARIO ST","OSMENA-JUNQUERA","SAN ANTONIO(POB)","CEBU","CEBU","COMMERCIAL REGULAR","116,000.00"
"P DEL ROSARIO ST","JUNQUERA-JAKOSALEM","SAN ANTONIO(POB)","CEBU","CEBU","COMMERCIAL REGULAR","113,000.00"
"PELAEZ ST","LANDON-P DEL ROSARIO","SAN ANTONIO(POB)","CEBU","CEBU","COMMERCIAL REGULAR","93,500.00"
"PRES OSMENA BLVD","LANDON-P DEL ROSARIO","SAN ANTONIO(POB)","CEBU","CEBU","COMMERCIAL REGULAR","130,000.00"
"RR LANDON","SPL QUALIFICATION","SAN ANTONIO(POB)","CEBU","CEBU","COMMERCIAL REGULAR","93,500.00"
"SPL QUALIFICATION","LOTS ALONG UNNAMED STREETS","SAN ANTONIO(POB)","CEBU","CEBU","COMMERCIAL REGULAR","93,500.00"
"ALL OTHER STREETS","","SAN ANTONIO(POB)","CEBU","CEBU","COMMERCIAL REGULAR","76,000.00"
"ALL OTHER STREETS","","SAN ANTONIO(POB)","CEBU","CEBU","RESIDENTIAL REGULAR","44,000.00"
"INTERIOR AREAS","","SAN ANTONIO(POB)","CEBU","CEBU","RESIDENTIAL REGULAR","28,000.00"
"ROAD TO LORENZA (LOREGA) BORCES","PUROK III","SAN JOSE","CEBU","CEBU","RESIDENTIAL REGULAR","9,135.00"
"ROAD TO LORENZA (LOREGA) BORCES","PUROK IV","SAN JOSE","CEBU","CEBU","RESIDENTIAL REGULAR","9,135.00"
"ROAD TO CITE","PUROK III","SAN JOSE","CEBU","CEBU","RESIDENTIAL REGULAR","6,250.00"
"ROAD TO BUTUANON RIVER","PUROK I","SAN JOSE","CEBU","CEBU","RESIDENTIAL REGULAR","9,135.00"
"ROAD TO BUTUANON RIVER","MARYVILLE SUBD. ( PUROK III)","SAN JOSE","CEBU","CEBU","RESIDENTIAL REGULAR","15,225.00"
"ALL OTHER STREETS","ALONG BULBO-PULANG BATO","SAN JOSE","CEBU","CEBU","RESIDENTIAL REGULAR","31,000.00"
"ALL OTHER STREETS","ALONG BULBO-PULANG BATO","SAN JOSE","CEBU","CEBU","RESIDENTIAL REGULAR","4,575.00"
"MARYVILLE HEIGHTS","","SAN JOSE","CEBU","CEBU","RESIDENTIAL REGULAR","18,625.00"
"KAHAYAHAY 1 SUBD.","PUROK V","SAN JOSE","CEBU","CEBU","RESIDENTIAL REGULAR","12,180.00"
"MARYVILLE SUBD.","RD TO BUTUANON RIVER","SAN JOSE","CEBU","CEBU","RESIDENTIAL REGULAR","20,465.00"
"RIDGEDALE SUBD.","SUNNY HILLS SUBD. ( PUROK III)","SAN JOSE","CEBU","CEBU","RESIDENTIAL REGULAR","11,950.00"
"VILLA SAN JOSE SUBD.","","SAN JOSE","CEBU","CEBU","RESIDENTIAL REGULAR","12,675.00"
"KAHAYAHAY 2 SUBD.","PUROK I","SAN JOSE","CEBU","CEBU","RESIDENTIAL REGULAR","16,875.00"
"NORTH BELLEZAS SUBDIVISION","PUROK I","SAN JOSE","CEBU","CEBU","RESIDENTIAL REGULAR","22,500.00"
"RED STONE VILLAGE","PUROK V","SAN JOSE","CEBU","CEBU","RESIDENTIAL REGULAR","12,400.00"
"BOTANIKA VILLAGE","PUROK I","SAN JOSE","CEBU","CEBU","RESIDENTIAL REGULAR","31,000.00"
"PRISTINE GROOVE RESIDENCES","PUROK III","SAN JOSE","CEBU","CEBU","RESIDENTIAL REGULAR","31,000.00"
"ROSE CREST RESIDENCES","PUROK I","SAN JOSE","CEBU","CEBU","RESIDENTIAL REGULAR","31,000.00"
"ST. MICHAEL HOMEOWNERS ASSOC.","","SAN JOSE","CEBU","CEBU","RESIDENTIAL REGULAR","6,750.00"
"M. LHUILLER RELOCATION  SITE","","SAN JOSE","CEBU","CEBU","RESIDENTIAL REGULAR","6,750.00"
"ALL SOCIALIZED HOUSING SUBD.","","SAN JOSE","CEBU","CEBU","RESIDENTIAL REGULAR","6,090.00"
"ALL OTHER SUBD.","","SAN JOSE","CEBU","CEBU","RESIDENTIAL REGULAR","10,480.00"
"A MABINI ST","ZULUETA-F (A) URDANETA","SAN ROQUE","CEBU","CEBU","COMMERCIAL REGULAR","100,813.00"
"A MABINI ST","ZULUETA-F (A) URDANETA","SAN ROQUE","CEBU","CEBU","COMMERCIAL REGULAR","68,355.00"
"ARELLANO BLVD","EST PARIAN-LEGASPI EXT","SAN ROQUE","CEBU","CEBU","COMMERCIAL REGULAR","61,025.00"
"GOMEZ ST","","SAN ROQUE","CEBU","CEBU","COMMERCIAL REGULAR","68,355.00"
"OSMENA BLVD (J LUNA ST)","P BURGOS ST- M.J. CUENCO AVE","SAN ROQUE","CEBU","CEBU","COMMERCIAL REGULAR","97,650.00"
"JEREZA (LA SOLIDARIDAD)","A MABINI-MJ CUENCO AVE","SAN ROQUE","CEBU","CEBU","COMMERCIAL REGULAR","77,172.00"
"LAPULAPU STREET","V GULLAS-LEGASPI","SAN ROQUE","CEBU","CEBU","COMMERCIAL REGULAR","97,650.00"
"LAPULAPU STREET","LOT 7488-V GULLAS  ST","SAN ROQUE","CEBU","CEBU","COMMERCIAL REGULAR","68,355.00"
"LAPULAPU STREET","LEGPASI-OSMENA BLVD.","SAN ROQUE","CEBU","CEBU","COMMERCIAL REGULAR","97,650.00"
"LEGASPI ST","P BURGOS ST-M.J. CUENCO AVE","SAN ROQUE","CEBU","CEBU","COMMERCIAL REGULAR","97,650.00"
"LEGASPI EXT","M J CUENCO-QUEZON BLVD","SAN ROQUE","CEBU","CEBU","COMMERCIAL REGULAR","100,813.00"
"LOGARTA EXT","A-F (A) URDANETA","SAN ROQUE","CEBU","CEBU","COMMERCIAL REGULAR","68,355.00"
"M C BRIONES ST","M J CUENCO AVE-LEGASPI EXTN","SAN ROQUE","CEBU","CEBU","COMMERCIAL REGULAR","97,650.00"
"M J CUENCO","","SAN ROQUE","CEBU","CEBU","COMMERCIAL REGULAR","97,650.00"
"ML QUEZON BLVD","M J CUENCO AVE-ESTERO PARIAN","SAN ROQUE","CEBU","CEBU","COMMERCIAL REGULAR","97,650.00"
"P BURGOS ST","OSMENA BLVD-URDANETA","SAN ROQUE","CEBU","CEBU","COMMERCIAL REGULAR","97,650.00"
"P BURGOS ST","URDANETA ST-V GULLAS","SAN ROQUE","CEBU","CEBU","COMMERCIAL REGULAR","97,650.00"
"P BURGOS ST","S. OSMENA JR.-QUEZON BLVD","SAN ROQUE","CEBU","CEBU","RESIDENTIAL REGULAR","103,975.00"
"P BURGOS ST","S. OSMENA JR.-QUEZON BLVD","SAN ROQUE","CEBU","CEBU","COMMERCIAL REGULAR","103,975.00"
"PEIR 2 ROAD","S. OSMENA JR.-QUEZON BLVD","SAN ROQUE","CEBU","CEBU","COMMERCIAL REGULAR","78,120.00"
"R PALMA ST","MJ CUENCO-QUEZON BLVD","SAN ROQUE","CEBU","CEBU","COMMERCIAL REGULAR","68,988.00"
"S OSMENA JR BLVD","EST PARIAN-LEGASPI EXT","SAN ROQUE","CEBU","CEBU","COMMERCIAL REGULAR","103,975.00"
"URDANETA ST","P BURGOS-MJ CUENCO","SAN ROQUE","CEBU","CEBU","COMMERCIAL REGULAR","78,120.00"
"V GULLAS ST","A MABINI-MJ CUENCO AVE","SAN ROQUE","CEBU","CEBU","COMMERCIAL REGULAR","83,635.00"
"ZULUETA ST","MABINI-MJ CUENCO AVE","SAN ROQUE","CEBU","CEBU","COMMERCIAL REGULAR","67,723.00"
"ALL OTHER ST.","","SAN ROQUE","CEBU","CEBU","COMMERCIAL REGULAR","56,740.00"
"INTERIOR AREAS","","SAN ROQUE","CEBU","CEBU","RESIDENTIAL REGULAR","28,125.00"
"CEBU GOLF & POLO CLUB","ALONG THE ROAD","SIRAO","CEBU","CEBU","COMMERCIAL REGULAR","3,325.00"
"CEBU GOLF & POLO CLUB","ALONG THE ROAD","SIRAO","CEBU","CEBU","RESIDENTIAL REGULAR","3,225.00"
"CEBU GOLF & POLO CLUB","INTERIOR LOT","SIRAO","CEBU","CEBU","RESIDENTIAL REGULAR","1,900.00"
"CEBU GOLF & POLO CLUB","INTERIOR LOT","SIRAO","CEBU","CEBU","OTHER AGRICULTURAL LANDS","1,470.00"
"KAN-IRAG PARK (KANG IRAG PARK)","ALONG THE ROAD","SIRAO","CEBU","CEBU","COMMERCIAL REGULAR","3,701.00"
"KAN-IRAG PARK (KANG IRAG PARK)","ALONG THE ROAD","SIRAO","CEBU","CEBU","RESIDENTIAL REGULAR","3,610.00"
"KAN-IRAG PARK (KANG IRAG PARK)","INTERIOR LOT","SIRAO","CEBU","CEBU","RESIDENTIAL REGULAR","2,135.00"
"KAN-IRAG PARK (KANG IRAG PARK)","INTERIOR LOT","SIRAO","CEBU","CEBU","COMMERCIAL REGULAR","109,000.00"
"KAN-IRAG PARK (KANG IRAG PARK)","INTERIOR LOT","SIRAO","CEBU","CEBU","OTHER AGRICULTURAL LANDS","2,068.00"
"ALL RECREATIONAL AREAS","ALONG THE ROAD","SIRAO","CEBU","CEBU","COMMERCIAL REGULAR","3,501.00"
"ALL RECREATIONAL AREAS","INTERIOR LOT","SIRAO","CEBU","CEBU","COMMERCIAL REGULAR","2,975.80"
"ALL OTHER AREAS (ALL OTHER STREETS)","ALONG THE ROAD","SIRAO","CEBU","CEBU","COMMERCIAL REGULAR","2,950.00"
"ALL OTHER AREAS (ALL OTHER STREETS)","ALONG THE ROAD","SIRAO","CEBU","CEBU","RESIDENTIAL REGULAR","2,850.00"
"ALL OTHER AREAS (ALL OTHER STREETS)","INTERIOR LOT","SIRAO","CEBU","CEBU","RESIDENTIAL REGULAR","1,865.00"
"ALL OTHER AREAS (ALL OTHER STREETS)","INTERIOR LOT","SIRAO","CEBU","CEBU","OTHER AGRICULTURAL LANDS","1,500.00"
"ALL SOCIALIZED AND ALL SUBDIVISION","","SIRAO","CEBU","CEBU","RESIDENTIAL REGULAR","5,350.00"
"ARLINGTON POND","A POND ST-F RAMOS","STA. CRUZ","CEBU","CEBU","COMMERCIAL REGULAR","60,000.00"
"ARLINGTON POND","OSMENA BLVD-F RAMOS","STA. CRUZ","CEBU","CEBU","COMMERCIAL REGULAR","68,000.00"
"A VILLANUEVA  ST","F. RAMOS ST","STA. CRUZ","CEBU","CEBU","COMMERCIAL REGULAR","58,700.00"
"GEN. MAXILOM AVE","F. RAMOS - F. OSMENA","STA. CRUZ","CEBU","CEBU","COMMERCIAL REGULAR","109,000.00"
"F RAMOS ST","PELAEZ-JUNQUERA","STA. CRUZ","CEBU","CEBU","COMMERCIAL REGULAR","72,500.00"
"F RAMOS ST","GEN. MAXILOM-PELAEZ ST","STA. CRUZ","CEBU","CEBU","COMMERCIAL REGULAR","72,500.00"
"JUNQUERA ST","RAMOS- RR LANDON","STA. CRUZ","CEBU","CEBU","COMMERCIAL REGULAR","72,500.00"
"PELAEZ EXT","VILLANUEVA-RR LANDON","STA. CRUZ","CEBU","CEBU","COMMERCIAL REGULAR","67,200.00"
"PRES OSMENA BLVD","A POND-RR LANDON","STA. CRUZ","CEBU","CEBU","PARKING SLOT","134,000.00"
"PRES OSMENA BLVD","A POND-RR LANDON","STA. CRUZ","CEBU","CEBU","COMMERCIAL REGULAR","84,200.00"
"PRES OSMENA BLVD","F. OSMENA RTD-A POND ST","STA. CRUZ","CEBU","CEBU","COMMERCIAL REGULAR","104,250.00"
"RR LANDON ST","OSMENA-JUNQUERA","STA. CRUZ","CEBU","CEBU","COMMERCIAL REGULAR","71,725.00"
"V RANUDO ST","F RAMOS ST","STA. CRUZ","CEBU","CEBU","COMMERCIAL REGULAR","67,200.00"
"ALL OTHER STREETS","","STA. CRUZ","CEBU","CEBU","COMMERCIAL REGULAR","46,750.00"
"ULTIMA RESIDENCES-FUENTE((FORMERLY FUENTE TOWER 3)","","STA. CRUZ","CEBU","CEBU","COMMERCIAL CONDOMINIUM","131,500.00"
"ULTIMA RESIDENCES-FUENTE((FORMERLY FUENTE TOWER 3)","","STA. CRUZ","CEBU","CEBU","RESIDENTIAL CONDOMINIUM","111,000.00"
"ULTIMA RESIDENCES-FUENTE((FORMERLY FUENTE TOWER 3)","","STA. CRUZ","CEBU","CEBU","PARKING SLOT","89,000.00"
"ULTIMA RESIDENCES-RAMOS(FORMERLY OSMENA TOWER CONDOMINIUM)","","STA. CRUZ","CEBU","CEBU","COMMERCIAL CONDOMINIUM","127,500.00"
"ULTIMA RESIDENCES-RAMOS(FORMERLY OSMENA TOWER CONDOMINIUM)","","STA. CRUZ","CEBU","CEBU","RESIDENTIAL CONDOMINIUM","108,000.00"
"ULTIMA RESIDENCES-RAMOS(FORMERLY OSMENA TOWER CONDOMINIUM)","","STA. CRUZ","CEBU","CEBU","PARKING SLOT","88,000.00"
"ULTIMA PRIME","","STA. CRUZ","CEBU","CEBU","COMMERCIAL CONDOMINIUM","134,000.00"
"ULTIMA PRIME","","STA. CRUZ","CEBU","CEBU","RESIDENTIAL CONDOMINIUM","120,000.00"
"ULTIMA PRIME","","STA. CRUZ","CEBU","CEBU","PARKING SLOT","92,500.00"
"RAMOS TOWER","","STA. CRUZ","CEBU","CEBU","RESIDENTIAL CONDOMINIUM","122,500.00"
"PARKING SLOT","","STA. CRUZ","CEBU","CEBU","PARKING SLOT","87,500.00"
"ALL OTHER CONDOMINIUMS","","STA. CRUZ","CEBU","CEBU","COMMERCIAL REGULAR","125,000.00"
"ALL OTHER CONDOMINIUMS","","STA. CRUZ","CEBU","CEBU","COMMERCIAL CONDOMINIUM","125,000.00"
"ALL OTHER CONDOMINIUMS","","STA. CRUZ","CEBU","CEBU","RESIDENTIAL CONDOMINIUM","105,000.00"
"ALL OTHER CONDOMINIUMS","","STA. CRUZ","CEBU","CEBU","PARKING SLOT","85,000.00"
"A. VILLE ST.","","T. PADILLA","CEBU","CEBU","COMMERCIAL REGULAR","69,300.00"
"BONIFACIO","SIKATUNA-MABINI","T. PADILLA","CEBU","CEBU","COMMERCIAL REGULAR","73,500.00"
"DON CUENCO, MARIANO J. AVE.","","T. PADILLA","CEBU","CEBU","COMMERCIAL REGULAR","69,300.00"
"F. VILLA","LAHUG CREEK-MJ CUENCO","T. PADILLA","CEBU","CEBU","COMMERCIAL REGULAR","69,300.00"
"GEN LOREGA","MJ CUENCO AVE","T. PADILLA","CEBU","CEBU","COMMERCIAL REGULAR","69,300.00"
"MARCOS MORELES STREET","","T. PADILLA","CEBU","CEBU","COMMERCIAL REGULAR","69,300.00"
"MJ CUENCO AVE","LOREGA-ESTERO TEJERO","T. PADILLA","CEBU","CEBU","COMMERCIAL REGULAR","73,200.00"
"MJ CUENCO AVE","GEN LOREGA-MJ CUENCO AVE","T. PADILLA","CEBU","CEBU","COMMERCIAL REGULAR","69,300.00"
"OLD PHIL RAILWAY (IMUS ST)","LAHUG CREEK-G LOREGA","T. PADILLA","CEBU","CEBU","COMMERCIAL REGULAR","69,300.00"
"SIKATUNA","T PADILLA-BONIFACIO","T. PADILLA","CEBU","CEBU","COMMERCIAL REGULAR","70,400.00"
"SITIO EAGLE STREET","","T. PADILLA","CEBU","CEBU","COMMERCIAL REGULAR","69,300.00"
"T VILLA PRIVATE ROAD","F VILL-MJ CUENCO","T. PADILLA","CEBU","CEBU","COMMERCIAL REGULAR","59,700.00"
"T PADILLA","SIKATUNA-LAHUG CREEK","T. PADILLA","CEBU","CEBU","COMMERCIAL REGULAR","68,200.00"
"T PADILLA","LAHUG CREEK-MJ CUENCO","T. PADILLA","CEBU","CEBU","COMMERCIAL REGULAR","69,300.00"
"ALL OTHER STREETS","ALONG UNNAMED RD","T. PADILLA","CEBU","CEBU","COMMERCIAL REGULAR","48,000.00"
"A BORBAJO ST","ROAD TO CANDUMAN","TALAMBAN","CEBU","CEBU","RESIDENTIAL REGULAR","24,125.00"
"EL DORADO II","","TALAMBAN","CEBU","CEBU","RESIDENTIAL REGULAR","26,750.00"
"HIGHWAY II","ROAD TO KAUSWAGAN","TALAMBAN","CEBU","CEBU","RESIDENTIAL REGULAR","14,550.00"
"HIGHWAY 77","","TALAMBAN","CEBU","CEBU","RESIDENTIAL REGULAR","14,725.00"
"ROAD TO TALAMBAN","BUTUANON-TALAMBAN PROP","TALAMBAN","CEBU","CEBU","RESIDENTIAL REGULAR","25,225.00"
"ROAD TO TALAMBAN","BUTUANON-TALAMBAN PROP","TALAMBAN","CEBU","CEBU","COMMERCIAL REGULAR","69,000.00"
"ROAD TO TALAMBAN","USC-MCWD (USC-BUTUANON BRIDGE)","TALAMBAN","CEBU","CEBU","RESIDENTIAL REGULAR","25,225.00"
"ROAD TO TALAMBAN","USC-MCWD (USC-BUTUANON BRIDGE)","TALAMBAN","CEBU","CEBU","COMMERCIAL REGULAR","69,000.00"
"ROAD TO TALAMBAN","CABANGCALAN RD-BUTUANON BRIDGE","TALAMBAN","CEBU","CEBU","RESIDENTIAL REGULAR","25,225.00"
"ROAD TO TALAMBAN","CABANGCALAN RD- BUTUANON BRIDGE","TALAMBAN","CEBU","CEBU","COMMERCIAL REGULAR","69,000.00"
"ROAD TO TALAMBAN","TALAMBAN PROP-TIGBAO","TALAMBAN","CEBU","CEBU","RESIDENTIAL REGULAR","26,625.00"
"ROAD TO TALAMBAN","TALAMBAN PROP-TIGBAO","TALAMBAN","CEBU","CEBU","COMMERCIAL REGULAR","66,500.00"
"ROAD TO TALAMBAN","BORBAJO ST (BARBAJO ST)-CANDUMAN","TALAMBAN","CEBU","CEBU","RESIDENTIAL REGULAR","23,575.00"
"ROAD TO TALAMBAN","BORBAJO ST (BARBAJO ST)-CANDUMAN","TALAMBAN","CEBU","CEBU","COMMERCIAL REGULAR","66,250.00"
"ROAD TO TALAMBAN","MCWD-CABANGCALAN RD","TALAMBAN","CEBU","CEBU","RESIDENTIAL REGULAR","69,000.00"
"ROAD TO TALAMBAN","MCWD-CABANGCALAN RD","TALAMBAN","CEBU","CEBU","COMMERCIAL REGULAR","69,000.00"
"ROAD TO TALAMBAN","MCWD-CABANGCALAN RD","TALAMBAN","CEBU","CEBU","RESIDENTIAL REGULAR","25,225.00"
"MAHOGANY GROVE","TINTAY MARKET","TALAMBAN","CEBU","CEBU","RESIDENTIAL REGULAR","25,400.00"
"ROAD TO KAUSWAGAN","FR JUNC TALAMBAN","TALAMBAN","CEBU","CEBU","RESIDENTIAL REGULAR","24,450.00"
"ROAD TO KAUSWAGAN","FR JUNC TALAMBAN","TALAMBAN","CEBU","CEBU","COMMERCIAL REGULAR","67,200.00"
"TAC-AN ST","TO METAPHIL","TALAMBAN","CEBU","CEBU","RESIDENTIAL REGULAR","16,900.00"
"TAC-AN ST","TO METAPHIL","TALAMBAN","CEBU","CEBU","INDUSTRIAL","22,500.00"
"ALL OTHER STREETS","","TALAMBAN","CEBU","CEBU","RESIDENTIAL REGULAR","16,000.00"
"ALL OTHER STREETS","","TALAMBAN","CEBU","CEBU","COMMERCIAL REGULAR","45,250.00"
"MARYVILLE SUBD","","TALAMBAN","CEBU","CEBU","RESIDENTIAL REGULAR","38,000.00"
"NASHVILLE SUBD","","TALAMBAN","CEBU","CEBU","RESIDENTIAL REGULAR","34,000.00"
"NORTH TOWN HOMES SUBD","","TALAMBAN","CEBU","CEBU","RESIDENTIAL REGULAR","45,125.00"
"SILVER HILLS SUBD","","TALAMBAN","CEBU","CEBU","RESIDENTIAL REGULAR","39,250.00"
"ST ANTHONY SUBD","","TALAMBAN","CEBU","CEBU","RESIDENTIAL REGULAR","34,000.00"
"SUNNY HILLS PHASE 1","","TALAMBAN","CEBU","CEBU","RESIDENTIAL REGULAR","39,250.00"
"SUNNY HILLS SUBD PHASE II","","TALAMBAN","CEBU","CEBU","RESIDENTIAL REGULAR","39,250.00"
"SUNNY HILLS SUBD PHASE IICARMEL DRIVE SUBDIPI SUBDALL OTHER SUBDIVISIONALL OTHER STREETS","","TALAMBAN","CEBU","CEBU","RESIDENTIAL REGULAR","38,375.00"
"SUNNY HILLS SUBD PHASE IICARMEL DRIVE SUBDIPI SUBDALL OTHER SUBDIVISIONALL OTHER STREETS","","TALAMBAN","CEBU","CEBU","RESIDENTIAL REGULAR","36,750.00"
"IPI","","TALAMBAN","CEBU","CEBU","RESIDENTIAL REGULAR","34,000.00"
"RIVERFRONT","","TALAMBAN","CEBU","CEBU","RESIDENTIAL REGULAR","27,480.00"
"SUNHERA RESIDENCES","","TALAMBAN","CEBU","CEBU","RESIDENTIAL REGULAR","36,875.00"
"SOLA PLAINS I","","TALAMBAN","CEBU","CEBU","RESIDENTIAL REGULAR","16,750.00"
"SOLA PLAINS DOS","","TALAMBAN","CEBU","CEBU","RESIDENTIAL REGULAR","16,750.00"
"VILLA ALLESANDRA","","TALAMBAN","CEBU","CEBU","RESIDENTIAL REGULAR","16,750.00"
"SWEET HOMES RESIDENCES","","TALAMBAN","CEBU","CEBU","RESIDENTIAL REGULAR","26,375.00"
"SANTORINI RESIDENCES","","TALAMBAN","CEBU","CEBU","RESIDENTIAL REGULAR","26,375.00"
"LA CITADELLA TOWNHOMES","","TALAMBAN","CEBU","CEBU","RESIDENTIAL REGULAR","26,375.00"
"LA GRACIETA TOWNHOMES","","TALAMBAN","CEBU","CEBU","RESIDENTIAL REGULAR","26,375.00"
"GARNETVILLE SUBDIVISION","","TALAMBAN","CEBU","CEBU","RESIDENTIAL REGULAR","38,375.00"
"LIGAYA TOWNHOMES","","TALAMBAN","CEBU","CEBU","RESIDENTIAL REGULAR","36,875.00"
"LA CITTADELA SUBDIVISION","","TALAMBAN","CEBU","CEBU","RESIDENTIAL REGULAR","34,000.00"
"ALL OTHER SUBDIVISIONS","","TALAMBAN","CEBU","CEBU","RESIDENTIAL REGULAR","15,000.00"
"ALL OTHER TOWNHOUSES","","TALAMBAN","CEBU","CEBU","RESIDENTIAL REGULAR","25,000.00"
"LA CITTADELA CONDOMINIUM","","TALAMBAN","CEBU","CEBU","COMMERCIAL REGULAR","117,500.00"
"LA CITTADELA CONDOMINIUM","","TALAMBAN","CEBU","CEBU","RESIDENTIAL CONDOMINIUM","117,500.00"
"LA CITTADELA CONDOMINIUM","","TALAMBAN","CEBU","CEBU","PARKING SLOT","77,500.00"
"TIVOLI CONDOMINIUM","NASIPIT-CABANCALAN","TALAMBAN","CEBU","CEBU","RESIDENTIAL CONDOMINIUM","117,500.00"
"TIVOLI CONDOMINIUM","NASIPIT-CABANCALAN","TALAMBAN","CEBU","CEBU","PARKING SLOT","77,500.00"
"BLOQ RESIDENCES","BORBAJO ST.","TALAMBAN","CEBU","CEBU","RESIDENTIAL CONDOMINIUM","117,500.00"
"BLOQ RESIDENCES","BORBAJO ST.","TALAMBAN","CEBU","CEBU","PARKING SLOT","77,500.00"
"ALL OTHER CONDOMINIUMS","","TALAMBAN","CEBU","CEBU","RESIDENTIAL CONDOMINIUM","112,500.00"
"ALL OTHER CONDOMINIUMS","","TALAMBAN","CEBU","CEBU","COMMERCIAL CONDOMINIUM","117,500.00"
"ALL OTHER CONDOMINIUMS","","TALAMBAN","CEBU","CEBU","PARKING SLOT","72,500.00"
"ALL AREAS","ALONG THE ROAD","TAPTAP","CEBU","CEBU","COMMERCIAL REGULAR","4,850.00"
"ALL AREAS","INTERIOR","TAPTAP","CEBU","CEBU","COMMERCIAL REGULAR","3,600.00"
"ALL AREAS","ALONG THE ROAD","TAPTAP","CEBU","CEBU","RESIDENTIAL REGULAR","4,100.00"
"ALL AREAS","INTERIOR","TAPTAP","CEBU","CEBU","RESIDENTIAL REGULAR","2,500.00"
"ALL AREAS","ALONG THE ROAD","TAPTAP","CEBU","CEBU","OTHER AGRICULTURAL LANDS","1,913.00"
"ALL AREAS","INTERIOR","TAPTAP","CEBU","CEBU","OTHER AGRICULTURAL LANDS","1,313.00"
"GEN. MAXILOM","","TEJERO","CEBU","CEBU","COMMERCIAL REGULAR","100,000.00"
"J VILLAGONZALO","M.J. CUENCO-S OSMENA JR","TEJERO","CEBU","CEBU","COMMERCIAL REGULAR","100,000.00"
"J VILLAGONZALO","M.J. CUENCO-S OSMENA JR","TEJERO","CEBU","CEBU","COMMERCIAL REGULAR","63,000.00"
"MC ARTHUR BLVD","","TEJERO","CEBU","CEBU","COMMERCIAL REGULAR","100,000.00"
"MJ CUENCO AVE","GE MAXILOM- EST TEJERO","TEJERO","CEBU","CEBU","COMMERCIAL REGULAR","91,000.00"
"MARCOS MORELOS ST","","TEJERO","CEBU","CEBU","COMMERCIAL REGULAR","63,000.00"
"PGA CANAL 10TH ST","MAXILOM-T PADILLA","TEJERO","CEBU","CEBU","COMMERCIAL REGULAR","63,000.00"
"REGINO MERCADO","MJ CUENCO-U ALVIOLA","TEJERO","CEBU","CEBU","COMMERCIAL REGULAR","63,000.00"
"S OSMENA JR BLVD","EST TEJERO-T PADILLA EXT","TEJERO","CEBU","CEBU","COMMERCIAL REGULAR","88,500.00"
"T PADILLA EXT","PEA CANAL -  S OSMENA JR","TEJERO","CEBU","CEBU","COMMERCIAL REGULAR","88,500.00"
"T PADILLA ST","M J CUENCO-PGA CANAL","TEJERO","CEBU","CEBU","COMMERCIAL REGULAR","78,000.00"
"ULDARICO ALVIOLA","","TEJERO","CEBU","CEBU","COMMERCIAL REGULAR","63,000.00"
"VILLA ABUNO","VILLA GONZALO-TEJERO","TEJERO","CEBU","CEBU","COMMERCIAL REGULAR","63,000.00"
"VILLA GONZALO ST.","MJ CUENCO MC ARTHUR","TEJERO","CEBU","CEBU","COMMERCIAL REGULAR","63,000.00"
"ALL OTHER STREETS","","TEJERO","CEBU","CEBU","COMMERCIAL REGULAR","63,000.00"
"ALL OTHER STREETS","ALONG UNNAMED ROAD","TEJERO","CEBU","CEBU","COMMERCIAL REGULAR","63,000.00"
"A. BONIFACIO ST.","MABINI-MJ CUENCO","TINAGO","CEBU","CEBU","COMMERCIAL REGULAR","65,000.00"
"ALL LOTS ALLEY","CUENCO B BAYAN SOTTO","TINAGO","CEBU","CEBU","COMMERCIAL REGULAR","60,300.00"
"ARELLANO BLVD","ESTERO TINAGO-PARIAN","TINAGO","CEBU","CEBU","RESIDENTIAL REGULAR","75,700.00"
"ARELLANO BLVD","ESTERO TINAGO-PARIAN","TINAGO","CEBU","CEBU","COMMERCIAL REGULAR","70,400.00"
"BAGUMBAYAN","MJ CUENCO-V SOTTO","TINAGO","CEBU","CEBU","COMMERCIAL REGULAR","60,300.00"
"BALESTEROS","BONIFACIO-L JAENA","TINAGO","CEBU","CEBU","COMMERCIAL REGULAR","60,300.00"
"CJ QUIZON ST.","BAGUMBAYAN-OSMENA","TINAGO","CEBU","CEBU","COMMERCIAL REGULAR","60,300.00"
"CALERO ST.","MJ CUENCO AVE","TINAGO","CEBU","CEBU","COMMERCIAL REGULAR","55,800.00"
"LOPEZ JAENA ST.","MABINI-MJ CUENCO","TINAGO","CEBU","CEBU","COMMERCIAL REGULAR","65,000.00"
"MC ARTHUR BLVD","EST. TEJERO-EST PARIAN","TINAGO","CEBU","CEBU","COMMERCIAL REGULAR","75,700.00"
"MJ CUENCO AVE.","ESTERO TEJERO-TINAGO","TINAGO","CEBU","CEBU","COMMERCIAL REGULAR","75,700.00"
"MABINI ST.","BONIFACIO-ZULUETA","TINAGO","CEBU","CEBU","COMMERCIAL REGULAR","65,000.00"
"QUEZON BLVD.","ESTERO TEJERO-PARIAN","TINAGO","CEBU","CEBU","COMMERCIAL REGULAR","70,400.00"
"S OSMENA JR BLVD","EST TINAGO-EST PARIAN","TINAGO","CEBU","CEBU","COMMERCIAL REGULAR","70,400.00"
"V SOTTO AVE.","MJ CUENCO-QUEZON BLVD","TINAGO","CEBU","CEBU","COMMERCIAL REGULAR","70,400.00"
"VILLA ABUNO ST","S OSMENA JR.-ARELLANO","TINAGO","CEBU","CEBU","COMMERCIAL REGULAR","60,300.00"
"ZULUETA ST","MABINI-MJ CUENCO","TINAGO","CEBU","CEBU","COMMERCIAL REGULAR","65,600.00"
"ALL OTHER STREETS","ALONG UNNAMED RD","TINAGO","CEBU","CEBU","COMMERCIAL REGULAR","55,800.00"
"INTERIOR  AREAS","","TINAGO","CEBU","CEBU","RESIDENTIAL REGULAR","29,450.00"
"ALCOHOL ST","SIKATUNA-LAHUG CREEK","ZAPATERA","CEBU","CEBU","COMMERCIAL REGULAR","93,250.00"
"ALCOHOL ST","SIKATUNA-LAHUG CREEK","ZAPATERA","CEBU","CEBU","RESIDENTIAL REGULAR","62,250.00"
"ALCOHOL ST","NEAR ZAPATERA ELEM SCHOOL","ZAPATERA","CEBU","CEBU","COMMERCIAL REGULAR","72,375.00"
"BENEDICTO EXT.","JAKOSALEM-LAHUG CREEK","ZAPATERA","CEBU","CEBU","RESIDENTIAL REGULAR","62,250.00"
"BENEDICTO ST","JAKOSALEM-LAHUG CREEK","ZAPATERA","CEBU","CEBU","COMMERCIAL REGULAR","72,375.00"
"BENEDICTO ST","JAKOSALEM-LAHUG CREEK","ZAPATERA","CEBU","CEBU","RESIDENTIAL REGULAR","62,250.00"
"CREEK SIDE ST","BDRY ZAPATERA ELEM SCH","ZAPATERA","CEBU","CEBU","COMMERCIAL REGULAR","72,375.00"
"CREEK SIDE ST","BDRY ZAPATERA ELEM SCH","ZAPATERA","CEBU","CEBU","RESIDENTIAL REGULAR","62,250.00"
"D. JAKOSALEM ST","GEN. MAXILOM-F RAMOS","ZAPATERA","CEBU","CEBU","COMMERCIAL REGULAR","83,375.00"
"GEN. ECHAVEZ ST","GEN. MAXILOM-SIKATUNA","ZAPATERA","CEBU","CEBU","COMMERCIAL REGULAR","72,375.00"
"GEN. MAXILOM AVE","JAKOSALEM-GEN ECHAVEZ","ZAPATERA","CEBU","CEBU","COMMERCIAL REGULAR","92,975.00"
"OLD ROAD","JAKOSALEM - SAN JOSE ST","ZAPATERA","CEBU","CEBU","COMMERCIAL REGULAR","83,375.00"
"OLD ROAD","JAKOSALEM - SAN JOSE ST","ZAPATERA","CEBU","CEBU","RESIDENTIAL REGULAR","73,750.00"
"RAHMANN ST (SAN JOSE ST)","GEN. MAXILOM-SIKATUNA","ZAPATERA","CEBU","CEBU","COMMERCIAL REGULAR","93,250.00"
"SEPULVEDA ST","FR ABANDONECIA- SIKATUNA","ZAPATERA","CEBU","CEBU","COMMERCIAL REGULAR","72,375.00"
"SIKATUNA ST","JAKOSALEM-ALCOHOL ST","ZAPATERA","CEBU","CEBU","COMMERCIAL REGULAR","72,375.00"
"ALL OTHER STREETS","","ZAPATERA","CEBU","CEBU","COMMERCIAL REGULAR","72,375.00"
"ALL OTHER STREETS","","ZAPATERA","CEBU","CEBU","COMMERCIAL CONDOMINIUM","160,000.00"
"ALL OTHER STREETS","","ZAPATERA","CEBU","CEBU","RESIDENTIAL REGULAR","62,250.00"
"CITY CLOU CONDOMINIUM","","ZAPATERA","CEBU","CEBU","COMMERCIAL CONDOMINIUM","153,000.00"
"CITY CLOU CONDOMINIUM","","ZAPATERA","CEBU","CEBU","RESIDENTIAL CONDOMINIUM","135,000.00"
"CITY CLOU CONDOMINIUM","","ZAPATERA","CEBU","CEBU","PARKING SLOT","83,000.00"
"NATIVIDAD CENTRUM I & II","","ZAPATERA","CEBU","CEBU","RESIDENTIAL CONDOMINIUM","73,500.00"
"PARKING SLOT","NATIVIDAD CENTRUM I & II","ZAPATERA","CEBU","CEBU","PARKING SLOT","32,500.00"
"QUEENSLAND MANOR CONDOMINIUM","","ZAPATERA","CEBU","CEBU","COMMERCIAL CONDOMINIUM","132,000.00"
"QUEENSLAND MANOR CONDOMINIUM","","ZAPATERA","CEBU","CEBU","RESIDENTIAL CONDOMINIUM","115,000.00"
"QUEENSLAND MANOR CONDOMINIUM","","ZAPATERA","CEBU","CEBU","PARKING SLOT","86,500.00"
"SPIANADA CONDO RESIDENCES","","ZAPATERA","CEBU","CEBU","COMMERCIAL CONDOMINIUM","160,000.00"
"SPIANADA CONDO RESIDENCES","","ZAPATERA","CEBU","CEBU","RESIDENTIAL CONDOMINIUM","146,000.00"
"SPIANADA CONDO RESIDENCES","","ZAPATERA","CEBU","CEBU","PARKING SLOT","83,000.00"
"VISTANA PEARL RESIDENCES","","ZAPATERA","CEBU","CEBU","COMMERCIAL CONDOMINIUM","142,500.00"
"VISTANA PEARL RESIDENCES","","ZAPATERA","CEBU","CEBU","RESIDENTIAL CONDOMINIUM","122,000.00"
"VISTANA PEARL RESIDENCES","","ZAPATERA","CEBU","CEBU","PARKING SLOT","83,000.00"
"ALL OTHER CONDOMINIUMS","","ZAPATERA","CEBU","CEBU","COMMERCIAL CONDOMINIUM","131,500.00"
"ALL OTHER CONDOMINIUMS","","ZAPATERA","CEBU SOUTH","CEBU","RESIDENTIAL REGULAR","112,500.00"
"ALL OTHER CONDOMINIUMS","","ZAPATERA","CEBU","CEBU","RESIDENTIAL CONDOMINIUM","112,500.00"
"ALL OTHER CONDOMINIUMS","","ZAPATERA","CEBU","CEBU","PARKING SLOT","86,000.00"
"CEBU VETERANS DRIVE","","BABAG II","CEBU SOUTH","CEBU","RESIDENTIAL REGULAR","3,000.00"
"RURAL BARANGAY","","BABAG II","CEBU SOUTH","CEBU","RESIDENTIAL REGULAR","2,000.00"
"SITIO UPPER MALUBOG ROAD","","BABAG II","CEBU SOUTH","CEBU","RESIDENTIAL REGULAR","1,600.00"
"SUBURBAN AREAS WITH ROAD","","BABAG II","CEBU SOUTH","CEBU","COMMERCIAL REGULAR","4,500.00"
"SUBURBAN AREAS WITH ROAD","","BABAG II","CEBU SOUTH","CEBU","RESIDENTIAL REGULAR","2,900.00"
"SUBURBAN AREAS WITHOUT ROAD","","BABAG II","CEBU SOUTH","CEBU","RESIDENTIAL REGULAR","2,200.00"
"ALL OTHER STREETS","","BABAG II","CEBU SOUTH","CEBU","RESIDENTIAL REGULAR","1,600.00"
"ALL OTHER STREETS","","BABAG II","CEBU SOUTH","CEBU","OTHER AGRICULTURAL LANDS","400.00"
"ALL NEW SUBDIVISION","1ST CLASS","BABAG II","CEBU SOUTH","CEBU","RESIDENTIAL REGULAR","8,000.00"
"ALL NEW SUBDIVISION","SOCIALIZED","BABAG II","CEBU SOUTH","CEBU","RESIDENTIAL REGULAR","3,700.00"
"E. SABELLANO ST.","BDRY BASAK-SAN NICHOLAS","BASAK PARDO","CEBU SOUTH","CEBU","COMMERCIAL REGULAR","15,000.00"
"E. SABELLANO ST.","BDRY BASAK-SAN NICHOLAS","BASAK PARDO","CEBU SOUTH","CEBU","RESIDENTIAL REGULAR","12,300.00"
"E. SABELLANO ST.: INTERIOR","BDRY BASAK-SAN NICHOLAS","BASAK PARDO","CEBU SOUTH","CEBU","RESIDENTIAL REGULAR","8,900.00"
"GABUYA ST (TAGUNOL)","BDRY BASAK SAN NICOLAS TO BDRY KINASANG-AN","BASAK PARDO","CEBU SOUTH","CEBU","RESIDENTIAL REGULAR","10,000.00"
"MAGSAYSAY STREET","","BASAK PARDO","CEBU SOUTH","CEBU","RESIDENTIAL REGULAR","19,500.00"
"MAGSAYSAY STREET","","BASAK PARDO","CEBU SOUTH","CEBU","RESIDENTIAL REGULAR","10,000.00"
"N. BACALSO AVE. (CEBU SOUTH ROAD)","GREYHOUND-HOLY CROSS","BASAK PARDO","CEBU SOUTH","CEBU","COMMERCIAL REGULAR","19,500.00"
"N. BACALSO AVE. (CEBU SOUTH ROAD)","HOLY CROSS-BDRY BASAK SAN NICOLAS","BASAK PARDO","CEBU SOUTH","CEBU","COMMERCIAL REGULAR","17,800.00"
"N. BACALSO AVE. (CEBU SOUTH ROAD)","HOLY CROSS-BDRY BASAK SAN NICOLAS","BASAK PARDO","CEBU SOUTH","CEBU","RESIDENTIAL REGULAR","15,100.00"
"N. BACALSO AVE. (CEBU SOUTH ROAD): INTERIOR","HOLY CROSS-BDRY BASAK SAN NICOLAS","BASAK PARDO","CEBU SOUTH","CEBU","RESIDENTIAL REGULAR","12,100.00"
"RIZAL AVE EXT (OLD PHIL RAILWAY)","BDRY BASAK SAN NICOLAS TO BDRY KINASANG-AN","BASAK PARDO","CEBU SOUTH","CEBU","COMMERCIAL REGULAR","15,000.00"
"RIZAL AVE EXT (OLD PHIL RAILWAY)","","BASAK PARDO","CEBU SOUTH","CEBU","RESIDENTIAL REGULAR","10,000.00"
"VILLA SAN PEDRO ROAD","","BASAK PARDO","CEBU SOUTH","CEBU","RESIDENTIAL REGULAR","7,000.00"
"ALL OTHER STREETS","","BASAK PARDO","CEBU SOUTH","CEBU","COMMERCIAL REGULAR","14,000.00"
"ALL OTHER STREETS","","BASAK PARDO","CEBU SOUTH","CEBU","RESIDENTIAL REGULAR","7,000.00"
"ALL OTHER STREETS - INTERIOR","","BASAK PARDO","CEBU SOUTH","CEBU","RESIDENTIAL REGULAR","5,500.00"
"BAMBOO VILLAGE","","BASAK PARDO","CEBU SOUTH","CEBU","RESIDENTIAL REGULAR","8,500.00"
"BAYANIHAN VILLAGE","","BASAK PARDO","CEBU SOUTH","CEBU","RESIDENTIAL REGULAR","12,000.00"
"DESANA SUBD.","","BASAK PARDO","CEBU SOUTH","CEBU","RESIDENTIAL REGULAR","12,500.00"
"FAIRVIEW VILLAGE","","BASAK PARDO","CEBU SOUTH","CEBU","RESIDENTIAL REGULAR","9,400.00"
"LOURDES VILLAGE","","BASAK PARDO","CEBU SOUTH","CEBU","RESIDENTIAL REGULAR","8,500.00"
"ALL OTHER EXISTING SUBDIVISIONS","","BASAK PARDO","CEBU SOUTH","CEBU","COMMERCIAL REGULAR","95,000.00"
"ALL OTHER EXISTING SUBDIVISIONS","","BASAK PARDO","CEBU SOUTH","CEBU","RESIDENTIAL REGULAR","8,000.00"
"NEW SUBDIVISIONS","SUBDIVISION  1ST CLASS","BASAK PARDO","CEBU SOUTH","CEBU","RESIDENTIAL REGULAR","12,500.00"
"NEW SUBDIVISIONS","SUBDIVISION SOCIALIZED","BASAK PARDO","CEBU SOUTH","CEBU","RESIDENTIAL REGULAR","7,000.00"
"CONDOMINIUM - HIGH END","","BASAK PARDO","CEBU SOUTH","CEBU","COMMERCIAL CONDOMINIUM","95,000.00"
"CONDOMINIUM - HIGH END","","BASAK PARDO","CEBU SOUTH","CEBU","RESIDENTIAL CONDOMINIUM","75,000.00"
"CONDOMINIUM - HIGH END","","BASAK PARDO","CEBU SOUTH","CEBU","PARKING SLOT","45,000.00"
"CONDOMINIUM - LOW COST","","BASAK PARDO","CEBU SOUTH","CEBU","RESIDENTIAL CONDOMINIUM","40,000.00"
"AGUILA ST","LEMON ST.-MACOPA ST.","BASAK SAN NICOLAS","CEBU SOUTH","CEBU","COMMERCIAL REGULAR","9,700.00"
"AGUILA ST","","BASAK SAN NICOLAS","CEBU SOUTH","CEBU","RESIDENTIAL REGULAR","9,100.00"
"ALIMOKON ST","AVOCADO","BASAK SAN NICOLAS","CEBU SOUTH","CEBU","COMMERCIAL REGULAR","9,500.00"
"ALIMOKON ST","","BASAK SAN NICOLAS","CEBU SOUTH","CEBU","RESIDENTIAL REGULAR","9,300.00"
"ALUMNOS STREET","","BASAK SAN NICOLAS","CEBU SOUTH","CEBU","COMMERCIAL REGULAR","10,000.00"
"ALUMNOS STREET","","BASAK SAN NICOLAS","CEBU SOUTH","CEBU","RESIDENTIAL REGULAR","8,400.00"
"AVOCADO ST","GANSIANG-N BACALSO","BASAK SAN NICOLAS","CEBU SOUTH","CEBU","COMMERCIAL REGULAR","10,000.00"
"AVOCADO ST","","BASAK SAN NICOLAS","CEBU SOUTH","CEBU","RESIDENTIAL REGULAR","8,000.00"
"BACLAY ST","N. BACALSO AVE.NUE","BASAK SAN NICOLAS","CEBU SOUTH","CEBU","COMMERCIAL REGULAR","10,000.00"
"BACLAY ST","","BASAK SAN NICOLAS","CEBU SOUTH","CEBU","RESIDENTIAL REGULAR","25,000.00"
"BACLAY ST","","BASAK SAN NICOLAS","CEBU SOUTH","CEBU","RESIDENTIAL REGULAR","8,000.00"
"BAYABAS ST","ALIMOKON-N BACALSO","BASAK SAN NICOLAS","CEBU SOUTH","CEBU","COMMERCIAL REGULAR","10,000.00"
"BAYABAS ST","","BASAK SAN NICOLAS","CEBU SOUTH","CEBU","RESIDENTIAL REGULAR","8,000.00"
"BONTORES ST","","BASAK SAN NICOLAS","CEBU SOUTH","CEBU","COMMERCIAL REGULAR","10,000.00"
"BONTORES ST","","BASAK SAN NICOLAS","CEBU SOUTH","CEBU","RESIDENTIAL REGULAR","8,000.00"
"CABREROS ST.","N. BACALSO AVE..","BASAK SAN NICOLAS","CEBU SOUTH","CEBU","COMMERCIAL REGULAR","10,000.00"
"CABREROS STREET (CROSSING)","N. BACALSO AVE..","BASAK SAN NICOLAS","CEBU SOUTH","CEBU","RESIDENTIAL REGULAR","8,900.00"
"CAIMITO ST","GANSIANG-N BACALSO","BASAK SAN NICOLAS","CEBU SOUTH","CEBU","COMMERCIAL REGULAR","10,000.00"
"CAIMITO ST","GANSIANG-N BACALSO","BASAK SAN NICOLAS","CEBU SOUTH","CEBU","RESIDENTIAL REGULAR","8,000.00"
"CEBU SOUTH ROAD","","BASAK SAN NICOLAS","CEBU SOUTH","CEBU","COMMERCIAL REGULAR","25,000.00"
"CEBU SOUTH ROAD","","BASAK SAN NICOLAS","CEBU SOUTH","CEBU","RESIDENTIAL REGULAR","20,000.00"
"COL. TABADA ST","","BASAK SAN NICOLAS","CEBU SOUTH","CEBU","COMMERCIAL REGULAR","12,000.00"
"COL. TABADA ST","N. BACALSO AVE.-CABREROS","BASAK SAN NICOLAS","CEBU SOUTH","CEBU","RESIDENTIAL REGULAR","10,000.00"
"COLVETA ROAD","","BASAK SAN NICOLAS","CEBU SOUTH","CEBU","RESIDENTIAL REGULAR","8,000.00"
"DAPDAP ST","N. BACALSO AVE.","BASAK SAN NICOLAS","CEBU SOUTH","CEBU","COMMERCIAL REGULAR","10,000.00"
"DAPDAP ST","N. BACALSO AVE.","BASAK SAN NICOLAS","CEBU SOUTH","CEBU","RESIDENTIAL REGULAR","8,000.00"
"DUKMO STREET","","BASAK SAN NICOLAS","CEBU SOUTH","CEBU","COMMERCIAL REGULAR","17,600.00"
"DUKMO STREET","","BASAK SAN NICOLAS","CEBU SOUTH","CEBU","RESIDENTIAL REGULAR","8,000.00"
"E SABELLANO ST","LOURDES VILLE-B PARDO","BASAK SAN NICOLAS","CEBU SOUTH","CEBU","COMMERCIAL REGULAR","10,000.00"
"E SABELLANO ST","","BASAK SAN NICOLAS","CEBU SOUTH","CEBU","RESIDENTIAL REGULAR","8,000.00"
"E SABELLANO ST","LOURDES VILL-LLAMAS","BASAK SAN NICOLAS","CEBU SOUTH","CEBU","RESIDENTIAL REGULAR","12,000.00"
"E. SABELLANO STREET - INTERIOR","","BASAK SAN NICOLAS","CEBU SOUTH","CEBU","RESIDENTIAL REGULAR","7,500.00"
"EUCALYPTUS ST","N. BACALSO AVE.","BASAK SAN NICOLAS","CEBU SOUTH","CEBU","COMMERCIAL REGULAR","10,000.00"
"EUCALYPTUS ST","","BASAK SAN NICOLAS","CEBU SOUTH","CEBU","RESIDENTIAL REGULAR","8,000.00"
"F LLAMAS ST","N BACALSO-GANSIANG","BASAK SAN NICOLAS","CEBU SOUTH","CEBU","COMMERCIAL REGULAR","17,600.00"
"F LLAMAS ST","","BASAK SAN NICOLAS","CEBU SOUTH","CEBU","RESIDENTIAL REGULAR","12,000.00"
"GANSIANG ST","F LLAMAS ST-AVOCADO ST.","BASAK SAN NICOLAS","CEBU SOUTH","CEBU","COMMERCIAL REGULAR","10,300.00"
"GANSIANG ST","","BASAK SAN NICOLAS","CEBU SOUTH","CEBU","RESIDENTIAL REGULAR","9,000.00"
"G. ELORDE STREET (GANCIANG )","F.LLAMAS ST. TO AVOCADO ST.","BASAK SAN NICOLAS","CEBU SOUTH","CEBU","RESIDENTIAL REGULAR","9,000.00"
"G. ELORDE, GABRIEL FLASH STREET","","BASAK SAN NICOLAS","CEBU SOUTH","CEBU","RESIDENTIAL REGULAR","9,000.00"
"GRANADA ST","","BASAK SAN NICOLAS","CEBU SOUTH","CEBU","COMMERCIAL REGULAR","10,000.00"
"GRANADA ST","","BASAK SAN NICOLAS","CEBU SOUTH","CEBU","RESIDENTIAL REGULAR","8,000.00"
"GSIS COMPOUND","","BASAK SAN NICOLAS","CEBU SOUTH","CEBU","COMMERCIAL REGULAR","10,000.00"
"GSIS COMPOUND","","BASAK SAN NICOLAS","CEBU SOUTH","CEBU","RESIDENTIAL REGULAR","10,700.00"
"GSIS COMPOUND","","BASAK SAN NICOLAS","CEBU SOUTH","CEBU","RESIDENTIAL REGULAR","8,000.00"
"GUINABSAN","","BASAK SAN NICOLAS","CEBU SOUTH","CEBU","COMMERCIAL REGULAR","9,500.00"
"GUINABSAN","","BASAK SAN NICOLAS","CEBU SOUTH","CEBU","RESIDENTIAL REGULAR","8,000.00"
"HOLGANZA ROAD","","BASAK SAN NICOLAS","CEBU SOUTH","CEBU","RESIDENTIAL REGULAR","8,000.00"
"IPIL","","BASAK SAN NICOLAS","CEBU SOUTH","CEBU","COMMERCIAL REGULAR","9,000.00"
"IPIL","","BASAK SAN NICOLAS","CEBU SOUTH","CEBU","RESIDENTIAL REGULAR","8,000.00"
"JANSSEN ROAD","","BASAK SAN NICOLAS","CEBU SOUTH","CEBU","RESIDENTIAL REGULAR","8,000.00"
"KALAW ST","F LLAMAS ST-GRANADA ST.","BASAK SAN NICOLAS","CEBU SOUTH","CEBU","RESIDENTIAL REGULAR","10,000.00"
"KUSI ST","F LLLAMAS ST","BASAK SAN NICOLAS","CEBU SOUTH","CEBU","RESIDENTIAL REGULAR","10,000.00"
"LAGUNA STREET","","BASAK SAN NICOLAS","CEBU SOUTH","CEBU","RESIDENTIAL REGULAR","8,000.00"
"LAPAY ST","F LLLAMAS ST","BASAK SAN NICOLAS","CEBU SOUTH","CEBU","RESIDENTIAL REGULAR","10,700.00"
"LEMON ST","N BACALSO ST-AGUILA ST","BASAK SAN NICOLAS","CEBU SOUTH","CEBU","COMMERCIAL REGULAR","10,000.00"
"LEMON ST","","BASAK SAN NICOLAS","CEBU SOUTH","CEBU","RESIDENTIAL REGULAR","8,000.00"
"LUCAS GABUYA STREET","","BASAK SAN NICOLAS","CEBU SOUTH","CEBU","RESIDENTIAL REGULAR","8,000.00"
"MACOPA ST.","CEBU SOUTH RD-SABELLANO","BASAK SAN NICOLAS","CEBU SOUTH","CEBU","RESIDENTIAL REGULAR","9,700.00"
"MANCAO MILLING ROAD","","BASAK SAN NICOLAS","CEBU SOUTH","CEBU","RESIDENTIAL REGULAR","8,000.00"
"MAYA ST","MACOPA ST-LEMON ST","BASAK SAN NICOLAS","CEBU SOUTH","CEBU","RESIDENTIAL REGULAR","20,000.00"
"MAYA ST","MACOPA ST-LEMON ST","BASAK SAN NICOLAS","CEBU SOUTH","CEBU","RESIDENTIAL REGULAR","10,300.00"
"N. BACALSO AVE.","BDRY BASAK PARDO-COL TABADA ST","BASAK SAN NICOLAS","CEBU SOUTH","CEBU","COMMERCIAL REGULAR","20,000.00"
"N. BACALSO AVE.","SAN NICHOLAS - BDRY  KINASANG-AN","BASAK SAN NICOLAS","CEBU SOUTH","CEBU","COMMERCIAL REGULAR","18,800.00"
"NANGKA STREET","","BASAK SAN NICOLAS","CEBU SOUTH","CEBU","RESIDENTIAL REGULAR","8,000.00"
"OLIVA STREET","","BASAK SAN NICOLAS","CEBU SOUTH","CEBU","RESIDENTIAL REGULAR","8,000.00"
"PANAGHI-USA ST","","BASAK SAN NICOLAS","CEBU SOUTH","CEBU","RESIDENTIAL REGULAR","8,000.00"
"PATI   ST","","BASAK SAN NICOLAS","CEBU SOUTH","CEBU","RESIDENTIAL REGULAR","8,900.00"
"PERECO ST","LEMON ST-MACOPA ST","BASAK SAN NICOLAS","CEBU SOUTH","CEBU","RESIDENTIAL REGULAR","10,700.00"
"PUNAY ST","LEMON ST-MACOPA ST","BASAK SAN NICOLAS","CEBU SOUTH","CEBU","RESIDENTIAL REGULAR","10,300.00"
"RAMA COMPOUND","","BASAK SAN NICOLAS","CEBU SOUTH","CEBU","RESIDENTIAL REGULAR","8,900.00"
"RIZAL AVENUE EXTENSION","","BASAK SAN NICOLAS","CEBU SOUTH","CEBU","RESIDENTIAL REGULAR","8,900.00"
"SALING ST","LEMON ST-MACOPA ST","BASAK SAN NICOLAS","CEBU SOUTH","CEBU","RESIDENTIAL REGULAR","11,500.00"
"SAN ANTONIO ROAD","","BASAK SAN NICOLAS","CEBU SOUTH","CEBU","RESIDENTIAL REGULAR","8,000.00"
"SILOY ST","LEMON ST-MACOPA ST","BASAK SAN NICOLAS","CEBU SOUTH","CEBU","RESIDENTIAL REGULAR","10,600.00"
"TABARES ST","N BACALSO-CABREROS EXT","BASAK SAN NICOLAS","CEBU SOUTH","CEBU","RESIDENTIAL REGULAR","9,200.00"
"TAGUNOL ROAD","","BASAK SAN NICOLAS","CEBU SOUTH","CEBU","RESIDENTIAL REGULAR","8,000.00"
"TAMSI ST","","BASAK SAN NICOLAS","CEBU SOUTH","CEBU","RESIDENTIAL CONDOMINIUM","95,000.00"
"TAMSI ST","","BASAK SAN NICOLAS","CEBU SOUTH","CEBU","RESIDENTIAL REGULAR","10,700.00"
"TUKMO ST","GSIS COMPOUND","BASAK SAN NICOLAS","CEBU SOUTH","CEBU","RESIDENTIAL REGULAR","10,700.00"
"UBOS PUSO ROAD","","BASAK SAN NICOLAS","CEBU SOUTH","CEBU","RESIDENTIAL REGULAR","8,000.00"
"VILLA SAN ANTONIO","","BASAK SAN NICOLAS","CEBU SOUTH","CEBU","RESIDENTIAL REGULAR","9,500.00"
"ALL OTHER STREETS","","BASAK SAN NICOLAS","CEBU SOUTH","CEBU","COMMERCIAL REGULAR","9,000.00"
"ALL OTHER STREETS","","BASAK SAN NICOLAS","CEBU SOUTH","CEBU","RESIDENTIAL REGULAR","8,000.00"
"ALL OTHER STREETS","INTERIOR","BASAK SAN NICOLAS","CEBU SOUTH","CEBU","RESIDENTIAL REGULAR","5,000.00"
"FRIENDSHIP VILLAGE","","BASAK SAN NICOLAS","CEBU SOUTH","CEBU","RESIDENTIAL REGULAR","8,000.00"
"VILLARICA SUBD.","","BASAK SAN NICOLAS","CEBU SOUTH","CEBU","RESIDENTIAL REGULAR","12,000.00"
"ALL OTHER  EXISTING  SUBDIVISIONS","","BASAK SAN NICOLAS","CEBU SOUTH","CEBU","RESIDENTIAL REGULAR","8,000.00"
"NEW SUBDIVISIONS","FIRST CLASS","BASAK SAN NICOLAS","CEBU SOUTH","CEBU","RESIDENTIAL REGULAR","12,500.00"
"NEW SUBDIVISIONS","SOCIALIZED","BASAK SAN NICOLAS","CEBU SOUTH","CEBU","RESIDENTIAL REGULAR","7,000.00"
"CONDOMINIUM - HIGH END","","BASAK SAN NICOLAS","CEBU SOUTH","CEBU","COMMERCIAL CONDOMINIUM","95,000.00"
"CONDOMINIUM - HIGH END","","BASAK SAN NICOLAS","CEBU SOUTH","CEBU","RESIDENTIAL CONDOMINIUM","75,000.00"
"CONDOMINIUM - HIGH END","","BASAK SAN NICOLAS","CEBU SOUTH","CEBU","PARKING SLOT","45,000.00"
"CONDOMINIUM - LOW COST","","BASAK SAN NICOLAS","CEBU SOUTH","CEBU","RESIDENTIAL CONDOMINIUM","40,000.00"
"BONBON PROPER","","BONBON","CEBU SOUTH","CEBU","RESIDENTIAL REGULAR","95,000.00"
"BONBON PROPER","","BONBON","CEBU SOUTH","CEBU","RESIDENTIAL REGULAR","5,000.00"
"RURAL BARANGAY","","BONBON","CEBU SOUTH","CEBU","RESIDENTIAL REGULAR","2,000.00"
"SUBURBAN  AREAS WITH ROAD","","BONBON","CEBU SOUTH","CEBU","COMMERCIAL REGULAR","5,000.00"
"SUBURBAN  AREAS WITH ROAD","","BONBON","CEBU SOUTH","CEBU","RESIDENTIAL REGULAR","3,000.00"
"SUBURBAN AREAS WITHOUT ROAD","","BONBON","CEBU SOUTH","CEBU","RESIDENTIAL REGULAR","2,000.00"
"ALL AREAS","","BONBON","CEBU SOUTH","CEBU","OTHER AGRICULTURAL LANDS","550.00"
"ALL OTHER STREETS","","BONBON","CEBU SOUTH","CEBU","COMMERCIAL REGULAR","5,000.00"
"ALL OTHER STREETS","","BONBON","CEBU SOUTH","CEBU","RESIDENTIAL REGULAR","1,600.00"
"ALL OTHER STREETS","","BONBON","CEBU SOUTH","CEBU","OTHER AGRICULTURAL LANDS","550.00"
"ALL NEW SUBDIVISION","1ST CLASS","BONBON","CEBU SOUTH","CEBU","RESIDENTIAL REGULAR","8,000.00"
"ALL NEW SUBDIVISION","SOCIALIZED/ LOW COST","BONBON","CEBU SOUTH","CEBU","RESIDENTIAL REGULAR","3,700.00"
"CONDOMINIUM - HIGH END","","BONBON","CEBU SOUTH","CEBU","COMMERCIAL CONDOMINIUM","95,000.00"
"CONDOMINIUM - HIGH END","","BONBON","CEBU SOUTH","CEBU","RESIDENTIAL CONDOMINIUM","75,000.00"
"CONDOMINIUM - HIGH END","","BONBON","CEBU SOUTH","CEBU","PARKING SLOT","45,000.00"
"CONDOMINIUM - LOW COST","","BONBON","CEBU SOUTH","CEBU","RESIDENTIAL CONDOMINIUM","40,000.00"
"ANAHAW","ANAHAW VALLEY","BUHISAN","CEBU SOUTH","CEBU","RESIDENTIAL REGULAR","3,500.00"
"BUHISAN PROPER","","BUHISAN","CEBU SOUTH","CEBU","RESIDENTIAL REGULAR","10,000.00"
"BUHISAN PROPER","","BUHISAN","CEBU SOUTH","CEBU","RESIDENTIAL REGULAR","3,500.00"
"CAMPARVILLE","BF HOMES","BUHISAN","CEBU SOUTH","CEBU","RESIDENTIAL REGULAR","7,800.00"
"CAMPARVILLE","LAURON A & B","BUHISAN","CEBU SOUTH","CEBU","RESIDENTIAL REGULAR","5,500.00"
"CAMPARVILLE","GOCHAN PHASE 1","BUHISAN","CEBU SOUTH","CEBU","RESIDENTIAL REGULAR","4,700.00"
"CCF","","BUHISAN","CEBU SOUTH","CEBU","RESIDENTIAL REGULAR","7,000.00"
"DAM","MCWD WATER SHED","BUHISAN","CEBU SOUTH","CEBU","OTHER AGRICULTURAL LANDS","1,000.00"
"DAM","NATURE CENTER","BUHISAN","CEBU SOUTH","CEBU","OTHER AGRICULTURAL LANDS","1,000.00"
"DON BOSCO PROPER","","BUHISAN","CEBU SOUTH","CEBU","RESIDENTIAL REGULAR","10,000.00"
"DULHUGAN","","BUHISAN","CEBU SOUTH","CEBU","RESIDENTIAL REGULAR","3,000.00"
"FR. BOSCH ST.","BOUNDARY PUNTA PRINCESA TO BRIDGE","BUHISAN","CEBU SOUTH","CEBU","RESIDENTIAL REGULAR","10,000.00"
"JERUSALEM","","BUHISAN","CEBU SOUTH","CEBU","RESIDENTIAL REGULAR","3,000.00"
"KADASIG PHASE IV","","BUHISAN","CEBU SOUTH","CEBU","RESIDENTIAL REGULAR","3,000.00"
"KADASIG PHASE V","","BUHISAN","CEBU SOUTH","CEBU","RESIDENTIAL REGULAR","3,000.00"
"LANGUB","","BUHISAN","CEBU SOUTH","CEBU","RESIDENTIAL REGULAR","3,500.00"
"LOWER NAZARETH","","BUHISAN","CEBU SOUTH","CEBU","RESIDENTIAL REGULAR","4,300.00"
"LOWER PUTI","","BUHISAN","CEBU SOUTH","CEBU","RESIDENTIAL REGULAR","4,300.00"
"OLIVO","","BUHISAN","CEBU SOUTH","CEBU","OTHER AGRICULTURAL LANDS","6,100.00"
"OLIVO","","BUHISAN","CEBU SOUTH","CEBU","RESIDENTIAL REGULAR","3,000.00"
"PANPANAN","","BUHISAN","CEBU SOUTH","CEBU","RESIDENTIAL REGULAR","3,500.00"
"POSO","GOCHAN PHASE 2","BUHISAN","CEBU SOUTH","CEBU","RESIDENTIAL REGULAR","4,200.00"
"PUSO-AN","SAMANTHA'S PLACE","BUHISAN","CEBU SOUTH","CEBU","RESIDENTIAL REGULAR","3,000.00"
"ROAD TO BUHISAN","BRIDGE-BUHISAN ELEM.","BUHISAN","CEBU SOUTH","CEBU","RESIDENTIAL REGULAR","4,300.00"
"ROAD TO BUHISAN","PUNTA PRINCESA BRIDGE","BUHISAN","CEBU SOUTH","CEBU","RESIDENTIAL REGULAR","4,300.00"
"SANDAYONG","","BUHISAN","CEBU SOUTH","CEBU","RESIDENTIAL REGULAR","3,500.00"
"TAYTAYAN","BUHISAN HOME OWNERS INC","BUHISAN","CEBU SOUTH","CEBU","RESIDENTIAL REGULAR","3,500.00"
"TUBOD","VISTA DEL SOL","BUHISAN","CEBU SOUTH","CEBU","RESIDENTIAL REGULAR","4,300.00"
"UKBAN","","BUHISAN","CEBU SOUTH","CEBU","RESIDENTIAL REGULAR","3,200.00"
"UPPER NAZARETH","","BUHISAN","CEBU SOUTH","CEBU","RESIDENTIAL REGULAR","4,300.00"
"UPPER PUTI","","BUHISAN","CEBU SOUTH","CEBU","RESIDENTIAL REGULAR","3,200.00"
"ALL OTHER AREAS","","BUHISAN","CEBU SOUTH","CEBU","COMMERCIAL REGULAR","6,100.00"
"ALL OTHER AREAS","","BUHISAN","CEBU SOUTH","CEBU","RESIDENTIAL REGULAR","3,000.00"
"ALL OTHER AREAS","INTERIOR","BUHISAN","CEBU SOUTH","CEBU","RESIDENTIAL REGULAR","2,000.00"
"ALL OTHER AREAS","","BUHISAN","CEBU SOUTH","CEBU","OTHER AGRICULTURAL LANDS","550.00"
"BF PROPERTY HOMES","","BUHISAN","CEBU SOUTH","CEBU","RESIDENTIAL REGULAR","20,000.00"
"BF PROPERTY HOMES","","BUHISAN","CEBU SOUTH","CEBU","RESIDENTIAL REGULAR","10,000.00"
"SOUTH HILLS SUBD.","","BUHISAN","CEBU SOUTH","CEBU","RESIDENTIAL REGULAR","20,000.00"
"ALL OTHER EXISTING  SUBDIVISIONS","","BUHISAN","CEBU SOUTH","CEBU","RESIDENTIAL REGULAR","10,000.00"
"ALL NEW SUBDIVISION","FIRST CLASS","BUHISAN","CEBU SOUTH","CEBU","RESIDENTIAL REGULAR","12,500.00"
"ALL NEW SUBDIVISION","SOCIALIZED / LOW COST","BUHISAN","CEBU SOUTH","CEBU","RESIDENTIAL REGULAR","3,700.00"
"ALDELFA","","BULACAO PARDO","CEBU SOUTH","CEBU","RESIDENTIAL REGULAR","9,500.00"
"N. BACALSO AVE.","","BULACAO PARDO","CEBU SOUTH","CEBU","COMMERCIAL REGULAR","19,300.00"
"N. BACALSO AVE.","","BULACAO PARDO","CEBU SOUTH","CEBU","RESIDENTIAL REGULAR","12,000.00"
"ROAD TO R CABRERAS RES","","BULACAO PARDO","CEBU SOUTH","CEBU","RESIDENTIAL REGULAR","9,500.00"
"ROAD TO ST JUDE ACRES","SAINT JUDE","BULACAO PARDO","CEBU SOUTH","CEBU","RESIDENTIAL REGULAR","9,500.00"
"SEYABOKCOMPOUND","ALONG BARANGAY ROAD","BULACAO PARDO","CEBU SOUTH","CEBU","RESIDENTIAL REGULAR","7,500.00"
"ST. THOMAS","","BULACAO PARDO","CEBU SOUTH","CEBU","RESIDENTIAL REGULAR","7,500.00"
"VILLA BULSITA","","BULACAO PARDO","CEBU SOUTH","CEBU","RESIDENTIAL REGULAR","8,000.00"
"VILLA MANGGA","ALONG BARANGAY ROAD","BULACAO PARDO","CEBU SOUTH","CEBU","RESIDENTIAL REGULAR","7,500.00"
"VILLA VERNA","","BULACAO PARDO","CEBU SOUTH","CEBU","RESIDENTIAL REGULAR","8,000.00"
"VILLAMANGA TO LAGUNA","INTERIOR","BULACAO PARDO","CEBU SOUTH","CEBU","RESIDENTIAL REGULAR","6,000.00"
"ALL OTHER STREETS","","BULACAO PARDO","CEBU SOUTH","CEBU","RESIDENTIAL REGULAR","20,000.00"
"ALL OTHER STREETS","","BULACAO PARDO","CEBU SOUTH","CEBU","COMMERCIAL REGULAR","11,000.00"
"ALL OTHER STREETS","","BULACAO PARDO","CEBU SOUTH","CEBU","RESIDENTIAL REGULAR","7,500.00"
"ALL OTHER STREETS","INTERIOR","BULACAO PARDO","CEBU SOUTH","CEBU","RESIDENTIAL REGULAR","6,000.00"
"ALTA VISTA SUBDIVISION","","BULACAO PARDO","CEBU SOUTH","CEBU","RESIDENTIAL REGULAR","20,000.00"
"IMPALA VILLAGE","","BULACAO PARDO","CEBU SOUTH","CEBU","RESIDENTIAL REGULAR","10,500.00"
"MIGHTY VILLA SUBDIVISION","","BULACAO PARDO","CEBU SOUTH","CEBU","RESIDENTIAL REGULAR","10,500.00"
"NEWTOWN ESTATE","","BULACAO PARDO","CEBU SOUTH","CEBU","RESIDENTIAL REGULAR","15,000.00"
"PEACE VALLEY HOMES SUBDIVISION","","BULACAO PARDO","CEBU SOUTH","CEBU","RESIDENTIAL REGULAR","10,500.00"
"SAN AGUSTIN VILLAGE","","BULACAO PARDO","CEBU SOUTH","CEBU","RESIDENTIAL REGULAR","10,500.00"
"ST. JUDE ACRES","PHASE I,II,III.IV","BULACAO PARDO","CEBU SOUTH","CEBU","RESIDENTIAL REGULAR","10,500.00"
"ST. JUDE ACRES","PHASE V,V,V EXTENSION","BULACAO PARDO","CEBU SOUTH","CEBU","RESIDENTIAL REGULAR","10,500.00"
"STA. LUCIA SUBDIVISION","","BULACAO PARDO","CEBU SOUTH","CEBU","RESIDENTIAL REGULAR","20,000.00"
"SUNRISE VILLAGE","","BULACAO PARDO","CEBU SOUTH","CEBU","RESIDENTIAL REGULAR","12,500.00"
"ALL OTHER EXISTING SUBDIVISIONS","","BULACAO PARDO","CEBU SOUTH","CEBU","RESIDENTIAL REGULAR","9,000.00"
"NEW SUBDIVISIONS","FIRST CLASS","BULACAO PARDO","CEBU SOUTH","CEBU","RESIDENTIAL REGULAR","12,500.00"
"NEW SUBDIVISIONS","SOCIALIZED","BULACAO PARDO","CEBU SOUTH","CEBU","RESIDENTIAL REGULAR","7,000.00"
"CONDOMINIUM -HIGH END","","BULACAO PARDO","CEBU SOUTH","CEBU","RESIDENTIAL REGULAR","95,000.00"
"CONDOMINIUM -HIGH END","","BULACAO PARDO","CEBU SOUTH","CEBU","COMMERCIAL CONDOMINIUM","95,000.00"
"CONDOMINIUM -HIGH END","","BULACAO PARDO","CEBU SOUTH","CEBU","RESIDENTIAL CONDOMINIUM","75,000.00"
"CONDOMINIUM -HIGH END","","BULACAO PARDO","CEBU SOUTH","CEBU","PARKING SLOT","45,000.00"
"CONDOMINIUM - LOW COST","","BULACAO PARDO","CEBU SOUTH","CEBU","RESIDENTIAL CONDOMINIUM","40,000.00"
"RURAL BARANGAY","","BUOT - TAOP","CEBU SOUTH","CEBU","RESIDENTIAL REGULAR","1,000.00"
"RURAL BARANGAY","","BUOT - TAOP","CEBU SOUTH","CEBU","OTHER AGRICULTURAL LANDS","500.00"
"SUBURBAN AREAS WITH ROAD","","BUOT - TAOP","CEBU SOUTH","CEBU","RESIDENTIAL REGULAR","1,500.00"
"SUBURBAN AREAS WITH ROAD","","BUOT - TAOP","CEBU SOUTH","CEBU","OTHER AGRICULTURAL LANDS","1,000.00"
"SUBURBAN AREAS WITHOUT ROAD","","BUOT - TAOP","CEBU SOUTH","CEBU","RESIDENTIAL REGULAR","1,000.00"
"SUBURBAN AREAS WITHOUT ROAD","","BUOT - TAOP","CEBU SOUTH","CEBU","OTHER AGRICULTURAL LANDS","500.00"
"ALL NEW SUBDIVISION","FIRST CLASS","BUOT - TAOP","CEBU SOUTH","CEBU","RESIDENTIAL REGULAR","8,000.00"
"ALL NEW SUBDIVISION","SOCIALIZED / LOW COST","BUOT - TAOP","CEBU SOUTH","CEBU","RESIDENTIAL REGULAR","3,700.00"
"A LOPEZ ST","LUCIO LOPEZ DR","CALAMBA","CEBU SOUTH","CEBU","RESIDENTIAL REGULAR","15,500.00"
"A LOPEZ ST","(LUCIO LOPEZBULAGA RES)-KATIPUNAN","CALAMBA","CEBU SOUTH","CEBU","RESIDENTIAL REGULAR","15,500.00"
"A LOPEZ ST","KATIPUNAN-TRES DE ABRIL","CALAMBA","CEBU SOUTH","CEBU","RESIDENTIAL REGULAR","15,300.00"
"A. LOPEZ ST","INTERIOR","CALAMBA","CEBU SOUTH","CEBU","RESIDENTIAL REGULAR","10,000.00"
"ACACIA STREET","","CALAMBA","CEBU SOUTH","CEBU","COMMERCIAL REGULAR","24,300.00"
"ACACIA STREET","","CALAMBA","CEBU SOUTH","CEBU","RESIDENTIAL REGULAR","10,000.00"
"B RODRIGUEZ ST","V RAMA-GUADALUPE","CALAMBA","CEBU SOUTH","CEBU","COMMERCIAL REGULAR","24,300.00"
"B. RODRIGUEZ ST","V. RAMA AVE. TO GUADALUPE RIVER","CALAMBA","CEBU SOUTH","CEBU","RESIDENTIAL REGULAR","15,000.00"
"B RODRIGUEZ ST","V RAMA-GUADALUPE","CALAMBA","CEBU SOUTH","CEBU","RESIDENTIAL REGULAR","16,000.00"
"DR. ABELLA, PABLO U.ST.","","CALAMBA","CEBU SOUTH","CEBU","COMMERCIAL REGULAR","15,000.00"
"KATIPUNAN ST","A LOPEZ-V RAMA AVE","CALAMBA","CEBU SOUTH","CEBU","COMMERCIAL REGULAR","17,000.00"
"KATIPUNAN ST","A LOPEZ-V RAMA AVE","CALAMBA","CEBU SOUTH","CEBU","RESIDENTIAL REGULAR","15,000.00"
"LOWER SAN ROQUE","V.RAMA AVENUE","CALAMBA","CEBU SOUTH","CEBU","COMMERCIAL REGULAR","15,000.00"
"LOWER SAN ROQUE","INTERIOR","CALAMBA","CEBU SOUTH","CEBU","RESIDENTIAL REGULAR","10,000.00"
"LUCIO LOPEZ DRIVE","A LOPEZ-V RAMA AVE","CALAMBA","CEBU SOUTH","CEBU","COMMERCIAL REGULAR","15,000.00"
"LUCIO LOPEZ DRIVE","A LOPEZ-V RAMA AVE","CALAMBA","CEBU SOUTH","CEBU","RESIDENTIAL REGULAR","11,000.00"
"N. BACALSO AVE.","TRES DE ABRIL-GUAD RIVER","CALAMBA","CEBU SOUTH","CEBU","COMMERCIAL REGULAR","24,000.00"
"N. BACALSO AVE.","TRES DE ABRIL-GUAD RIVER","CALAMBA","CEBU SOUTH","CEBU","RESIDENTIAL REGULAR","18,000.00"
"SITIO SAN ANTONIO","V. RAMA AVE","CALAMBA","CEBU SOUTH","CEBU","RESIDENTIAL REGULAR","15,000.00"
"SUN VALLEY","","CALAMBA","CEBU SOUTH","CEBU","COMMERCIAL REGULAR","15,000.00"
"V RAMA AVE","","CALAMBA","CEBU SOUTH","CEBU","COMMERCIAL REGULAR","20,500.00"
"V RAMA AVE","DEL ROSARIO-N BACALSO","CALAMBA","CEBU SOUTH","CEBU","COMMERCIAL REGULAR","95,000.00"
"V RAMA AVE","DEL ROSARIO-N BACALSO","CALAMBA","CEBU SOUTH","CEBU","RESIDENTIAL REGULAR","20,000.00"
"V RAMA AVE","P DEL ROSARIO-H VALLEY","CALAMBA","CEBU SOUTH","CEBU","RESIDENTIAL REGULAR","20,000.00"
"ALL OTHER STREETS","","CALAMBA","CEBU SOUTH","CEBU","COMMERCIAL REGULAR","12,500.00"
"ALL OTHER STREETS","","CALAMBA","CEBU SOUTH","CEBU","RESIDENTIAL REGULAR","9,000.00"
"ALL OTHER STREETS","INTERIOR","CALAMBA","CEBU SOUTH","CEBU","RESIDENTIAL REGULAR","7,000.00"
"HAPPY VALLEY SUBDIVISION","","CALAMBA","CEBU SOUTH","CEBU","RESIDENTIAL REGULAR","15,000.00"
"SAN ROQUE SUBDIVISION","","CALAMBA","CEBU SOUTH","CEBU","RESIDENTIAL REGULAR","10,000.00"
"SUN VALLEY","","CALAMBA","CEBU SOUTH","CEBU","RESIDENTIAL REGULAR","15,000.00"
"ALL OTHER EXISTING SUBDIVISION","","CALAMBA","CEBU SOUTH","CEBU","RESIDENTIAL REGULAR","10,000.00"
"SUBDIVISION","FIRST CLASS","CALAMBA","CEBU SOUTH","CEBU","RESIDENTIAL REGULAR","15,000.00"
"SUBDIVISION","LOW COST","CALAMBA","CEBU SOUTH","CEBU","RESIDENTIAL REGULAR","7,000.00"
"CONDOMINIUM - HIGH END","","CALAMBA","CEBU SOUTH","CEBU","COMMERCIAL CONDOMINIUM","95,000.00"
"CONDOMINIUM - HIGH END","","CALAMBA","CEBU SOUTH","CEBU","RESIDENTIAL CONDOMINIUM","75,000.00"
"CONDOMINIUM - HIGH END","","CALAMBA","CEBU SOUTH","CEBU","PARKING SLOT","45,000.00"
"CONDOMINIUM - LOW COST","","CALAMBA","CEBU SOUTH","CEBU","RESIDENTIAL CONDOMINIUM","40,000.00"
"B RODRIGUEZ ST","FUENTE OSMEÑA ROTONDA","CAPITOL SITE","CEBU SOUTH","CEBU","COMMERCIAL REGULAR","45,000.00"
"B RODRIGUEZ ST","GUADALUPE RIVER-WALING ST","CAPITOL SITE","CEBU SOUTH","CEBU","COMMERCIAL REGULAR","85,000.00"
"B RODRIGUEZ ST","GUADALUPE RIVER-WALING ST","CAPITOL SITE","CEBU SOUTH","CEBU","COMMERCIAL REGULAR","30,000.00"
"DON GIL GARCIA ST","P RODRIGUES SR-OSMENA BLVD","CAPITOL SITE","CEBU SOUTH","CEBU","COMMERCIAL REGULAR","42,500.00"
"DON GIL GARCIA ST","N ESCARIO ST-DEAD END (NBI)","CAPITOL SITE","CEBU SOUTH","CEBU","COMMERCIAL REGULAR","37,500.00"
"DON GIL GARCIA ST","N ESCARIO ST-B RODRIGUES","CAPITOL SITE","CEBU SOUTH","CEBU","COMMERCIAL REGULAR","37,500.00"
"DON JOSE AVILA ST.","","CAPITOL SITE","CEBU SOUTH","CEBU","COMMERCIAL REGULAR","40,000.00"
"DON MARIANO CUI ST.","N ESCARIO -B RODRIGUES","CAPITOL SITE","CEBU SOUTH","CEBU","COMMERCIAL REGULAR","30,000.00"
"FUENTE OSMEÑA","B. RODRIGUEZ","CAPITOL SITE","CEBU SOUTH","CEBU","COMMERCIAL REGULAR","45,000.00"
"J LLORENTE ST","WALINGWALING-OSMENA","CAPITOL SITE","CEBU SOUTH","CEBU","COMMERCIAL REGULAR","37,500.00"
"M VELEZ ST","GUAD RVR-DON G GARCIA","CAPITOL SITE","CEBU SOUTH","CEBU","COMMERCIAL REGULAR","37,500.00"
"M. ESCARIO ST.","DON GIL GARCIA-OSMENA BLDVD","CAPITOL SITE","CEBU SOUTH","CEBU","COMMERCIAL REGULAR","45,000.00"
"MIRASOL ST","","CAPITOL SITE","CEBU SOUTH","CEBU","COMMERCIAL REGULAR","37,500.00"
"N RAFOLS ST.(JASMIN ST)","P RODRIGUEZ-OSMENA BLVD","CAPITOL SITE","CEBU SOUTH","CEBU","COMMERCIAL REGULAR","37,500.00"
"ORCHID ST","N ESCARIO-JASMIN","CAPITOL SITE","CEBU SOUTH","CEBU","COMMERCIAL REGULAR","37,500.00"
"P. RODRIGUEZ ST. (SAMPAGUITA ST.)","","CAPITOL SITE","CEBU SOUTH","CEBU","COMMERCIAL REGULAR","37,500.00"
"PRES OSMENA BLVD","FUENTE OSMENA BLVBD-N ESCARIO","CAPITOL SITE","CEBU SOUTH","CEBU","COMMERCIAL REGULAR","85,000.00"
"WALING-WALING ST.","","CAPITOL SITE","CEBU SOUTH","CEBU","COMMERCIAL REGULAR","37,500.00"
"ALL OTHER STREETS","","CAPITOL SITE","CEBU SOUTH","CEBU","COMMERCIAL REGULAR","95,000.00"
"ALL OTHER STREETS","","CAPITOL SITE","CEBU SOUTH","CEBU","COMMERCIAL REGULAR","27,500.00"
"ALL OTHER STREETS","","CAPITOL SITE","CEBU SOUTH","CEBU","RESIDENTIAL REGULAR","20,000.00"
"ALL OTHER STREETS","INTERIOR","CAPITOL SITE","CEBU SOUTH","CEBU","RESIDENTIAL REGULAR","15,000.00"
"CONDOMINIUM: SOHO","B. RODRIGUEZ ST.","CAPITOL SITE","CEBU SOUTH","CEBU","COMMERCIAL REGULAR","92,500.00"
"CONDOMINIUM: SOHO","","CAPITOL SITE","CEBU SOUTH","CEBU","RESIDENTIAL REGULAR","75,000.00"
"CONDOMINIUM: SOHO","","CAPITOL SITE","CEBU SOUTH","CEBU","PC","40,000.00"
"CONDOMINIUM - HIGH END","","CAPITOL SITE","CEBU SOUTH","CEBU","COMMERCIAL CONDOMINIUM","95,000.00"
"CONDOMINIUM - HIGH END","","CAPITOL SITE","CEBU SOUTH","CEBU","RESIDENTIAL CONDOMINIUM","75,000.00"
"CONDOMINIUM - HIGH END","","CAPITOL SITE","CEBU SOUTH","CEBU","PARKING SLOT","45,000.00"
"CONDOMINIUM - LOW COST","","CAPITOL SITE","CEBU SOUTH","CEBU","RESIDENTIAL CONDOMINIUM","40,000.00"
"COLON ST.","OSMENA JAKOSALEM","CENTRAL PROPER (STO.NIÑO)","CEBU SOUTH","CEBU","COMMERCIAL REGULAR","72,500.00"
"D. JAKOSALEM ST.","PRES S OSMENA-QUEZON","CENTRAL PROPER (STO.NIÑO)","CEBU SOUTH","CEBU","COMMERCIAL REGULAR","62,500.00"
"F GONZALES ST.","PRES S OSMEÑA BLVD-MC BRIONES ST","CENTRAL PROPER (STO.NIÑO)","CEBU SOUTH","CEBU","COMMERCIAL REGULAR","62,500.00"
"F GONZALES ST.","MC BRIONES-F GONZALES","CENTRAL PROPER (STO.NIÑO)","CEBU SOUTH","CEBU","COMMERCIAL REGULAR","62,500.00"
"JUEZ BORROMEO ST.","MC BRIONES-F. GONZALES","CENTRAL PROPER (STO.NIÑO)","CEBU SOUTH","CEBU","COMMERCIAL REGULAR","62,500.00"
"LINCOLN ST","PLARIDEL-F GONZALES","CENTRAL PROPER (STO.NIÑO)","CEBU SOUTH","CEBU","COMMERCIAL REGULAR","62,500.00"
"M.C. BRIONES ST.","F. GONZALES ST.-MAGALLANES","CENTRAL PROPER (STO.NIÑO)","CEBU SOUTH","CEBU","COMMERCIAL REGULAR","72,500.00"
"M.C. BRIONES ST.","F. GONZALES ST.-MAGALLANES","CENTRAL PROPER (STO.NIÑO)","CEBU SOUTH","CEBU","COMMERCIAL REGULAR","62,500.00"
"M.C. BRIONES ST.","MAGALLANES ST-MC BRIONES","CENTRAL PROPER (STO.NIÑO)","CEBU SOUTH","CEBU","COMMERCIAL REGULAR","62,500.00"
"M.C. BRIONES ST.","PLARIDEL ST.-MJ CUENCO AVE.","CENTRAL PROPER (STO.NIÑO)","CEBU SOUTH","CEBU","COMMERCIAL REGULAR","62,500.00"
"MAGALLANES ST.","V.GULLAS-JAKOSALEM(MANALILI)","CENTRAL PROPER (STO.NIÑO)","CEBU SOUTH","CEBU","COMMERCIAL REGULAR","62,500.00"
"MAGALLANES ST.","P LOPEZ-V GULLAS(MANALILI)","CENTRAL PROPER (STO.NIÑO)","CEBU SOUTH","CEBU","COMMERCIAL REGULAR","62,500.00"
"MAGALLANES ST.","D JAKOSALEM-P BURGOS","CENTRAL PROPER (STO.NIÑO)","CEBU SOUTH","CEBU","COMMERCIAL REGULAR","62,500.00"
"MAGALLANES ST.","P BURGOS ST-MJ CUENCO AVE","CENTRAL PROPER (STO.NIÑO)","CEBU SOUTH","CEBU","COMMERCIAL REGULAR","62,500.00"
"P BURGOS ST","PRES S OSMENA-Q.BLVD.","CENTRAL PROPER (STO.NIÑO)","CEBU SOUTH","CEBU","COMMERCIAL REGULAR","62,500.00"
"P LOPEZ ST","COLON-BALINTAWAK","CENTRAL PROPER (STO.NIÑO)","CEBU SOUTH","CEBU","COMMERCIAL REGULAR","62,500.00"
"P LOPEZ ST","BORROMEO-MAGALLANES","CENTRAL PROPER (STO.NIÑO)","CEBU SOUTH","CEBU","COMMERCIAL REGULAR","62,500.00"
"P LOPEZ ST","BALINTAWAK-BORROMEO","CENTRAL PROPER (STO.NIÑO)","CEBU SOUTH","CEBU","COMMERCIAL REGULAR","62,500.00"
"P. GULLAS ST","PRES OSMEÑA BLVD-JUEZ BORROMEO","CENTRAL PROPER (STO.NIÑO)","CEBU SOUTH","CEBU","COMMERCIAL REGULAR","62,500.00"
"PLARIDEL ST","OSMENA-M C BRIONES","CENTRAL PROPER (STO.NIÑO)","CEBU SOUTH","CEBU","COMMERCIAL REGULAR","62,500.00"
"PLARIDEL ST","MC BRIONES-Q.BLVD(LEGASPI)","CENTRAL PROPER (STO.NIÑO)","CEBU SOUTH","CEBU","COMMERCIAL REGULAR","62,500.00"
"PRES OSMENA BLVD","V GULLAS-P. BURGOS","CENTRAL PROPER (STO.NIÑO)","CEBU SOUTH","CEBU","COMMERCIAL REGULAR","72,500.00"
"PRES OSMENA BLVD","COLON-V GULLAS(BURGOS)","CENTRAL PROPER (STO.NIÑO)","CEBU SOUTH","CEBU","COMMERCIAL REGULAR","72,500.00"
"PRES OSMENA SR BLVD","P BURGOS ST-MJ CUENCO AVE.","CENTRAL PROPER (STO.NIÑO)","CEBU SOUTH","CEBU","RESIDENTIAL REGULAR","95,000.00"
"PRES OSMENA SR BLVD","P BURGOS ST-MJ CUENCO AVE.","CENTRAL PROPER (STO.NIÑO)","CEBU SOUTH","CEBU","COMMERCIAL REGULAR","72,500.00"
"V GULLAS ST.","PRES OSMENA-MAGALLANES","CENTRAL PROPER (STO.NIÑO)","CEBU SOUTH","CEBU","COMMERCIAL REGULAR","72,500.00"
"ALL OTHER STREETS","","CENTRAL PROPER (STO.NIÑO)","CEBU SOUTH","CEBU","COMMERCIAL REGULAR","60,000.00"
"ALL OTHER STREETS","","CENTRAL PROPER (STO.NIÑO)","CEBU SOUTH","CEBU","RESIDENTIAL REGULAR","55,000.00"
"ALL OTHER STREETS","INTERIOR","CENTRAL PROPER (STO.NIÑO)","CEBU SOUTH","CEBU","RESIDENTIAL REGULAR","45,000.00"
"CONDOMINIUM - HIGH END","","CENTRAL PROPER (STO.NIÑO)","CEBU SOUTH","CEBU","COMMERCIAL CONDOMINIUM","95,000.00"
"CONDOMINIUM - HIGH END","","CENTRAL PROPER (STO.NIÑO)","CEBU SOUTH","CEBU","RESIDENTIAL CONDOMINIUM","75,000.00"
"CONDOMINIUM - HIGH END","","CENTRAL PROPER (STO.NIÑO)","CEBU SOUTH","CEBU","PARKING SLOT","45,000.00"
"CONDOMINIUM - LOW COST","","CENTRAL PROPER (STO.NIÑO)","CEBU SOUTH","CEBU","RESIDENTIAL CONDOMINIUM","40,000.00"
"A GABUYA ST","F. JACA-N. BACALSO AVE.","COGON PARDO","CEBU SOUTH","CEBU","RESIDENTIAL REGULAR","11,200.00"
"A GABUYA ST","F. JACA-N BACALSO EXT.","COGON PARDO","CEBU SOUTH","CEBU","RESIDENTIAL REGULAR","11,200.00"
"A GABUYA ST","","COGON PARDO","CEBU SOUTH","CEBU","COMMERCIAL REGULAR","12,000.00"
"A GABUYA ST","N.BACALSO AVE-SEASHORE (SRP)","COGON PARDO","CEBU SOUTH","CEBU","RESIDENTIAL REGULAR","11,200.00"
"A GABUYA ST","INTERIOR","COGON PARDO","CEBU SOUTH","CEBU","RESIDENTIAL REGULAR","8,200.00"
"ALL OTHER STREETS","","COGON PARDO","CEBU SOUTH","CEBU","COMMERCIAL REGULAR","12,000.00"
"ALL OTHER STREETS","","COGON PARDO","CEBU SOUTH","CEBU","RESIDENTIAL REGULAR","10,000.00"
"ALL OTHER STREETS:  INTERIOR","","COGON PARDO","CEBU SOUTH","CEBU","COMMERCIAL REGULAR","95,000.00"
"ALL OTHER STREETS:  INTERIOR","","COGON PARDO","CEBU SOUTH","CEBU","RESIDENTIAL REGULAR","7,000.00"
"VILLARICA SUBD","","COGON PARDO","CEBU SOUTH","CEBU","RESIDENTIAL REGULAR","11,500.00"
"HONEY HOMES SUBDIVISION","","COGON PARDO","CEBU SOUTH","CEBU","RESIDENTIAL REGULAR","11,500.00"
"ALL OTHER EXISITNG SUBDIVISION","","COGON PARDO","CEBU SOUTH","CEBU","RESIDENTIAL REGULAR","10,000.00"
"SUBDIIVISION","FIRST CLASS","COGON PARDO","CEBU SOUTH","CEBU","RESIDENTIAL REGULAR","15,000.00"
"SUBDIIVISION","LOW COST","COGON PARDO","CEBU SOUTH","CEBU","RESIDENTIAL REGULAR","7,000.00"
"CONDOMINIUM - HIGH END","","COGON PARDO","CEBU SOUTH","CEBU","COMMERCIAL CONDOMINIUM","95,000.00"
"CONDOMINIUM - HIGH END","","COGON PARDO","CEBU SOUTH","CEBU","RESIDENTIAL CONDOMINIUM","75,000.00"
"CONDOMINIUM - HIGH END","","COGON PARDO","CEBU SOUTH","CEBU","PARKING SLOT","45,000.00"
"CONDOMINIUM - LOW COST","","COGON PARDO","CEBU SOUTH","CEBU","RESIDENTIAL CONDOMINIUM","40,000.00"
"ALASKA MAMBALING","S.I.R PROJECT SITE - INTERIOR","DULJO FATIMA","CEBU SOUTH","CEBU","RESIDENTIAL REGULAR","80,000.00"
"B ARANAS EXT.","CORNER N. BACALSO AVENUE","DULJO FATIMA","CEBU SOUTH","CEBU","COMMERCIAL REGULAR","13,500.00"
"B ARANAS EXT.","N. BACALSO AVE..-CARLOCK","DULJO FATIMA","CEBU SOUTH","CEBU","RESIDENTIAL REGULAR","13,500.00"
"B ARANAS EXT. : INTERIOR","N. BACALSO AVE..-CARLOCK","DULJO FATIMA","CEBU SOUTH","CEBU","RESIDENTIAL REGULAR","13,500.00"
"C.PADILLA ST.","KINALUMSAN RIVER - CARLOCK","DULJO FATIMA","CEBU SOUTH","CEBU","RESIDENTIAL REGULAR","11,000.00"
"CARLOCK STREET","C PADILLA - TUPAZ","DULJO FATIMA","CEBU SOUTH","CEBU","COMMERCIAL REGULAR","13,500.00"
"CARLOCK STREET","TRES DE ABRIL-PADILLA","DULJO FATIMA","CEBU SOUTH","CEBU","COMMERCIAL REGULAR","80,000.00"
"CARLOCK STREET","TRES DE ABRIL-PADILLA","DULJO FATIMA","CEBU SOUTH","CEBU","RESIDENTIAL REGULAR","11,000.00"
"CLIMACO FELICIDAD","","DULJO FATIMA","CEBU SOUTH","CEBU","COMMERCIAL REGULAR","13,500.00"
"CLIMACO FELICIDAD","","DULJO FATIMA","CEBU SOUTH","CEBU","RESIDENTIAL REGULAR","11,000.00"
"FATIMA 1ST.STREET","","DULJO FATIMA","CEBU SOUTH","CEBU","COMMERCIAL REGULAR","13,500.00"
"FATIMA 1ST.STREET","","DULJO FATIMA","CEBU SOUTH","CEBU","RESIDENTIAL REGULAR","11,500.00"
"N. BACALSO AVE.(RIZAL AVE)","KINALUMSAN-TRES DE ABRIL","DULJO FATIMA","CEBU SOUTH","CEBU","COMMERCIAL REGULAR","23,500.00"
"N. BACALSO AVE.(RIZAL AVE)","KINALUMSAN-TRES DE ABRIL","DULJO FATIMA","CEBU SOUTH","CEBU","RESIDENTIAL REGULAR","20,000.00"
"R PADILLA ST/FATIMA","N BACALSO-C PADILLA","DULJO FATIMA","CEBU SOUTH","CEBU","COMMERCIAL REGULAR","13,500.00"
"R PADILLA ST/FATIMA","N BACALSO-C PADILLA","DULJO FATIMA","CEBU SOUTH","CEBU","RESIDENTIAL REGULAR","11,000.00"
"R PADILLA ST/FATIMA: INTERIOR","INTERIOR","DULJO FATIMA","CEBU SOUTH","CEBU","RESIDENTIAL REGULAR","10,000.00"
"RD TO SITIO ALASKA","","DULJO FATIMA","CEBU SOUTH","CEBU","RESIDENTIAL REGULAR","11,000.00"
"SANCHEZ,PAULINO R. STREET","","DULJO FATIMA","CEBU SOUTH","CEBU","COMMERCIAL REGULAR","13,500.00"
"SANCHEZ,PAULINO R. STREET","","DULJO FATIMA","CEBU SOUTH","CEBU","RESIDENTIAL REGULAR","11,000.00"
"SANCHEZ,PAULINO R. STREET","INTERIOR","DULJO FATIMA","CEBU SOUTH","CEBU","RESIDENTIAL REGULAR","80,000.00"
"SPOLARIUM ST","CARLOCK-C PADILLA","DULJO FATIMA","CEBU SOUTH","CEBU","RESIDENTIAL REGULAR","13,500.00"
"TRES DE ABRIL","COR. N. BACALSO AVE.NUE","DULJO FATIMA","CEBU SOUTH","CEBU","COMMERCIAL REGULAR","13,000.00"
"TRES DE ABRIL","","DULJO FATIMA","CEBU SOUTH","CEBU","COMMERCIAL REGULAR","95,000.00"
"TRES DE ABRIL","","DULJO FATIMA","CEBU SOUTH","CEBU","RESIDENTIAL REGULAR","16,500.00"
"TRES DE ABRIL","INTERIOR","DULJO FATIMA","CEBU SOUTH","CEBU","RESIDENTIAL REGULAR","11,000.00"
"ALL OTHER STREETS","","DULJO FATIMA","CEBU SOUTH","CEBU","COMMERCIAL REGULAR","16,000.00"
"ALL OTHER STREETS","","DULJO FATIMA","CEBU SOUTH","CEBU","RESIDENTIAL REGULAR","10,000.00"
"ALL OTHER STREETS","INTERIOR","DULJO FATIMA","CEBU SOUTH","CEBU","RESIDENTIAL REGULAR","8,000.00"
"CONDOMINIUM - HIGH END","","DULJO FATIMA","CEBU SOUTH","CEBU","COMMERCIAL CONDOMINIUM","95,000.00"
"CONDOMINIUM - HIGH END","","DULJO FATIMA","CEBU SOUTH","CEBU","RESIDENTIAL CONDOMINIUM","75,000.00"
"CONDOMINIUM - HIGH END","","DULJO FATIMA","CEBU SOUTH","CEBU","PARKING SLOT","45,000.00"
"CONDOMINIUM - LOW COST","","DULJO FATIMA","CEBU SOUTH","CEBU","RESIDENTIAL CONDOMINIUM","40,000.00"
"DON ESCAÑO, MAMERTO STREET","","ERMITA","CEBU SOUTH","CEBU","COMMERCIAL REGULAR","35,000.00"
"EL FILIBUSTERISMO ST","MAGALLANES-PLARIDEL","ERMITA","CEBU SOUTH","CEBU","COMMERCIAL REGULAR","29,000.00"
"ERMITA BEACH RD","KAWIT-SIR PROJ (SITIO KAWIT)","ERMITA","CEBU SOUTH","CEBU","RESIDENTIAL REGULAR","19,500.00"
"ERMITA BEACH RD","ERMITA PROPER - SIR PROJECT (SITIO ERMITA)","ERMITA","CEBU SOUTH","CEBU","COMMERCIAL REGULAR","25,000.00"
"F CALDERON ST","MAGALLANES-PROGRESSO","ERMITA","CEBU SOUTH","CEBU","COMMERCIAL REGULAR","32,500.00"
"F CALDERON ST","MAGALLANES-QUEZON BLVD.","ERMITA","CEBU SOUTH","CEBU","COMMERCIAL REGULAR","32,500.00"
"F GONZALES ST","MAGALLANES - WHARF","ERMITA","CEBU SOUTH","CEBU","COMMERCIAL REGULAR","36,500.00"
"KAWIT ST","N ME TANGERE- M ESCANO","ERMITA","CEBU SOUTH","CEBU","INDUSTRIAL","44,000.00"
"KAWIT ST","N ME TANGERE- M ESCANO","ERMITA","CEBU SOUTH","CEBU","COMMERCIAL REGULAR","30,000.00"
"LEON KILAT ST","MAGALLANES-QUEZON BLVD","ERMITA","CEBU SOUTH","CEBU","COMMERCIAL REGULAR","31,000.00"
"LINCOLN ST","CALDERON-PLARIDEL","ERMITA","CEBU SOUTH","CEBU","COMMERCIAL REGULAR","35,000.00"
"LINCOLN ST","CALDERON-F GONZALES","ERMITA","CEBU SOUTH","CEBU","COMMERCIAL REGULAR","35,000.00"
"M.C. BRIONES ST","M ESCANO-F GONZALES","ERMITA","CEBU SOUTH","CEBU","COMMERCIAL REGULAR","36,900.00"
"MAGALLANES ST","FORBES-M ESCANO","ERMITA","CEBU SOUTH","CEBU","COMMERCIAL REGULAR","43,500.00"
"MAGALLANES ST","GUADALUPE RIVER-M ESCANO","ERMITA","CEBU SOUTH","CEBU","COMMERCIAL REGULAR","44,000.00"
"MAGALLANES ST","M ESCANO-PLARIDEL","ERMITA","CEBU SOUTH","CEBU","COMMERCIAL REGULAR","40,000.00"
"MAGALLANES ST","LEON KILAT-MANALILI ST","ERMITA","CEBU SOUTH","CEBU","COMMERCIAL REGULAR","40,500.00"
"MANALILI ST.","MAGALLANES-PROGRESO","ERMITA","CEBU SOUTH","CEBU","COMMERCIAL REGULAR","35,000.00"
"NOLI ME TANGERE ST","MAGALLANES-KAWIT","ERMITA","CEBU SOUTH","CEBU","COMMERCIAL REGULAR","26,900.00"
"PLARIDEL ST","MAGALLANES-PROGRESSO","ERMITA","CEBU SOUTH","CEBU","COMMERCIAL REGULAR","35,000.00"
"PROGRESO ST","CALDERON-PLARIDEL","ERMITA","CEBU SOUTH","CEBU","COMMERCIAL REGULAR","29,500.00"
"QUEZON BLVD","M ESCANO-F GONZALES","ERMITA","CEBU SOUTH","CEBU","COMMERCIAL REGULAR","29,900.00"
"QUEZON BLVD","M ESCANO-PLARIDEL EXT. (SITIO BATO)","ERMITA","CEBU SOUTH","CEBU","RESIDENTIAL REGULAR","20,000.00"
"VECO INDUSTRIAL COMPOUND","","ERMITA","CEBU SOUTH","CEBU","INDUSTRIAL","15,000.00"
"ALL OTHER STREETS","","ERMITA","CEBU SOUTH","CEBU","RESIDENTIAL REGULAR","95,000.00"
"ALL OTHER STREETS","","ERMITA","CEBU SOUTH","CEBU","COMMERCIAL REGULAR","25,000.00"
"ALL OTHER STREETS","","ERMITA","CEBU SOUTH","CEBU","RESIDENTIAL REGULAR","19,500.00"
"ALL OTHER STREETS","","ERMITA","CEBU SOUTH","CEBU","INDUSTRIAL","15,000.00"
"ALL OTHER STREETS","INTERIOR","ERMITA","CEBU SOUTH","CEBU","RESIDENTIAL REGULAR","14,000.00"
"CONDOMINIUM - HIGH END","","ERMITA","CEBU SOUTH","CEBU","COMMERCIAL CONDOMINIUM","95,000.00"
"CONDOMINIUM - HIGH END","","ERMITA","CEBU SOUTH","CEBU","RESIDENTIAL CONDOMINIUM","75,000.00"
"CONDOMINIUM - HIGH END","","ERMITA","CEBU SOUTH","CEBU","PARKING SLOT","45,000.00"
"CONDOMINIUM - LOW COST","","ERMITA","CEBU SOUTH","CEBU","RESIDENTIAL CONDOMINIUM","40,000.00"
"ANDRES ABELLANA ST.","BACAYO-M. VELEZ ST.","GUADALUPE","CEBU SOUTH","CEBU","RESIDENTIAL REGULAR","20,000.00"
"B. RODRIGUEZ ST.","V. RAMA BRIDGE","GUADALUPE","CEBU SOUTH","CEBU","COMMERCIAL REGULAR","32,500.00"
"B. RODRIGUEZ ST.","V. RAMA BRIDGE","GUADALUPE","CEBU SOUTH","CEBU","RESIDENTIAL REGULAR","25,000.00"
"BRIONES, CONCEPCION G. STREET","","GUADALUPE","CEBU SOUTH","CEBU","RESIDENTIAL REGULAR","12,000.00"
"CABAJAR ST","R ALAURA-V RAMA AVE","GUADALUPE","CEBU SOUTH","CEBU","RESIDENTIAL REGULAR","17,600.00"
"CABALLES STREET","","GUADALUPE","CEBU SOUTH","CEBU","RESIDENTIAL REGULAR","18,000.00"
"CHRISTINE OPORTO STREET","","GUADALUPE","CEBU SOUTH","CEBU","RESIDENTIAL REGULAR","12,000.00"
"CLEVELAND STREET","","GUADALUPE","CEBU SOUTH","CEBU","RESIDENTIAL REGULAR","18,000.00"
"DATAN, PLACIDO STREET","","GUADALUPE","CEBU SOUTH","CEBU","COMMERCIAL REGULAR","22,500.00"
"DATAN, PLACIDO STREET","","GUADALUPE","CEBU SOUTH","CEBU","RESIDENTIAL REGULAR","18,000.00"
"EMILIO OSMENA ST","","GUADALUPE","CEBU SOUTH","CEBU","COMMERCIAL REGULAR","22,000.00"
"EMILIO OSMENA ST","","GUADALUPE","CEBU SOUTH","CEBU","RESIDENTIAL REGULAR","17,500.00"
"FILETEO, CESAR STREET","","GUADALUPE","CEBU SOUTH","CEBU","RESIDENTIAL REGULAR","13,000.00"
"GAUDALUPE OPRRA ROAD","","GUADALUPE","CEBU SOUTH","CEBU","RESIDENTIAL REGULAR","12,000.00"
"GOODSHEPHERD ROAD","","GUADALUPE","CEBU SOUTH","CEBU","RESIDENTIAL REGULAR","12,000.00"
"GUADALUPE ROTUNDA","","GUADALUPE","CEBU SOUTH","CEBU","COMMERCIAL REGULAR","22,000.00"
"HAPPY VALLEY ROAD","","GUADALUPE","CEBU SOUTH","CEBU","COMMERCIAL REGULAR","22,500.00"
"HAPPY VALLEY ROAD","","GUADALUPE","CEBU SOUTH","CEBU","RESIDENTIAL REGULAR","20,000.00"
"HORSE SHOE DRIVE","","GUADALUPE","CEBU SOUTH","CEBU","RESIDENTIAL REGULAR","20,000.00"
"J FORTICH ST.","","GUADALUPE","CEBU SOUTH","CEBU","COMMERCIAL REGULAR","20,000.00"
"J FORTICH ST.","M VELEZ ST","GUADALUPE","CEBU SOUTH","CEBU","RESIDENTIAL REGULAR","20,000.00"
"JULIO DIAZ ST.","","GUADALUPE","CEBU SOUTH","CEBU","RESIDENTIAL REGULAR","20,000.00"
"KAMUNGGAYAN (V.RAMA)","","GUADALUPE","CEBU SOUTH","CEBU","COMMERCIAL REGULAR","22,500.00"
"KAMUNGGAYAN (V.RAMA)","QUIJADA ST.","GUADALUPE","CEBU SOUTH","CEBU","RESIDENTIAL REGULAR","20,000.00"
"L BACAYO ST","","GUADALUPE","CEBU SOUTH","CEBU","COMMERCIAL REGULAR","16,000.00"
"L. BACAYO ST.","","GUADALUPE","CEBU SOUTH","CEBU","RESIDENTIAL REGULAR","30,000.00"
"L. BACAYO ST.","","GUADALUPE","CEBU SOUTH","CEBU","RESIDENTIAL REGULAR","15,000.00"
"LABOS,ESCOLASTICO STREET","","GUADALUPE","CEBU SOUTH","CEBU","RESIDENTIAL REGULAR","15,000.00"
"LOMBOY STREET","","GUADALUPE","CEBU SOUTH","CEBU","RESIDENTIAL REGULAR","15,000.00"
"M VELEZ ST","","GUADALUPE","CEBU SOUTH","CEBU","COMMERCIAL REGULAR","30,000.00"
"M VELEZ ST","LABANGON-GD SHEPHERD","GUADALUPE","CEBU SOUTH","CEBU","RESIDENTIAL REGULAR","20,000.00"
"M VELEZ ST","GOOD SHEPHERD-V RAMA","GUADALUPE","CEBU SOUTH","CEBU","RESIDENTIAL REGULAR","15,500.00"
"M VELEZ ST","V RAMA-BRIDGE","GUADALUPE","CEBU SOUTH","CEBU","COMMERCIAL REGULAR","30,000.00"
"PIARIST FATHER ROAD","INTERIOR","GUADALUPE","CEBU SOUTH","CEBU","RESIDENTIAL REGULAR","8,000.00"
"POSADAS","CORNER V. RAMA AVE.","GUADALUPE","CEBU SOUTH","CEBU","RESIDENTIAL REGULAR","20,000.00"
"POSADAS","ST.MICHAEL DRIVE","GUADALUPE","CEBU SOUTH","CEBU","RESIDENTIAL REGULAR","22,500.00"
"PRINCE ROAD","","GUADALUPE","CEBU SOUTH","CEBU","RESIDENTIAL REGULAR","19,000.00"
"QUARTER STREET","","GUADALUPE","CEBU SOUTH","CEBU","RESIDENTIAL REGULAR","18,000.00"
"R DUTERTE ST","","GUADALUPE","CEBU SOUTH","CEBU","COMMERCIAL REGULAR","22,500.00"
"R DUTERTE ST","FORTICH STREET","GUADALUPE","CEBU SOUTH","CEBU","RESIDENTIAL REGULAR","20,000.00"
"RED SHOE DRIVE","","GUADALUPE","CEBU SOUTH","CEBU","RESIDENTIAL REGULAR","18,000.00"
"REP.RAFOLS,NICOLAS STREET","","GUADALUPE","CEBU SOUTH","CEBU","RESIDENTIAL REGULAR","19,000.00"
"ROAD TO GOOD SHEPHERD","","GUADALUPE","CEBU SOUTH","CEBU","COMMERCIAL REGULAR","30,000.00"
"ROAD TO GOOD SHEPHERD","","GUADALUPE","CEBU SOUTH","CEBU","RESIDENTIAL REGULAR","14,500.00"
"ROAD TO NAPO","BOUNDARY CHURCH","GUADALUPE","CEBU SOUTH","CEBU","RESIDENTIAL REGULAR","15,000.00"
"SANDAYONG","VENECO  TO MOHON BRIDGE H. LABRA","GUADALUPE","CEBU SOUTH","CEBU","RESIDENTIAL REGULAR","12,500.00"
"SHETLAND STREET","","GUADALUPE","CEBU SOUTH","CEBU","RESIDENTIAL REGULAR","18,000.00"
"SINGSON,JUAN STREET","","GUADALUPE","CEBU SOUTH","CEBU","RESIDENTIAL REGULAR","13,000.00"
"SITIO BANAWA RIVERSIDE ROAD","","GUADALUPE","CEBU SOUTH","CEBU","RESIDENTIAL REGULAR","12,000.00"
"SITIO KAIMITO ROAD","","GUADALUPE","CEBU SOUTH","CEBU","RESIDENTIAL REGULAR","12,000.00"
"SITIO UPPER PANGPANG ROAD","","GUADALUPE","CEBU SOUTH","CEBU","RESIDENTIAL REGULAR","12,000.00"
"SOUTH ALAURA ROAD","","GUADALUPE","CEBU SOUTH","CEBU","RESIDENTIAL REGULAR","19,000.00"
"SUSCO PROPER","","GUADALUPE","CEBU SOUTH","CEBU","RESIDENTIAL REGULAR","15,000.00"
"V RAMA AVE","","GUADALUPE","CEBU SOUTH","CEBU","COMMERCIAL REGULAR","30,000.00"
"V RAMA AVE","GUADALUPE RTDA - RODRIGUEZ","GUADALUPE","CEBU SOUTH","CEBU","RESIDENTIAL REGULAR","25,000.00"
"VELOSO ST.","","GUADALUPE","CEBU SOUTH","CEBU","RESIDENTIAL REGULAR","20,000.00"
"VISAYAN GLASS CMPD","","GUADALUPE","CEBU SOUTH","CEBU","INDUSTRIAL","15,000.00"
"ALONG TANCHAN FOUNDATION","","GUADALUPE","CEBU SOUTH","CEBU","RESIDENTIAL REGULAR","15,000.00"
"ALL OTHER STREETS","","GUADALUPE","CEBU SOUTH","CEBU","COMMERCIAL REGULAR","16,000.00"
"ALL OTHER STREETS","","GUADALUPE","CEBU SOUTH","CEBU","RESIDENTIAL REGULAR","25,000.00"
"ALL OTHER STREETS","","GUADALUPE","CEBU SOUTH","CEBU","RESIDENTIAL REGULAR","12,000.00"
"ALL OTHER STREETS","INTERIOR","GUADALUPE","CEBU SOUTH","CEBU","RESIDENTIAL REGULAR","8,000.00"
"ALL OTHER STREETS","","GUADALUPE","CEBU SOUTH","CEBU","INDUSTRIAL","15,000.00"
"BETHANY SUBDIVISION","","GUADALUPE","CEBU SOUTH","CEBU","RESIDENTIAL REGULAR","19,000.00"
"BORROMEO ESTATE SUBDIVISION","","GUADALUPE","CEBU SOUTH","CEBU","RESIDENTIAL REGULAR","19,000.00"
"BUENA HILLS SUBD","","GUADALUPE","CEBU SOUTH","CEBU","RESIDENTIAL REGULAR","20,000.00"
"CEBU PAYRAMID SUBD","","GUADALUPE","CEBU SOUTH","CEBU","RESIDENTIAL REGULAR","19,800.00"
"DON JOSE VILLAGE","","GUADALUPE","CEBU SOUTH","CEBU","RESIDENTIAL REGULAR","19,800.00"
"DONA CRISTINA VILLAGE","","GUADALUPE","CEBU SOUTH","CEBU","RESIDENTIAL REGULAR","18,000.00"
"DREAMHOMES GUADALAJARA","","GUADALUPE","CEBU SOUTH","CEBU","RESIDENTIAL REGULAR","15,000.00"
"EAGLE RIDGE SUBD","","GUADALUPE","CEBU SOUTH","CEBU","RESIDENTIAL REGULAR","20,000.00"
"ESPERANZA VILLAGE","","GUADALUPE","CEBU SOUTH","CEBU","RESIDENTIAL REGULAR","22,000.00"
"ESPINA VILLAGE","","GUADALUPE","CEBU SOUTH","CEBU","RESIDENTIAL REGULAR","25,000.00"
"FAIRLANE VILLAGE","","GUADALUPE","CEBU SOUTH","CEBU","RESIDENTIAL REGULAR","22,000.00"
"FATIMA HILLS","","GUADALUPE","CEBU SOUTH","CEBU","RESIDENTIAL REGULAR","22,000.00"
"FLOWER VILLE","","GUADALUPE","CEBU SOUTH","CEBU","RESIDENTIAL REGULAR","25,000.00"
"FOREST HILLS","","GUADALUPE","CEBU SOUTH","CEBU","RESIDENTIAL REGULAR","25,000.00"
"FRANCIS MERCH. SUBDIVISION","","GUADALUPE","CEBU SOUTH","CEBU","RESIDENTIAL REGULAR","15,000.00"
"FRANCISCA VILLAGE","","GUADALUPE","CEBU SOUTH","CEBU","RESIDENTIAL REGULAR","22,000.00"
"GAISANO SUBD","","GUADALUPE","CEBU SOUTH","CEBU","RESIDENTIAL REGULAR","22,000.00"
"GARDENVILLE","","GUADALUPE","CEBU SOUTH","CEBU","RESIDENTIAL REGULAR","20,000.00"
"GOCHAN SUBD","","GUADALUPE","CEBU SOUTH","CEBU","RESIDENTIAL REGULAR","21,000.00"
"GOLDENVILLE","","GUADALUPE","CEBU SOUTH","CEBU","RESIDENTIAL REGULAR","15,000.00"
"GREEN VILLAGE SUBDIVISION ROAD","","GUADALUPE","CEBU SOUTH","CEBU","RESIDENTIAL REGULAR","15,000.00"
"GUADALAJARA SUBD","","GUADALUPE","CEBU SOUTH","CEBU","RESIDENTIAL REGULAR","21,500.00"
"GUADALUPE GRAND VILLAS SUBD","","GUADALUPE","CEBU SOUTH","CEBU","RESIDENTIAL REGULAR","22,000.00"
"GUADALUPE HEIGHTS","","GUADALUPE","CEBU SOUTH","CEBU","RESIDENTIAL REGULAR","21,500.00"
"HAPPY VALLEY SUBD.","","GUADALUPE","CEBU SOUTH","CEBU","RESIDENTIAL REGULAR","24,000.00"
"JOSEFA COUNTRY HOMES","","GUADALUPE","CEBU SOUTH","CEBU","RESIDENTIAL REGULAR","20,000.00"
"KENTWOOD HOMES","","GUADALUPE","CEBU SOUTH","CEBU","RESIDENTIAL REGULAR","20,000.00"
"KENTWOOD SUBDIVISION","","GUADALUPE","CEBU SOUTH","CEBU","RESIDENTIAL REGULAR","20,000.00"
"LA HACIENDA VILLAGE","","GUADALUPE","CEBU SOUTH","CEBU","RESIDENTIAL REGULAR","18,000.00"
"LIMKAKENG SUBDIVISION","","GUADALUPE","CEBU SOUTH","CEBU","RESIDENTIAL REGULAR","25,000.00"
"LIMKAKENG SUBDIVISION","","GUADALUPE","CEBU SOUTH","CEBU","RESIDENTIAL REGULAR","15,000.00"
"LOURDES VILLAGE","","GUADALUPE","CEBU SOUTH","CEBU","RESIDENTIAL REGULAR","20,000.00"
"MA. LUISA SOUTH","","GUADALUPE","CEBU SOUTH","CEBU","RESIDENTIAL REGULAR","25,000.00"
"MA.THERESA I","","GUADALUPE","CEBU SOUTH","CEBU","RESIDENTIAL REGULAR","25,000.00"
"MA.THERESA II","","GUADALUPE","CEBU SOUTH","CEBU","RESIDENTIAL REGULAR","20,000.00"
"MLD SUBD.","","GUADALUPE","CEBU SOUTH","CEBU","RESIDENTIAL REGULAR","20,000.00"
"MONTERRAZAS SUBD.","","GUADALUPE","CEBU SOUTH","CEBU","RESIDENTIAL REGULAR","25,000.00"
"NICHOLS HEIGHTS","","GUADALUPE","CEBU SOUTH","CEBU","RESIDENTIAL REGULAR","24,000.00"
"NICHOLS PARK SUBDIVISION","","GUADALUPE","CEBU SOUTH","CEBU","RESIDENTIAL REGULAR","24,000.00"
"ONE LUXURY RES.","","GUADALUPE","CEBU SOUTH","CEBU","RESIDENTIAL REGULAR","25,000.00"
"PANORAMA","","GUADALUPE","CEBU SOUTH","CEBU","RESIDENTIAL REGULAR","19,000.00"
"PASADENA SUBDIVISION","","GUADALUPE","CEBU SOUTH","CEBU","RESIDENTIAL REGULAR","24,000.00"
"PASEO SAN RAMON","","GUADALUPE","CEBU SOUTH","CEBU","RESIDENTIAL REGULAR","24,000.00"
"QUEENSVILLE SUBD","","GUADALUPE","CEBU SOUTH","CEBU","RESIDENTIAL REGULAR","25,000.00"
"QUIJADACOMPOUND","","GUADALUPE","CEBU SOUTH","CEBU","RESIDENTIAL REGULAR","19,900.00"
"QUIJANO SUBDIVISION","","GUADALUPE","CEBU SOUTH","CEBU","RESIDENTIAL REGULAR","15,000.00"
"SAN LORENZO HEIGHTS","","GUADALUPE","CEBU SOUTH","CEBU","RESIDENTIAL REGULAR","25,000.00"
"SAN LORENZO HEIGHTS","","GUADALUPE","CEBU SOUTH","CEBU","RESIDENTIAL REGULAR","19,500.00"
"SINGSON SUBD","","GUADALUPE","CEBU SOUTH","CEBU","RESIDENTIAL REGULAR","20,000.00"
"SOUTH PLAINS HOMES","","GUADALUPE","CEBU SOUTH","CEBU","RESIDENTIAL REGULAR","13,000.00"
"ST. ANNE'S LANE","","GUADALUPE","CEBU SOUTH","CEBU","RESIDENTIAL REGULAR","25,000.00"
"SUNDANCE ROAD","M VELEZ ST","GUADALUPE","CEBU SOUTH","CEBU","COMMERCIAL REGULAR","25,000.00"
"SUNDANCE","","GUADALUPE","CEBU SOUTH","CEBU","RESIDENTIAL REGULAR","20,000.00"
"SUNFLOWER VILLE SUBDIVISION","","GUADALUPE","CEBU SOUTH","CEBU","RESIDENTIAL REGULAR","15,000.00"
"VALLEY VIEW VILLAGE","","GUADALUPE","CEBU SOUTH","CEBU","RESIDENTIAL REGULAR","15,000.00"
"VILLA SAN LORENZO","","GUADALUPE","CEBU SOUTH","CEBU","RESIDENTIAL REGULAR","19,500.00"
"VILLAGE PARK EXECUTIVE","","GUADALUPE","CEBU SOUTH","CEBU","RESIDENTIAL REGULAR","19,000.00"
"WHITE HILLS SUBD.","","GUADALUPE","CEBU SOUTH","CEBU","RESIDENTIAL REGULAR","20,000.00"
"WINDY HILLS","","GUADALUPE","CEBU SOUTH","CEBU","RESIDENTIAL REGULAR","19,900.00"
"WOODLAND HEIGHTS SUBDIVISION","","GUADALUPE","CEBU SOUTH","CEBU","RESIDENTIAL REGULAR","18,000.00"
"ALL OTHER EXISITING SUBDIVISIONSI","","GUADALUPE","CEBU SOUTH","CEBU","RESIDENTIAL REGULAR","15,000.00"
"NEW SUBDIVISION","FIRST CLASS","GUADALUPE","CEBU SOUTH","CEBU","RESIDENTIAL REGULAR","25,000.00"
"NEW SUBDIVISION","LOW COST","GUADALUPE","CEBU SOUTH","CEBU","RESIDENTIAL REGULAR","7,000.00"
"APPLEONE BANAWA HEIGHTS","","GUADALUPE","CEBU SOUTH","CEBU","RESIDENTIAL CONDOMINIUM","100,000.00"
"APPLEONE BANAWA HEIGHTS","","GUADALUPE","CEBU SOUTH","CEBU","COMMERCIAL CONDOMINIUM","80,000.00"
"APPLEONE BANAWA HEIGHTS","","GUADALUPE","CEBU SOUTH","CEBU","RESIDENTIAL CONDOMINIUM","78,000.00"
"APPLEONE BANAWA HEIGHTS","","GUADALUPE","CEBU SOUTH","CEBU","PARKING SLOT","20,000.00"
"BUENAVENTURA CONDO","","GUADALUPE","CEBU SOUTH","CEBU","COMMERCIAL CONDOMINIUM","81,000.00"
"BUENAVENTURA CONDO","","GUADALUPE","CEBU SOUTH","CEBU","RESIDENTIAL CONDOMINIUM","72,500.00"
"BUENAVENTURA CONDO","","GUADALUPE","CEBU SOUTH","CEBU","PARKING SLOT","44,000.00"
"NORTH SINGSON FLATS (CONDO)","","GUADALUPE","CEBU SOUTH","CEBU","COMMERCIAL CONDOMINIUM","77,000.00"
"NORTH SINGSON FLATS (CONDO)","","GUADALUPE","CEBU SOUTH","CEBU","RESIDENTIAL CONDOMINIUM","67,000.00"
"NORTH SINGSON FLATS (CONDO)","","GUADALUPE","CEBU SOUTH","CEBU","PARKING SLOT","20,000.00"
"ONE PAVILLON","","GUADALUPE","CEBU SOUTH","CEBU","COMMERCIAL CONDOMINIUM","80,000.00"
"ONE PAVILLON","","GUADALUPE","CEBU SOUTH","CEBU","RESIDENTIAL CONDOMINIUM","78,000.00"
"ONE PAVILLON","","GUADALUPE","CEBU SOUTH","CEBU","PARKING SLOT","20,000.00"
"SUNDANCE RESIDENCES","","GUADALUPE","CEBU SOUTH","CEBU","COMMERCIAL CONDOMINIUM","100,000.00"
"SUNDANCE RESIDENCES","","GUADALUPE","CEBU SOUTH","CEBU","RESIDENTIAL CONDOMINIUM","90,000.00"
"SUNDANCE RESIDENCES","","GUADALUPE","CEBU SOUTH","CEBU","PARKING SLOT","50,000.00"
"THE COURTYARD CONDO","","GUADALUPE","CEBU SOUTH","CEBU","RESIDENTIAL CONDOMINIUM","67,500.00"
"THE COURTYARD CONDO","","GUADALUPE","CEBU SOUTH","CEBU","RESIDENTIAL REGULAR","95,000.00"
"THE COURTYARD CONDO","","GUADALUPE","CEBU SOUTH","CEBU","PARKING SLOT","20,000.00"
"TUSCANIA TOWNHOMES & CONDO","","GUADALUPE","CEBU SOUTH","CEBU","COMMERCIAL CONDOMINIUM","77,700.00"
"TUSCANIA TOWNHOMES & CONDO","","GUADALUPE","CEBU SOUTH","CEBU","RESIDENTIAL CONDOMINIUM","72,000.00"
"TUSCANIA TOWNHOMES & CONDO","","GUADALUPE","CEBU SOUTH","CEBU","PARKING SLOT","20,000.00"
"WOODCREST CONDO","","GUADALUPE","CEBU SOUTH","CEBU","COMMERCIAL CONDOMINIUM","75,000.00"
"WOODCREST CONDO","","GUADALUPE","CEBU SOUTH","CEBU","RESIDENTIAL CONDOMINIUM","61,000.00"
"WOODCREST CONDO","","GUADALUPE","CEBU SOUTH","CEBU","PARKING SLOT","20,000.00"
"CONDOMINIUM - HIGH END","","GUADALUPE","CEBU SOUTH","CEBU","COMMERCIAL CONDOMINIUM","95,000.00"
"CONDOMINIUM - HIGH END","","GUADALUPE","CEBU SOUTH","CEBU","RESIDENTIAL CONDOMINIUM","75,000.00"
"CONDOMINIUM - HIGH END","","GUADALUPE","CEBU SOUTH","CEBU","PARKING SLOT","20,000.00"
"CONDOMINIUM -LOW COST","","GUADALUPE","CEBU SOUTH","CEBU","RESIDENTIAL REGULAR","40,000.00"
"ALL OTHER EXISTING CONDO","","GUADALUPE","CEBU SOUTH","CEBU","COMMERCIAL CONDOMINIUM","70,000.00"
"ALL OTHER EXISTING CONDO","","GUADALUPE","CEBU SOUTH","CEBU","RESIDENTIAL CONDOMINIUM","60,000.00"
"ALL OTHER EXISTING CONDO","","GUADALUPE","CEBU SOUTH","CEBU","PARKING SLOT","20,000.00"
"A GABUYA","F JACA-N BACALSO EXT","INAYAWAN PARDO","CEBU SOUTH","CEBU","COMMERCIAL REGULAR","17,000.00"
"A GABUYA","F JACA-N BACALSO EXT","INAYAWAN PARDO","CEBU SOUTH","CEBU","RESIDENTIAL REGULAR","15,000.00"
"A. SABELLANO ROAD","","INAYAWAN PARDO","CEBU SOUTH","CEBU","RESIDENTIAL REGULAR","18,000.00"
"A. SABELLANO ROAD","","INAYAWAN PARDO","CEBU SOUTH","CEBU","COMMERCIAL REGULAR","17,000.00"
"A. SABELLANO ROAD","","INAYAWAN PARDO","CEBU SOUTH","CEBU","RESIDENTIAL REGULAR","15,000.00"
"F JACA ST","BACALSO AVE-DUMPING SITE","INAYAWAN PARDO","CEBU SOUTH","CEBU","RESIDENTIAL REGULAR","15,000.00"
"F JACA ST","GABUYA-N. BACALSO AVE.","INAYAWAN PARDO","CEBU SOUTH","CEBU","RESIDENTIAL REGULAR","10,000.00"
"L. GABUYA STREET","","INAYAWAN PARDO","CEBU SOUTH","CEBU","RESIDENTIAL REGULAR","15,000.00"
"LOURDES DRIVE","","INAYAWAN PARDO","CEBU SOUTH","CEBU","RESIDENTIAL REGULAR","15,000.00"
"N. BACALSO AVE. EXT","A GABUYA-F JACA","INAYAWAN PARDO","CEBU SOUTH","CEBU","COMMERCIAL REGULAR","18,000.00"
"N. BACALSO AVE. EXT","A GABUYA-F JACA","INAYAWAN PARDO","CEBU SOUTH","CEBU","RESIDENTIAL REGULAR","15,000.00"
"OCAMPO DRIVE ROAD","","INAYAWAN PARDO","CEBU SOUTH","CEBU","RESIDENTIAL REGULAR","15,000.00"
"ROAD TO DUMPING SITE","SEASHORE","INAYAWAN PARDO","CEBU SOUTH","CEBU","RESIDENTIAL REGULAR","10,000.00"
"ROAD TO GREEN FIELD","","INAYAWAN PARDO","CEBU SOUTH","CEBU","RESIDENTIAL REGULAR","10,000.00"
"ROAD TO GREEN FIELD SUBDIVISION","","INAYAWAN PARDO","CEBU SOUTH","CEBU","RESIDENTIAL REGULAR","10,000.00"
"ROAD TO SAINT JUDE ACRES","","INAYAWAN PARDO","CEBU SOUTH","CEBU","RESIDENTIAL REGULAR","10,000.00"
"ROAD TO ST JUDE ACRES","","INAYAWAN PARDO","CEBU SOUTH","CEBU","RESIDENTIAL REGULAR","10,000.00"
"SAN ROQUE ROAD","","INAYAWAN PARDO","CEBU SOUTH","CEBU","RESIDENTIAL REGULAR","15,000.00"
"SITIO LOMBOY ROAD","","INAYAWAN PARDO","CEBU SOUTH","CEBU","RESIDENTIAL REGULAR","10,000.00"
"VILLA INSI PUTIN ROAD","","INAYAWAN PARDO","CEBU SOUTH","CEBU","RESIDENTIAL REGULAR","15,000.00"
"VILLA INSI PUTIN ROAD","","INAYAWAN PARDO","CEBU SOUTH","CEBU","RESIDENTIAL REGULAR","10,000.00"
"WHITE ROAD","","INAYAWAN PARDO","CEBU SOUTH","CEBU","RESIDENTIAL REGULAR","10,000.00"
"ALL OTHER STREETS","","INAYAWAN PARDO","CEBU SOUTH","CEBU","COMMERCIAL REGULAR","15,000.00"
"ALL OTHER STREETS","","INAYAWAN PARDO","CEBU SOUTH","CEBU","RESIDENTIAL REGULAR","10,000.00"
"ALL OTHER STREETS","INTERIOR","INAYAWAN PARDO","CEBU SOUTH","CEBU","RESIDENTIAL REGULAR","7,000.00"
"ABARQUEZ SUBD","TALISAY BOUNDARY","INAYAWAN PARDO","CEBU SOUTH","CEBU","RESIDENTIAL REGULAR","15,000.00"
"DONA ROSA VILLAGE","","INAYAWAN PARDO","CEBU SOUTH","CEBU","RESIDENTIAL REGULAR","15,000.00"
"INAYAWAN VILLAGE","","INAYAWAN PARDO","CEBU SOUTH","CEBU","RESIDENTIAL REGULAR","15,000.00"
"SAN AGUSTIN VILLAGE","","INAYAWAN PARDO","CEBU SOUTH","CEBU","RESIDENTIAL REGULAR","15,000.00"
"SKYVIEW VILLAGE","","INAYAWAN PARDO","CEBU SOUTH","CEBU","RESIDENTIAL REGULAR","15,000.00"
"SUNRISE VILLAGE","","INAYAWAN PARDO","CEBU SOUTH","CEBU","RESIDENTIAL REGULAR","15,000.00"
"SUNSHINE VILLAGE","","INAYAWAN PARDO","CEBU SOUTH","CEBU","RESIDENTIAL REGULAR","15,000.00"
"VIP VILLAGE","","INAYAWAN PARDO","CEBU SOUTH","CEBU","RESIDENTIAL REGULAR","15,000.00"
"ALL OTHER EXISITING SUBDIVISIONS","","INAYAWAN PARDO","CEBU SOUTH","CEBU","RESIDENTIAL REGULAR","12,500.00"
"NEW SUBDIVISION","FIRST CLASS","INAYAWAN PARDO","CEBU SOUTH","CEBU","RESIDENTIAL REGULAR","15,000.00"
"NEW SUBDIVISION","LOW COST","INAYAWAN PARDO","CEBU SOUTH","CEBU","RESIDENTIAL REGULAR","7,000.00"
"CONDOMINIUM - HIGH END","","INAYAWAN PARDO","CEBU SOUTH","CEBU","COMMERCIAL REGULAR","95,000.00"
"CONDOMINIUM - HIGH END","","INAYAWAN PARDO","CEBU SOUTH","CEBU","COMMERCIAL CONDOMINIUM","95,000.00"
"CONDOMINIUM - HIGH END","","INAYAWAN PARDO","CEBU SOUTH","CEBU","RESIDENTIAL CONDOMINIUM","75,000.00"
"CONDOMINIUM - HIGH END","","INAYAWAN PARDO","CEBU SOUTH","CEBU","PARKING SLOT","45,000.00"
"CONDOMINIUM - LOW COST","","INAYAWAN PARDO","CEBU SOUTH","CEBU","RESIDENTIAL CONDOMINIUM","40,000.00"
"BALINTAWAK ST","P LOPEZ ST. - V GULLAS ST.","KALUBIHAN","CEBU SOUTH","CEBU","COMMERCIAL REGULAR","37,400.00"
"COLON ST","M ESCANO ST. - PRES OSMENA","KALUBIHAN","CEBU SOUTH","CEBU","COMMERCIAL REGULAR","80,600.00"
"JUEZ BORROMEO ST","COLON ST. - P. LOPEZ ST","KALUBIHAN","CEBU SOUTH","CEBU","COMMERCIAL REGULAR","54,300.00"
"JUEZ BORROMEO ST","COLON ST. - P. LOPEZ ST","KALUBIHAN","CEBU SOUTH","CEBU","RESIDENTIAL REGULAR","39,500.00"
"LEON KILAT ST.","P. DEL ROSARIO-COLON ST","KALUBIHAN","CEBU SOUTH","CEBU","COMMERCIAL REGULAR","53,100.00"
"LEON KILAT ST.","P. DEL ROSARIO-COLON ST","KALUBIHAN","CEBU SOUTH","CEBU","RESIDENTIAL REGULAR","44,000.00"
"LEON KILAT ST.","COLON ST-MAGALLANES ST","KALUBIHAN","CEBU SOUTH","CEBU","COMMERCIAL REGULAR","51,000.00"
"MAGALLANES ST","M. ESCANO ST-P. LOPEZ ST","KALUBIHAN","CEBU SOUTH","CEBU","COMMERCIAL REGULAR","53,700.00"
"MANALILI ST.","OSMENA ST.-MAGALLANES ST.","KALUBIHAN","CEBU SOUTH","CEBU","COMMERCIAL REGULAR","48,800.00"
"P DEL ROSARIO ST","M. ESCANO ST. - OSMEÑA BLVD","KALUBIHAN","CEBU SOUTH","CEBU","COMMERCIAL REGULAR","47,100.00"
"P LOPEZ ST","COLON-BORROMEO","KALUBIHAN","CEBU SOUTH","CEBU","COMMERCIAL REGULAR","52,800.00"
"P LOPEZ ST","BORROMEO-MAGALLANES","KALUBIHAN","CEBU SOUTH","CEBU","COMMERCIAL REGULAR","52,800.00"
"PRES S OSMENA BLVD","P. DEL ROSARIO - COLON ST.","KALUBIHAN","CEBU SOUTH","CEBU","RESIDENTIAL REGULAR","95,000.00"
"PRES S OSMENA BLVD","P. DEL ROSARIO - COLON ST.","KALUBIHAN","CEBU SOUTH","CEBU","COMMERCIAL REGULAR","77,600.00"
"PRES S OSMENA BLVD","COLON ST - MANALILI ST.","KALUBIHAN","CEBU SOUTH","CEBU","COMMERCIAL REGULAR","77,600.00"
"SANCIANGKO ST","M ESCANO-JUNQUERA ST","KALUBIHAN","CEBU SOUTH","CEBU","COMMERCIAL REGULAR","37,300.00"
"ALL OTHER STREETS","","KALUBIHAN","CEBU SOUTH","CEBU","COMMERCIAL REGULAR","37,300.00"
"ALL OTHER STREETS","","KALUBIHAN","CEBU SOUTH","CEBU","RESIDENTIAL REGULAR","34,000.00"
"ALL OTHER STREETS","INTERIOR","KALUBIHAN","CEBU SOUTH","CEBU","RESIDENTIAL REGULAR","30,000.00"
"NEW SUBDIIVISION","SUBDIVISION FIRST CLASS","KALUBIHAN","CEBU SOUTH","CEBU","RESIDENTIAL REGULAR","15,000.00"
"NEW SUBDIIVISION","SUBDIVISION LOW COST","KALUBIHAN","CEBU SOUTH","CEBU","RESIDENTIAL REGULAR","7,500.00"
"CONDOMINIUM","HIGH-END","KALUBIHAN","CEBU SOUTH","CEBU","COMMERCIAL CONDOMINIUM","95,000.00"
"CONDOMINIUM","HIGH-END","KALUBIHAN","CEBU SOUTH","CEBU","RESIDENTIAL CONDOMINIUM","75,000.00"
"CONDOMINIUM","HIGH-END","KALUBIHAN","CEBU SOUTH","CEBU","PARKING SLOT","45,000.00"
"CONDOMINIUM","LOW COST","KALUBIHAN","CEBU SOUTH","CEBU","RESIDENTIAL CONDOMINIUM","40,000.00"
"BACK CRESANTO","SKY RESE","KALUNASAN","CEBU SOUTH","CEBU","RESIDENTIAL REGULAR","6,700.00"
"BACK CRESANTO","BACK CRISANTO ASSON.","KALUNASAN","CEBU SOUTH","CEBU","RESIDENTIAL REGULAR","3,700.00"
"BACK CRESANTO","TAGAYTAY","KALUNASAN","CEBU SOUTH","CEBU","RESIDENTIAL REGULAR","3,200.00"
"DAPDAP","","KALUNASAN","CEBU SOUTH","CEBU","RESIDENTIAL REGULAR","3,700.00"
"OPRRA","","KALUNASAN","CEBU SOUTH","CEBU","RESIDENTIAL REGULAR","8,000.00"
"OPRRA","","KALUNASAN","CEBU SOUTH","CEBU","RESIDENTIAL REGULAR","3,700.00"
"ROAD TO KALUNASAN","FR BDRY BRGY LAHUG-BRGY PROPER","KALUNASAN","CEBU SOUTH","CEBU","RESIDENTIAL REGULAR","3,600.00"
"SUBURBAN AREAS WITH ROAD","","KALUNASAN","CEBU SOUTH","CEBU","COMMERCIAL REGULAR","5,000.00"
"SUBURBAN AREAS WITH ROAD","","KALUNASAN","CEBU SOUTH","CEBU","RESIDENTIAL REGULAR","3,700.00"
"SUBURBAN AREAS WITH ROAD","","KALUNASAN","CEBU SOUTH","CEBU","OTHER AGRICULTURAL LANDS","1,000.00"
"SUBURBAN AREAS WITHOUT ROAD","INTERIOR","KALUNASAN","CEBU SOUTH","CEBU","RESIDENTIAL REGULAR","1,500.00"
"SUBURBAN AREAS WITHOUT ROAD","","KALUNASAN","CEBU SOUTH","CEBU","OTHER AGRICULTURAL LANDS","1,000.00"
"UPPER PEACE VALLEY ROAD","","KALUNASAN","CEBU SOUTH","CEBU","RESIDENTIAL REGULAR","6,000.00"
"VILLA REMEDOIS","","KALUNASAN","CEBU SOUTH","CEBU","RESIDENTIAL REGULAR","3,700.00"
"ALL OTHER STREETS","","KALUNASAN","CEBU SOUTH","CEBU","COMMERCIAL REGULAR","3,000.00"
"ALL OTHER STREETS","","KALUNASAN","CEBU SOUTH","CEBU","RESIDENTIAL REGULAR","2,000.00"
"ALL OTHER STREETS","INTERIOR","KALUNASAN","CEBU SOUTH","CEBU","RESIDENTIAL REGULAR","1,500.00"
"ALL OTHER STREETS","","KALUNASAN","CEBU SOUTH","CEBU","OTHER AGRICULTURAL LANDS","1,000.00"
"GRAND LEGACY SUBD","","KALUNASAN","CEBU SOUTH","CEBU","RESIDENTIAL REGULAR","8,000.00"
"MOUNTAIN VIEW SUBD","","KALUNASAN","CEBU SOUTH","CEBU","RESIDENTIAL REGULAR","8,000.00"
"SAN JOSEVILLE SUBD","","KALUNASAN","CEBU SOUTH","CEBU","RESIDENTIAL REGULAR","8,000.00"
"SAN MARCELO SUBDIVISION","","KALUNASAN","CEBU SOUTH","CEBU","RESIDENTIAL REGULAR","18,100.00"
"SAN MARCELO SUBDIVISION","","KALUNASAN","CEBU SOUTH","CEBU","RESIDENTIAL REGULAR","8,000.00"
"ALL NEW SUBDIVISION","1ST CLASS","KALUNASAN","CEBU SOUTH","CEBU","RESIDENTIAL REGULAR","8,000.00"
"ALL NEW SUBDIVISION","SOCIALIZED","KALUNASAN","CEBU SOUTH","CEBU","RESIDENTIAL REGULAR","3,700.00"
"ALL OTHER SUBD","","KALUNASAN","CEBU SOUTH","CEBU","RESIDENTIAL REGULAR","8,000.00"
"A . GABUYA ST","N. BACALSO AVE . TO F. JACA ST.","KINASANG - AN","CEBU SOUTH","CEBU","RESIDENTIAL REGULAR","10,000.00"
"E SABELLANO ST","POB PARDO-QUIOT","KINASANG - AN","CEBU SOUTH","CEBU","COMMERCIAL REGULAR","13,500.00"
"E SABELLANO ST","","KINASANG - AN","CEBU SOUTH","CEBU","RESIDENTIAL REGULAR","10,000.00"
"F JACA ST","N. BACALSO AVE.-TABURA","KINASANG - AN","CEBU SOUTH","CEBU","COMMERCIAL REGULAR","12,000.00"
"F JACA ST","N. BACALSO AVE.-TABURA","KINASANG - AN","CEBU SOUTH","CEBU","RESIDENTIAL REGULAR","11,000.00"
"GENES CMPD./NGCP","","KINASANG - AN","CEBU SOUTH","CEBU","INDUSTRIAL","9,000.00"
"HOLY FAMILY","HONEY HOMES","KINASANG - AN","CEBU SOUTH","CEBU","RESIDENTIAL REGULAR","11,500.00"
"N. BACALSO AVE.","KINASANGAN-POTENCIANO","KINASANG - AN","CEBU SOUTH","CEBU","COMMERCIAL REGULAR","18,100.00"
"SURAN","LOWER AND UPPER","KINASANG - AN","CEBU SOUTH","CEBU","RESIDENTIAL REGULAR","10,000.00"
"ALL OTHER STREETS","","KINASANG - AN","CEBU SOUTH","CEBU","COMMERCIAL REGULAR","12,000.00"
"ALL OTHER STREETS","","KINASANG - AN","CEBU SOUTH","CEBU","RESIDENTIAL REGULAR","10,000.00"
"ALL OTHER STREETS","INTERIOR","KINASANG - AN","CEBU SOUTH","CEBU","RESIDENTIAL REGULAR","8,000.00"
"ALL OTHER STREETS","INTERIOR","KINASANG - AN","CEBU SOUTH","CEBU","RESIDENTIAL CONDOMINIUM","95,000.00"
"ALL OTHER STREETS","INTERIOR","KINASANG - AN","CEBU SOUTH","CEBU","INDUSTRIAL","9,000.00"
"GREYHOUND VILL SUBD","N. BACALSO AVE.","KINASANG - AN","CEBU SOUTH","CEBU","RESIDENTIAL REGULAR","11,200.00"
"HONEY HOMES","","KINASANG - AN","CEBU SOUTH","CEBU","RESIDENTIAL REGULAR","11,500.00"
"PARADISE","","KINASANG - AN","CEBU SOUTH","CEBU","RESIDENTIAL REGULAR","10,000.00"
"PEACEVILLE SUBD.","","KINASANG - AN","CEBU SOUTH","CEBU","RESIDENTIAL REGULAR","11,500.00"
"POTENCIANO SUBD","N. BACALSO AVE.","KINASANG - AN","CEBU SOUTH","CEBU","RESIDENTIAL REGULAR","11,500.00"
"RAINBOW VILLAGE","N. BACALSO AVE.","KINASANG - AN","CEBU SOUTH","CEBU","RESIDENTIAL REGULAR","11,500.00"
"STO. NIÑO COMMUNITY","","KINASANG - AN","CEBU SOUTH","CEBU","RESIDENTIAL REGULAR","13,500.00"
"VILLARICA SUBD ROAD","N. BACALSO AVE. EXT","KINASANG - AN","CEBU SOUTH","CEBU","RESIDENTIAL REGULAR","11,500.00"
"ALL OTHER EXISITING  SUBD","","KINASANG - AN","CEBU SOUTH","CEBU","RESIDENTIAL REGULAR","10,000.00"
"NEW SUBDIVISION","FIRST CLASS","KINASANG - AN","CEBU SOUTH","CEBU","RESIDENTIAL REGULAR","15,000.00"
"NEW SUBDIVISION","LOW COST","KINASANG - AN","CEBU SOUTH","CEBU","RESIDENTIAL REGULAR","7,000.00"
"CONDOMINIUM","HIGH-END","KINASANG - AN","CEBU SOUTH","CEBU","COMMERCIAL CONDOMINIUM","95,000.00"
"CONDOMINIUM","","KINASANG - AN","CEBU SOUTH","CEBU","RESIDENTIAL CONDOMINIUM","75,000.00"
"CONDOMINIUM","","KINASANG - AN","CEBU SOUTH","CEBU","PARKING SLOT","45,000.00"
"CONDOMINIUM","LOW COST","KINASANG - AN","CEBU SOUTH","CEBU","RESIDENTIAL CONDOMINIUM","40,000.00"
"A. ABELLA ST.","","LABANGON","CEBU SOUTH","CEBU","COMMERCIAL REGULAR","17,300.00"
"A. ABELLA ST.","","LABANGON","CEBU SOUTH","CEBU","RESIDENTIAL REGULAR","15,000.00"
"A. LOPEZ ST","TRES DE ABRIL-KATIPUNAN","LABANGON","CEBU SOUTH","CEBU","COMMERCIAL REGULAR","15,000.00"
"A. LOPEZ ST","TRES DE ABRIL-KATIPUNAN","LABANGON","CEBU SOUTH","CEBU","RESIDENTIAL REGULAR","11,200.00"
"A. LOPEZ ST","KATIPUNAN-BALAGA RES","LABANGON","CEBU SOUTH","CEBU","RESIDENTIAL REGULAR","11,200.00"
"A. LOPEZ ST","BALAGA RES -A LOPEZ","LABANGON","CEBU SOUTH","CEBU","RESIDENTIAL REGULAR","11,200.00"
"ADJ. TO RIVARIDGE","","LABANGON","CEBU SOUTH","CEBU","RESIDENTIAL REGULAR","8,000.00"
"ADVENT HOMES ROAD","","LABANGON","CEBU SOUTH","CEBU","RESIDENTIAL REGULAR","8,000.00"
"ARCO ALLEY ST.","","LABANGON","CEBU SOUTH","CEBU","RESIDENTIAL REGULAR","8,000.00"
"ATTY. GEONZON W. STREET","","LABANGON","CEBU SOUTH","CEBU","RESIDENTIAL REGULAR","8,000.00"
"CALLANTA COMPOUND ROAD","","LABANGON","CEBU SOUTH","CEBU","RESIDENTIAL REGULAR","10,000.00"
"CORINTHIAN VALLEY","","LABANGON","CEBU SOUTH","CEBU","RESIDENTIAL REGULAR","10,000.00"
"DR.ABELLA,PABLO U. STREET/HAPPY VALLEY ROAD","","LABANGON","CEBU SOUTH","CEBU","COMMERCIAL REGULAR","15,000.00"
"JABONERO ST.","","LABANGON","CEBU SOUTH","CEBU","RESIDENTIAL REGULAR","10,000.00"
"KAPAKULAN","","LABANGON","CEBU SOUTH","CEBU","RESIDENTIAL REGULAR","8,000.00"
"KAPAKULAN","","LABANGON","CEBU SOUTH","CEBU","OTHER AGRICULTURAL LANDS","2,000.00"
"KATIPUNAN ST","BUHISAN RIVER -LOPEZ","LABANGON","CEBU SOUTH","CEBU","COMMERCIAL REGULAR","17,300.00"
"KATIPUNAN ST","BUHISAN RIVER -LOPEZ","LABANGON","CEBU SOUTH","CEBU","RESIDENTIAL REGULAR","40,000.00"
"KATIPUNAN ST","BUHISAN RIVER -LOPEZ","LABANGON","CEBU SOUTH","CEBU","RESIDENTIAL REGULAR","11,500.00"
"LA TRESAS STREET","","LABANGON","CEBU SOUTH","CEBU","RESIDENTIAL REGULAR","8,000.00"
"LOMBOY","","LABANGON","CEBU SOUTH","CEBU","RESIDENTIAL REGULAR","14,000.00"
"MANGGA","","LABANGON","CEBU SOUTH","CEBU","RESIDENTIAL REGULAR","14,000.00"
"NATALIO BACALSO AVE","KINALUMSAN-TRES DE ABRIL","LABANGON","CEBU SOUTH","CEBU","COMMERCIAL REGULAR","23,200.00"
"NANGKA","","LABANGON","CEBU SOUTH","CEBU","RESIDENTIAL REGULAR","14,000.00"
"NAVAJA COMPOUND ROAD","","LABANGON","CEBU SOUTH","CEBU","RESIDENTIAL REGULAR","14,000.00"
"OSMEÑA DRIVE","","LABANGON","CEBU SOUTH","CEBU","RESIDENTIAL REGULAR","14,000.00"
"PART OF HAPPY VALLEY","","LABANGON","CEBU SOUTH","CEBU","RESIDENTIAL REGULAR","14,000.00"
"PASEO DE SAN RAMON ROAD","","LABANGON","CEBU SOUTH","CEBU","COMMERCIAL REGULAR","40,000.00"
"R. ARCENAS RD. DR. PABLO U. ABELLA ST.","","LABANGON","CEBU SOUTH","CEBU","COMMERCIAL REGULAR","20,000.00"
"R. DUTERTE STREET","","LABANGON","CEBU SOUTH","CEBU","RESIDENTIAL REGULAR","14,000.00"
"SALVADOR ST","TRES DE ABRIL-KATIPUNAN","LABANGON","CEBU SOUTH","CEBU","COMMERCIAL REGULAR","15,500.00"
"SALVADOR ST","TRES DE ABRIL-KATIPUNAN","LABANGON","CEBU SOUTH","CEBU","RESIDENTIAL REGULAR","14,700.00"
"SALVADOR ST","KATIPUNAN-GUADA","LABANGON","CEBU SOUTH","CEBU","RESIDENTIAL REGULAR","14,700.00"
"SANTOL","","LABANGON","CEBU SOUTH","CEBU","RESIDENTIAL REGULAR","14,000.00"
"SITIO BONBONAN","","LABANGON","CEBU SOUTH","CEBU","RESIDENTIAL REGULAR","17,700.00"
"SITIO BONBONAN","","LABANGON","CEBU SOUTH","CEBU","RESIDENTIAL REGULAR","8,000.00"
"SITIO BUGNAY","","LABANGON","CEBU SOUTH","CEBU","RESIDENTIAL REGULAR","8,000.00"
"SITIO STA. ANA","","LABANGON","CEBU SOUTH","CEBU","RESIDENTIAL REGULAR","8,000.00"
"TRES DE ABRIL","A LOPEZ-KINALUMSAN","LABANGON","CEBU SOUTH","CEBU","COMMERCIAL REGULAR","17,700.00"
"TRES DE ABRIL","A LOPEZ-KINALUMSAN","LABANGON","CEBU SOUTH","CEBU","RESIDENTIAL REGULAR","13,000.00"
"TRES DE ABRIL","N BACALSO-A LOPEZ","LABANGON","CEBU SOUTH","CEBU","RESIDENTIAL REGULAR","17,700.00"
"VILLA FLORENA ROAD","","LABANGON","CEBU SOUTH","CEBU","RESIDENTIAL REGULAR","13,000.00"
"WOOLBRIGHT DRIVE","","LABANGON","CEBU SOUTH","CEBU","RESIDENTIAL REGULAR","13,000.00"
"ZUBIRI STREET","","LABANGON","CEBU SOUTH","CEBU","RESIDENTIAL REGULAR","13,000.00"
"ALL OTHER STREETS","","LABANGON","CEBU SOUTH","CEBU","COMMERCIAL REGULAR","13,000.00"
"ALL OTHER STREETS","","LABANGON","CEBU SOUTH","CEBU","RESIDENTIAL REGULAR","8,000.00"
"ALL OTHER STREETS","INTERIOR","LABANGON","CEBU SOUTH","CEBU","RESIDENTIAL REGULAR","5,500.00"
"ALL OTHER STREETS","","LABANGON","CEBU SOUTH","CEBU","OTHER AGRICULTURAL LANDS","2,000.00"
"ACACIA PLACE SUBD.","SACRED HEART ST.","LABANGON","CEBU SOUTH","CEBU","RESIDENTIAL REGULAR","14,000.00"
"BELLA VILLE SUBD.","SALVADOR ST.","LABANGON","CEBU SOUTH","CEBU","RESIDENTIAL REGULAR","14,000.00"
"BENTLY ESTATE SUBD.","","LABANGON","CEBU SOUTH","CEBU","RESIDENTIAL REGULAR","15,000.00"
"BLISS HOUSING SUBD.","","LABANGON","CEBU SOUTH","CEBU","RESIDENTIAL REGULAR","25,000.00"
"BLISS HOUSING SUBD.","","LABANGON","CEBU SOUTH","CEBU","RESIDENTIAL REGULAR","10,000.00"
"CASA ROSITA SUBD.","","LABANGON","CEBU SOUTH","CEBU","RESIDENTIAL REGULAR","25,000.00"
"FRANCISCA VILLAGE","","LABANGON","CEBU SOUTH","CEBU","RESIDENTIAL REGULAR","10,000.00"
"GREEN MEADOW SUBD.","","LABANGON","CEBU SOUTH","CEBU","RESIDENTIAL REGULAR","15,000.00"
"HAPPY VALLEY SUBD.","BACK OF","LABANGON","CEBU SOUTH","CEBU","RESIDENTIAL REGULAR","15,000.00"
"HORSESHOE DR SUBD","HAPPY VALLEY","LABANGON","CEBU SOUTH","CEBU","RESIDENTIAL REGULAR","15,000.00"
"LA PALOMA SUBD.","SALVADOR ST.","LABANGON","CEBU SOUTH","CEBU","RESIDENTIAL REGULAR","14,000.00"
"PASEO SAN RAMON","","LABANGON","CEBU SOUTH","CEBU","RESIDENTIAL REGULAR","25,000.00"
"PERPETUAL VALLEY SUBDIVISION","","LABANGON","CEBU SOUTH","CEBU","RESIDENTIAL REGULAR","14,000.00"
"QUIJANO SUBD","R. DUTERTE ST.","LABANGON","CEBU SOUTH","CEBU","RESIDENTIAL REGULAR","14,000.00"
"ROCKY HILLS SUBD.","","LABANGON","CEBU SOUTH","CEBU","RESIDENTIAL REGULAR","14,000.00"
"ROSALINA VILLAGE","R. DUTERTE ST.","LABANGON","CEBU SOUTH","CEBU","RESIDENTIAL REGULAR","20,000.00"
"SACRED HEART VILLAGE","R. DUTERTE ST.","LABANGON","CEBU SOUTH","CEBU","RESIDENTIAL REGULAR","20,000.00"
"SHANGRILLA I&II SUBD.","SALVADOR ST.","LABANGON","CEBU SOUTH","CEBU","RESIDENTIAL REGULAR","14,000.00"
"STA. TERESITA VILLAGE","","LABANGON","CEBU SOUTH","CEBU","RESIDENTIAL REGULAR","14,000.00"
"STO. ROSARIO SUBD.","SALVADOT ST.","LABANGON","CEBU SOUTH","CEBU","RESIDENTIAL REGULAR","14,000.00"
"THE COURTYARDS AT BROOKRIDGE","","LABANGON","CEBU SOUTH","CEBU","RESIDENTIAL REGULAR","95,000.00"
"THE COURTYARDS AT BROOKRIDGE","","LABANGON","CEBU SOUTH","CEBU","RESIDENTIAL REGULAR","16,000.00"
"VENUS HOMES SUBD.","SALVADOR ST.","LABANGON","CEBU SOUTH","CEBU","RESIDENTIAL REGULAR","14,000.00"
"VERANO COMPOUND 2 ROAD(STA. ANA CMPD.)","","LABANGON","CEBU SOUTH","CEBU","RESIDENTIAL REGULAR","14,000.00"
"VILLA CRISTINA VILLAGE","","LABANGON","CEBU SOUTH","CEBU","RESIDENTIAL REGULAR","14,000.00"
"VIRGILIO GONZALES SUBD.","","LABANGON","CEBU SOUTH","CEBU","RESIDENTIAL REGULAR","11,700.00"
"WEST HOMES","SACRED HEART ST.","LABANGON","CEBU SOUTH","CEBU","RESIDENTIAL REGULAR","14,000.00"
"WOODBERRY SUBD.","SACRED HEART ST.","LABANGON","CEBU SOUTH","CEBU","RESIDENTIAL REGULAR","14,000.00"
"ALL OTHEREXISTING SUBDIVISION","","LABANGON","CEBU SOUTH","CEBU","RESIDENTIAL REGULAR","10,000.00"
"NEW SUBDIIVISION","FIRST CLASS","LABANGON","CEBU SOUTH","CEBU","RESIDENTIAL REGULAR","15,000.00"
"NEW SUBDIIVISION","LOW COST","LABANGON","CEBU SOUTH","CEBU","RESIDENTIAL REGULAR","7,500.00"
"CONDOMINIUM - HIGH END","","LABANGON","CEBU SOUTH","CEBU","COMMERCIAL CONDOMINIUM","95,000.00"
"CONDOMINIUM - HIGH END","","LABANGON","CEBU SOUTH","CEBU","RESIDENTIAL CONDOMINIUM","75,000.00"
"CONDOMINIUM - HIGH END","","LABANGON","CEBU SOUTH","CEBU","PARKING SLOT","45,000.00"
"CONDOMINIUM - LOW COST","","LABANGON","CEBU SOUTH","CEBU","RESIDENTIAL CONDOMINIUM","40,000.00"
"ALUMNUS STREET","","MAMBALING","CEBU SOUTH","CEBU","RESIDENTIAL REGULAR","10,000.00"
"AVOCADO ST","GANSIANG-N BACALSO","MAMBALING","CEBU SOUTH","CEBU","RESIDENTIAL REGULAR","12,300.00"
"AVOCADO ST","BACALSO-HUMABON","MAMBALING","CEBU SOUTH","CEBU","RESIDENTIAL REGULAR","28,300.00"
"AVOCADO ST","BACALSO-HUMABON","MAMBALING","CEBU SOUTH","CEBU","RESIDENTIAL REGULAR","12,300.00"
"C PADILLA ST","R AVE-KINALUMSAN","MAMBALING","CEBU SOUTH","CEBU","COMMERCIAL REGULAR","28,300.00"
"C PADILLA ST","AVOCADO TR. BACALSO ST.","MAMBALING","CEBU SOUTH","CEBU","COMMERCIAL REGULAR","28,300.00"
"CASHMERE ST","","MAMBALING","CEBU SOUTH","CEBU","RESIDENTIAL REGULAR","12,300.00"
"CCC PRIVATE RD","","MAMBALING","CEBU SOUTH","CEBU","RESIDENTIAL REGULAR","12,300.00"
"COL TABADA ST.","","MAMBALING","CEBU SOUTH","CEBU","RESIDENTIAL REGULAR","12,300.00"
"GANSIANG ST /NOW G. ELORDE ST","AVOCADO ST-LIM COMPOUND","MAMBALING","CEBU SOUTH","CEBU","RESIDENTIAL REGULAR","14,300.00"
"GANSIANG ST/ NOW G. ELORDE ST","LIM COMPOUND-BERNARDINA","MAMBALING","CEBU SOUTH","CEBU","RESIDENTIAL REGULAR","13,400.00"
"GREEN DAUPHIN ST","","MAMBALING","CEBU SOUTH","CEBU","RESIDENTIAL REGULAR","12,300.00"
"LAPULAPU ST","TABADA - HUMABON","MAMBALING","CEBU SOUTH","CEBU","RESIDENTIAL REGULAR","12,300.00"
"LAPU-LAPU STREET /COLVETA ST.","","MAMBALING","CEBU SOUTH","CEBU","RESIDENTIAL REGULAR","10,000.00"
"LUCAS GABUYA STREET/TAGUNOL","","MAMBALING","CEBU SOUTH","CEBU","RESIDENTIAL REGULAR","10,000.00"
"LYNCH STREET","","MAMBALING","CEBU SOUTH","CEBU","RESIDENTIAL REGULAR","10,000.00"
"MARIA GOCHAN","GANSIANG - N BACALSO","MAMBALING","CEBU SOUTH","CEBU","RESIDENTIAL REGULAR","12,300.00"
"N. BACALSO AVE..","PADILLA-KINALUMSAN","MAMBALING","CEBU SOUTH","CEBU","COMMERCIAL REGULAR","26,300.00"
"N. BACALSO AVE. EXT","TABADA - C. PADILLA","MAMBALING","CEBU SOUTH","CEBU","RESIDENTIAL REGULAR","12,300.00"
"RAJAH HUMABON ST","TABADA","MAMBALING","CEBU SOUTH","CEBU","RESIDENTIAL CONDOMINIUM","95,000.00"
"RAJAH HUMABON ST","TABADA","MAMBALING","CEBU SOUTH","CEBU","RESIDENTIAL REGULAR","12,300.00"
"SAN BERNARDINO ST","GANSIANG - MA GOCHAN","MAMBALING","CEBU SOUTH","CEBU","RESIDENTIAL REGULAR","12,300.00"
"SAN ROQUE EXT","SAN ROQUE ST","MAMBALING","CEBU SOUTH","CEBU","RESIDENTIAL REGULAR","12,300.00"
"SAN ROQUE ST","C. PADILLA","MAMBALING","CEBU SOUTH","CEBU","RESIDENTIAL REGULAR","14,000.00"
"SRP ACCESS ROAD","","MAMBALING","CEBU SOUTH","CEBU","COMMERCIAL REGULAR","28,000.00"
"TECSON, SEGUNDINO D. STREET","","MAMBALING","CEBU SOUTH","CEBU","RESIDENTIAL REGULAR","12,000.00"
"YBANEZ COMPOUND","","MAMBALING","CEBU SOUTH","CEBU","RESIDENTIAL REGULAR","12,000.00"
"YBAÑEZ PRIVATE ROAD TO C. PADILLA ST.","","MAMBALING","CEBU SOUTH","CEBU","RESIDENTIAL REGULAR","12,000.00"
"ALL OTHER STREETS","","MAMBALING","CEBU SOUTH","CEBU","COMMERCIAL REGULAR","26,000.00"
"ALL OTHER STREETS","","MAMBALING","CEBU SOUTH","CEBU","RESIDENTIAL REGULAR","10,000.00"
"ALL OTHER STREETS","INTERIOR","MAMBALING","CEBU SOUTH","CEBU","RESIDENTIAL REGULAR","8,000.00"
"ALL EXISTING SUBDIVISIONS","","MAMBALING","CEBU SOUTH","CEBU","RESIDENTIAL REGULAR","10,000.00"
"NEW SUBDIIVISION","FIRST CLASS","MAMBALING","CEBU SOUTH","CEBU","RESIDENTIAL REGULAR","15,000.00"
"NEW SUBDIIVISION","LOW COST","MAMBALING","CEBU SOUTH","CEBU","RESIDENTIAL REGULAR","7,500.00"
"CONDOMINIUM - HIGH END","","MAMBALING","CEBU SOUTH","CEBU","COMMERCIAL CONDOMINIUM","95,000.00"
"CONDOMINIUM - HIGH END","","MAMBALING","CEBU SOUTH","CEBU","RESIDENTIAL CONDOMINIUM","75,000.00"
"CONDOMINIUM - HIGH END","","MAMBALING","CEBU SOUTH","CEBU","COMMERCIAL REGULAR","63,200.00"
"CONDOMINIUM - HIGH END","","MAMBALING","CEBU SOUTH","CEBU","PARKING SLOT","45,000.00"
"CONDOMINIUM - LOW COST","","MAMBALING","CEBU SOUTH","CEBU","RESIDENTIAL CONDOMINIUM","40,000.00"
"B ARANAS","LAKANDULA-3 DE ABRIL","PAHINA CENTRAL","CEBU SOUTH","CEBU","COMMERCIAL REGULAR","25,000.00"
"B ARANAS","SITIO CHAMPACA","PAHINA CENTRAL","CEBU SOUTH","CEBU","RESIDENTIAL REGULAR","19,000.00"
"B ARANAS","ATLANTIC WARE HOUSE/SHOW ROOM","PAHINA CENTRAL","CEBU SOUTH","CEBU","COMMERCIAL REGULAR","25,000.00"
"B ARANAS","CEBU MMMF GLASS","PAHINA CENTRAL","CEBU SOUTH","CEBU","COMMERCIAL REGULAR","25,000.00"
"BALAGTAS ST","PANGANIBAN-CLIMACO","PAHINA CENTRAL","CEBU SOUTH","CEBU","COMMERCIAL REGULAR","25,000.00"
"BORROMEO ST","SANCIANGKO-M ESCANO","PAHINA CENTRAL","CEBU SOUTH","CEBU","COMMERCIAL REGULAR","35,800.00"
"C PADILLA ST","LAKANDULA-3 DE ABRIL","PAHINA CENTRAL","CEBU SOUTH","CEBU","COMMERCIAL REGULAR","30,200.00"
"C PADILLA ST","SITIO CATLEYA","PAHINA CENTRAL","CEBU SOUTH","CEBU","RESIDENTIAL REGULAR","22,500.00"
"CLIMACO STREET","","PAHINA CENTRAL","CEBU SOUTH","CEBU","COMMERCIAL REGULAR","30,000.00"
"COLON ST","COLON BR-M ESCANO","PAHINA CENTRAL","CEBU SOUTH","CEBU","COMMERCIAL REGULAR","63,200.00"
"DIMASALANG ST","PANGANIBAN-M ESCANO","PAHINA CENTRAL","CEBU SOUTH","CEBU","COMMERCIAL REGULAR","22,800.00"
"ESPELETA ST","LAKANDULA-3 DE ABRIL","PAHINA CENTRAL","CEBU SOUTH","CEBU","COMMERCIAL REGULAR","19,000.00"
"GARFIELD ST","C PADILLA-TUPAS","PAHINA CENTRAL","CEBU SOUTH","CEBU","COMMERCIAL REGULAR","19,000.00"
"LAKANDULA ST","3 DE ABRIL-TUPAS","PAHINA CENTRAL","CEBU SOUTH","CEBU","COMMERCIAL REGULAR","19,000.00"
"LEON KILAT ST","COLON-MAGALLANES","PAHINA CENTRAL","CEBU SOUTH","CEBU","PARKING SLOT","95,000.00"
"LEON KILAT ST","COLON-MAGALLANES","PAHINA CENTRAL","CEBU SOUTH","CEBU","COMMERCIAL REGULAR","40,500.00"
"LEON KILAT ST","N BACALSO-COLON","PAHINA CENTRAL","CEBU SOUTH","CEBU","COMMERCIAL REGULAR","40,500.00"
"MAGALLANES ST","GUADALUPE RVR-M ESCANO","PAHINA CENTRAL","CEBU SOUTH","CEBU","COMMERCIAL REGULAR","43,600.00"
"NATALIO BACALSO","PANGANIBAN-M ESCANO","PAHINA CENTRAL","CEBU SOUTH","CEBU","COMMERCIAL REGULAR","32,700.00"
"NATALIO BACALSO","GUAD RIVER-PANGANIBAN","PAHINA CENTRAL","CEBU SOUTH","CEBU","COMMERCIAL REGULAR","32,500.00"
"PANGANIBAN ST","N BACALSO-M ESCANO","PAHINA CENTRAL","CEBU SOUTH","CEBU","COMMERCIAL REGULAR","38,300.00"
"SANCIANGKO ST","SANCIANGCO L.KILAT","PAHINA CENTRAL","CEBU SOUTH","CEBU","COMMERCIAL REGULAR","32,700.00"
"SANCIANGKO ST","GUADALUPE RIVER-PANGANIBAN","PAHINA CENTRAL","CEBU SOUTH","CEBU","COMMERCIAL REGULAR","32,700.00"
"TRES DE ABRIL ST","LAKANDULA-TUPAS","PAHINA CENTRAL","CEBU SOUTH","CEBU","COMMERCIAL REGULAR","19,000.00"
"TUPAS ST","LAKANDULA-FORBES","PAHINA CENTRAL","CEBU SOUTH","CEBU","COMMERCIAL REGULAR","19,000.00"
"ALL OTHER STREETS","","PAHINA CENTRAL","CEBU SOUTH","CEBU","COMMERCIAL REGULAR","20,000.00"
"ALL OTHER STREETS","","PAHINA CENTRAL","CEBU SOUTH","CEBU","RESIDENTIAL REGULAR","14,700.00"
"ALL OTHER STREETS","INTERIOR","PAHINA CENTRAL","CEBU SOUTH","CEBU","RESIDENTIAL REGULAR","12,000.00"
"CONDOMINIUM - HIGH END","","PAHINA CENTRAL","CEBU SOUTH","CEBU","COMMERCIAL CONDOMINIUM","95,000.00"
"CONDOMINIUM - HIGH END","","PAHINA CENTRAL","CEBU SOUTH","CEBU","RESIDENTIAL CONDOMINIUM","75,000.00"
"CONDOMINIUM - HIGH END","","PAHINA CENTRAL","CEBU SOUTH","CEBU","PARKING SLOT","45,000.00"
"CONDOMINIUM - LOW COST","","PAHINA CENTRAL","CEBU SOUTH","CEBU","RESIDENTIAL REGULAR","40,000.00"
"CONDOMINIUM - LOW COST","","PAHINA CENTRAL","CEBU SOUTH","CEBU","RESIDENTIAL CONDOMINIUM","40,000.00"
"B ARANAS ST.","LAKANDULA-3 DE ABRIL","PAHINA SAN NICOLAS","CEBU SOUTH","CEBU","COMMERCIAL REGULAR","18,200.00"
"C PADILLA ST.","LAKANDULA-3 DE ABRIL","PAHINA SAN NICOLAS","CEBU SOUTH","CEBU","COMMERCIAL REGULAR","30,200.00"
"ESPELITA ST","LAKANDULA-3 DE ABRIL","PAHINA SAN NICOLAS","CEBU SOUTH","CEBU","COMMERCIAL REGULAR","18,100.00"
"ESPELITA STREET","","PAHINA SAN NICOLAS","CEBU SOUTH","CEBU","RESIDENTIAL REGULAR","12,000.00"
"FLORES, L. STREET","","PAHINA SAN NICOLAS","CEBU SOUTH","CEBU","RESIDENTIAL REGULAR","12,000.00"
"GARFIELD ST","C PADILLA-TUPAS","PAHINA SAN NICOLAS","CEBU SOUTH","CEBU","COMMERCIAL REGULAR","18,100.00"
"GARFIELD STREET","","PAHINA SAN NICOLAS","CEBU SOUTH","CEBU","RESIDENTIAL REGULAR","12,000.00"
"LAKANDULA ST","3 DE ABRIL-TUPAS","PAHINA SAN NICOLAS","CEBU SOUTH","CEBU","COMMERCIAL REGULAR","18,100.00"
"LAKANDULA STREET","","PAHINA SAN NICOLAS","CEBU SOUTH","CEBU","RESIDENTIAL REGULAR","12,000.00"
"TRES DE ABRIL ST","LAKANDULA-TUPAS","PAHINA SAN NICOLAS","CEBU SOUTH","CEBU","COMMERCIAL REGULAR","18,100.00"
"TRES DE ABRIL STREET","","PAHINA SAN NICOLAS","CEBU SOUTH","CEBU","RESIDENTIAL REGULAR","12,000.00"
"TUPAS ST","LAKANDULA-FORBES","PAHINA SAN NICOLAS","CEBU SOUTH","CEBU","COMMERCIAL REGULAR","18,100.00"
"TUPAS STREET","","PAHINA SAN NICOLAS","CEBU SOUTH","CEBU","RESIDENTIAL REGULAR","12,000.00"
"ALL OTHER STREETS","","PAHINA SAN NICOLAS","CEBU SOUTH","CEBU","COMMERCIAL REGULAR","16,000.00"
"ALL OTHER STREETS","","PAHINA SAN NICOLAS","CEBU SOUTH","CEBU","RESIDENTIAL REGULAR","12,000.00"
"ALL OTHER STREETS","INTERIOR","PAHINA SAN NICOLAS","CEBU SOUTH","CEBU","RESIDENTIAL REGULAR","95,000.00"
"ALL OTHER STREETS","INTERIOR","PAHINA SAN NICOLAS","CEBU SOUTH","CEBU","RESIDENTIAL REGULAR","10,000.00"
"CONDOMINIUM - HIGH END","","PAHINA SAN NICOLAS","CEBU SOUTH","CEBU","COMMERCIAL CONDOMINIUM","95,000.00"
"CONDOMINIUM - HIGH END","","PAHINA SAN NICOLAS","CEBU SOUTH","CEBU","RESIDENTIAL CONDOMINIUM","75,000.00"
"CONDOMINIUM - HIGH END","","PAHINA SAN NICOLAS","CEBU SOUTH","CEBU","PARKING SLOT","45,000.00"
"CONDOMINIUM - LOW COST","","PAHINA SAN NICOLAS","CEBU SOUTH","CEBU","RESIDENTIAL CONDOMINIUM","40,000.00"
"PAMUTAN ROAD","","PAMUTAN","CEBU SOUTH","CEBU","RESIDENTIAL REGULAR","1,500.00"
"RURAL BARANGAY","","PAMUTAN","CEBU SOUTH","CEBU","RESIDENTIAL REGULAR","1,000.00"
"RURAL BARANGAY","","PAMUTAN","CEBU SOUTH","CEBU","OTHER AGRICULTURAL LANDS","500.00"
"SUBURBAN AREAS WITH ROAD","","PAMUTAN","CEBU SOUTH","CEBU","RESIDENTIAL REGULAR","1,500.00"
"SUBURBAN AREAS WITH ROAD","","PAMUTAN","CEBU SOUTH","CEBU","OTHER AGRICULTURAL LANDS","1,000.00"
"SUBURBAN AREAS WITHOUT ROAD","","PAMUTAN","CEBU SOUTH","CEBU","RESIDENTIAL REGULAR","1,000.00"
"SUBURBAN AREAS WITHOUT ROAD","","PAMUTAN","CEBU SOUTH","CEBU","OTHER AGRICULTURAL LANDS","500.00"
"ALL NEW SUBDIVISION","1ST CLASS","PAMUTAN","CEBU SOUTH","CEBU","RESIDENTIAL REGULAR","8,000.00"
"ALL NEW SUBDIVISION","SOCIALIZED","PAMUTAN","CEBU SOUTH","CEBU","RESIDENTIAL REGULAR","3,700.00"
"A. BORRES ST.","","PASIL ABUNO","CEBU SOUTH","CEBU","RESIDENTIAL REGULAR","10,500.00"
"ACCESS ROAD 1","","PASIL ABUNO","CEBU SOUTH","CEBU","RESIDENTIAL REGULAR","10,500.00"
"ACCESS ROAD 7A","","PASIL ABUNO","CEBU SOUTH","CEBU","COMMERCIAL REGULAR","19,500.00"
"ACCESS ROAD 7A","","PASIL ABUNO","CEBU SOUTH","CEBU","RESIDENTIAL REGULAR","10,500.00"
"ACCESS ROAD 7B","","PASIL ABUNO","CEBU SOUTH","CEBU","RESIDENTIAL REGULAR","10,500.00"
"F. RALLOS ST","GUADALUPE RVR-GARFIELD","PASIL ABUNO","CEBU SOUTH","CEBU","COMMERCIAL REGULAR","19,500.00"
"F. RALLOS ST","GUADALUPE RVR-GARFIELD","PASIL ABUNO","CEBU SOUTH","CEBU","RESIDENTIAL REGULAR","19,500.00"
"GARFIELD ST","","PASIL ABUNO","CEBU SOUTH","CEBU","COMMERCIAL REGULAR","19,500.00"
"GARFIELD ST","","PASIL ABUNO","CEBU SOUTH","CEBU","RESIDENTIAL REGULAR","10,500.00"
"L. FLORES ST","TUPAZ-STO NINO EXT","PASIL ABUNO","CEBU SOUTH","CEBU","COMMERCIAL REGULAR","15,000.00"
"L. FLORES ST","TUPAZ-STO NINO EXT","PASIL ABUNO","CEBU SOUTH","CEBU","RESIDENTIAL REGULAR","10,500.00"
"M. DELA CONCEPCION","GUADALUPE RVR-GARFIELD","PASIL ABUNO","CEBU SOUTH","CEBU","COMMERCIAL REGULAR","19,500.00"
"M. DELA CONCEPCION","GUADALUPE RVR-GARFIELD","PASIL ABUNO","CEBU SOUTH","CEBU","RESIDENTIAL REGULAR","10,500.00"
"R. MAGSAYSAY ST","GUADALUPE RVR-GARFIELD","PASIL ABUNO","CEBU SOUTH","CEBU","COMMERCIAL REGULAR","19,500.00"
"R. MAGSAYSAY ST","GUADALUPE RVR-GARFIELD","PASIL ABUNO","CEBU SOUTH","CEBU","RESIDENTIAL REGULAR","10,500.00"
"SAN ANTONIO STREET","","PASIL ABUNO","CEBU SOUTH","CEBU","RESIDENTIAL REGULAR","10,000.00"
"STO. NINO EXT","","PASIL ABUNO","CEBU SOUTH","CEBU","COMMERCIAL REGULAR","19,500.00"
"STO. NINO EXT","DON BOSCO TC-GARFIELD","PASIL ABUNO","CEBU SOUTH","CEBU","RESIDENTIAL REGULAR","10,000.00"
"T CAVAN ST","GUADALUPE RVR-GARFIELD","PASIL ABUNO","CEBU SOUTH","CEBU","COMMERCIAL REGULAR","19,500.00"
"T CAVAN ST","GUADALUPE RVR-GARFIELD","PASIL ABUNO","CEBU SOUTH","CEBU","RESIDENTIAL REGULAR","95,000.00"
"T CAVAN ST","GUADALUPE RVR-GARFIELD","PASIL ABUNO","CEBU SOUTH","CEBU","RESIDENTIAL REGULAR","10,500.00"
"TUPAS ST","GUADALUPE RVR-GARFIELD","PASIL ABUNO","CEBU SOUTH","CEBU","COMMERCIAL REGULAR","19,500.00"
"TUPAS ST","GUADALUPE RVR-GARFIELD","PASIL ABUNO","CEBU SOUTH","CEBU","RESIDENTIAL REGULAR","10,500.00"
"ALL OTHER STREETS","","PASIL ABUNO","CEBU SOUTH","CEBU","COMMERCIAL REGULAR","19,500.00"
"ALL OTHER STREETS","","PASIL ABUNO","CEBU SOUTH","CEBU","RESIDENTIAL REGULAR","9,200.00"
"ALL OTHER STREETS","INTERIOR","PASIL ABUNO","CEBU SOUTH","CEBU","RESIDENTIAL REGULAR","8,000.00"
"CONDOMINIUM - HIGH END","","PASIL ABUNO","CEBU SOUTH","CEBU","COMMERCIAL CONDOMINIUM","95,000.00"
"CONDOMINIUM - HIGH END","","PASIL ABUNO","CEBU SOUTH","CEBU","RESIDENTIAL CONDOMINIUM","75,000.00"
"CONDOMINIUM - HIGH END","","PASIL ABUNO","CEBU SOUTH","CEBU","PARKING SLOT","45,000.00"
"CONDOMINIUM - LOW COST","","PASIL ABUNO","CEBU SOUTH","CEBU","RESIDENTIAL CONDOMINIUM","40,000.00"
"A. GABUYA ST","N BACALSO-JACA ST","POBLACION PARDO","CEBU SOUTH","CEBU","COMMERCIAL REGULAR","11,500.00"
"A. GABUYA ST","","POBLACION PARDO","CEBU SOUTH","CEBU","RESIDENTIAL REGULAR","9,700.00"
"ABELLANOSA ST","","POBLACION PARDO","CEBU SOUTH","CEBU","COMMERCIAL REGULAR","11,500.00"
"ABELLANOSA ST","","POBLACION PARDO","CEBU SOUTH","CEBU","RESIDENTIAL REGULAR","10,300.00"
"DACALOS ST","N BACALSO-TABURA","POBLACION PARDO","CEBU SOUTH","CEBU","COMMERCIAL REGULAR","13,200.00"
"DACALOS ST","","POBLACION PARDO","CEBU SOUTH","CEBU","RESIDENTIAL REGULAR","9,700.00"
"F. JACA ST","GABUYA-KINASANG AN","POBLACION PARDO","CEBU SOUTH","CEBU","RESIDENTIAL REGULAR","95,000.00"
"F. JACA ST","GABUYA-KINASANG AN","POBLACION PARDO","CEBU SOUTH","CEBU","COMMERCIAL REGULAR","13,200.00"
"F. JACA ST","","POBLACION PARDO","CEBU SOUTH","CEBU","RESIDENTIAL REGULAR","9,700.00"
"F SABELLANO ST","D L VICTORIA-KINASANGAN","POBLACION PARDO","CEBU SOUTH","CEBU","RESIDENTIAL REGULAR","9,700.00"
"I. TABORA ST.","SABELLANO-F JACA","POBLACION PARDO","CEBU SOUTH","CEBU","RESIDENTIAL REGULAR","9,700.00"
"KALUBIHAN","","POBLACION PARDO","CEBU SOUTH","CEBU","COMMERCIAL REGULAR","12,200.00"
"LA FAMILIA","","POBLACION PARDO","CEBU SOUTH","CEBU","RESIDENTIAL REGULAR","9,700.00"
"LAS VILLAS","","POBLACION PARDO","CEBU SOUTH","CEBU","RESIDENTIAL REGULAR","9,700.00"
"N. BACALSO AVE.","SUNRISE-KINASANGAN","POBLACION PARDO","CEBU SOUTH","CEBU","COMMERCIAL REGULAR","16,000.00"
"PARDO CEMETERY ROAD","","POBLACION PARDO","CEBU SOUTH","CEBU","RESIDENTIAL REGULAR","9,700.00"
"ROAD TO SUNRISE VILL","N. BACALSO AVE.","POBLACION PARDO","CEBU SOUTH","CEBU","COMMERCIAL REGULAR","11,500.00"
"ROAD TO SUNRISE VILL","","POBLACION PARDO","CEBU SOUTH","CEBU","RESIDENTIAL REGULAR","10,300.00"
"ROAD TO SRP","","POBLACION PARDO","CEBU SOUTH","CEBU","COMMERCIAL REGULAR","95,000.00"
"ALL OTHER STREETS","","POBLACION PARDO","CEBU SOUTH","CEBU","COMMERCIAL REGULAR","11,500.00"
"ALL OTHER STREETS","","POBLACION PARDO","CEBU SOUTH","CEBU","RESIDENTIAL REGULAR","9,500.00"
"ALL OTHER STREETS","INTERIOR","POBLACION PARDO","CEBU SOUTH","CEBU","RESIDENTIAL REGULAR","8,000.00"
"HONEY HOMES (SUBDIVISION)","F.JACA","POBLACION PARDO","CEBU SOUTH","CEBU","RESIDENTIAL REGULAR","11,500.00"
"JASHVILLE SUBDIVISION","AZNAR ROAD","POBLACION PARDO","CEBU SOUTH","CEBU","RESIDENTIAL REGULAR","95,000.00"
"JASHVILLE SUBDIVISION","AZNAR ROAD","POBLACION PARDO","CEBU SOUTH","CEBU","RESIDENTIAL REGULAR","11,500.00"
"RAINBOW VILLAGE","","POBLACION PARDO","CEBU SOUTH","CEBU","","11,500.00"
"ROCKVILLE 1 SUBDIVISION","AZNAR ROAD","POBLACION PARDO","CEBU SOUTH","CEBU","RESIDENTIAL REGULAR","11,500.00"
"ROCKVILLE 2 SUBDIVISION","AZNAR ROAD","POBLACION PARDO","CEBU SOUTH","CEBU","RESIDENTIAL REGULAR","11,500.00"
"SPLENDOR HILLS. SUBD.","AZNAR ROAD","POBLACION PARDO","CEBU SOUTH","CEBU","RESIDENTIAL REGULAR","11,500.00"
"STA. LUCIA VILLAGE","","POBLACION PARDO","CEBU SOUTH","CEBU","RESIDENTIAL REGULAR","20,000.00"
"SUNRISE VILLAGE","","POBLACION PARDO","CEBU SOUTH","CEBU","RESIDENTIAL REGULAR","12,500.00"
"ALL OTHER EXISTING SUBDIVISIONS","","POBLACION PARDO","CEBU SOUTH","CEBU","RESIDENTIAL REGULAR","11,500.00"
"NEW SUBDIIVISION","FIRST CLASS","POBLACION PARDO","CEBU SOUTH","CEBU","RESIDENTIAL REGULAR","15,000.00"
"NEW SUBDIIVISION","LOW COST","POBLACION PARDO","CEBU SOUTH","CEBU","RESIDENTIAL REGULAR","7,500.00"
"CONDOMINIUM - HIGH END","","POBLACION PARDO","CEBU SOUTH","CEBU","COMMERCIAL CONDOMINIUM","95,000.00"
"CONDOMINIUM - HIGH END","","POBLACION PARDO","CEBU SOUTH","CEBU","RESIDENTIAL CONDOMINIUM","75,000.00"
"CONDOMINIUM - HIGH END","","POBLACION PARDO","CEBU SOUTH","CEBU","PARKING SLOT","45,000.00"
"CONDOMINIUM - LOW COST","","POBLACION PARDO","CEBU SOUTH","CEBU","RESIDENTIAL CONDOMINIUM","40,000.00"
"AYALA HEIGHTS-CEBU","","PUN-OL SIBUGAY","CEBU SOUTH","CEBU","RESIDENTIAL REGULAR","11,500.00"
"ROADS GOING TO AYALA HEIGHTS","","PUN-OL SIBUGAY","CEBU SOUTH","CEBU","RESIDENTIAL REGULAR","5,000.00"
"RURAL BARANGAY","","PUN-OL SIBUGAY","CEBU SOUTH","CEBU","RESIDENTIAL REGULAR","10,300.00"
"RURAL BARANGAY","","PUN-OL SIBUGAY","CEBU SOUTH","CEBU","RESIDENTIAL REGULAR","2,000.00"
"RURAL BARANGAY","","PUN-OL SIBUGAY","CEBU SOUTH","CEBU","OTHER AGRICULTURAL LANDS","500.00"
"SUBURBAN AREAS WITH ROAD","","PUN-OL SIBUGAY","CEBU SOUTH","CEBU","COMMERCIAL REGULAR","4,500.00"
"SUBURBAN AREAS WITH ROAD","","PUN-OL SIBUGAY","CEBU SOUTH","CEBU","RESIDENTIAL REGULAR","2,900.00"
"SUBURBAN AREAS WITH ROAD","","PUN-OL SIBUGAY","CEBU SOUTH","CEBU","OTHER AGRICULTURAL LANDS","700.00"
"SUBURBAN AREAS WITHOUT ROAD","","PUN-OL SIBUGAY","CEBU SOUTH","CEBU","RESIDENTIAL REGULAR","2,200.00"
"SUBURBAN AREAS WITHOUT ROAD","","PUN-OL SIBUGAY","CEBU SOUTH","CEBU","OTHER AGRICULTURAL LANDS","500.00"
"TRANSCENTRAL HIGHWAY","","PUN-OL SIBUGAY","CEBU SOUTH","CEBU","RESIDENTIAL REGULAR","3,500.00"
"TRANSCENTRAL HIGHWAY","","PUN-OL SIBUGAY","CEBU SOUTH","CEBU","OTHER AGRICULTURAL LANDS","500.00"
"ALL NEW SUBDIVISION","1ST CLASS","PUN-OL SIBUGAY","CEBU SOUTH","CEBU","RESIDENTIAL REGULAR","8,000.00"
"ALL NEW SUBDIVISION","SOCIALIZED","PUN-OL SIBUGAY","CEBU SOUTH","CEBU","RESIDENTIAL REGULAR","3,700.00"
"BAYABAS EXT.","","PUNTA PRINCESA","CEBU SOUTH","CEBU","RESIDENTIAL REGULAR","10,300.00"
"BUHISAN ROAD","","PUNTA PRINCESA","CEBU SOUTH","CEBU","RESIDENTIAL REGULAR","8,000.00"
"BUHISAN ROAD","","PUNTA PRINCESA","CEBU SOUTH","CEBU","AGRICULTURAL","1,500.00"
"DON ATILLO PABLO ST.","","PUNTA PRINCESA","CEBU SOUTH","CEBU","R2","10,000.00"
"DON BOSCO STREET","F. LLAMAS-DON BOSCO","PUNTA PRINCESA","CEBU SOUTH","CEBU","RESIDENTIAL REGULAR","10,000.00"
"E. SABELLANO STREET","BOUNDARY OF BASAK SAN NICOLAS TO F. LLAMAS ST.","PUNTA PRINCESA","CEBU SOUTH","CEBU","RESIDENTIAL REGULAR","15,000.00"
"E. SABELLANO STREET","BOUNDARY OF BASAK SAN NICOLAS TO F. LLAMAS ST.","PUNTA PRINCESA","CEBU SOUTH","CEBU","COMMERCIAL REGULAR","15,000.00"
"E. SABELLANO ST","QUIOT P-F LLAMAS","PUNTA PRINCESA","CEBU SOUTH","CEBU","RESIDENTIAL REGULAR","12,100.00"
"F. LLAMAS STREET","","PUNTA PRINCESA","CEBU SOUTH","CEBU","COMMERCIAL REGULAR","15,000.00"
"F. LLAMAS ST","GANSIAN-BUHISAN RVR","PUNTA PRINCESA","CEBU SOUTH","CEBU","RESIDENTIAL REGULAR","12,000.00"
"F. LLAMAS ST","DON BOSCO - BUHISAN RIVER","PUNTA PRINCESA","CEBU SOUTH","CEBU","RESIDENTIAL REGULAR","12,000.00"
"F. PACANA ST","TRES DE ABRIL-BUHISAN RIVER","PUNTA PRINCESA","CEBU SOUTH","CEBU","RESIDENTIAL REGULAR","10,100.00"
"GANSIANG ST","AVOCADO-LIM CPD","PUNTA PRINCESA","CEBU SOUTH","CEBU","RESIDENTIAL REGULAR","12,000.00"
"NANGKA STREET","","PUNTA PRINCESA","CEBU SOUTH","CEBU","RESIDENTIAL REGULAR","10,000.00"
"OLIVIA STREET","","PUNTA PRINCESA","CEBU SOUTH","CEBU","RESIDENTIAL REGULAR","10,000.00"
"PAEZ, MAGNO STREET","","PUNTA PRINCESA","CEBU SOUTH","CEBU","RESIDENTIAL REGULAR","10,300.00"
"SITIO MANGGAHAN","","PUNTA PRINCESA","CEBU SOUTH","CEBU","RESIDENTIAL REGULAR","8,000.00"
"SITIO MANGGA ROAD","","PUNTA PRINCESA","CEBU SOUTH","CEBU","RESIDENTIAL REGULAR","8,000.00"
"ST. BENEDICT STREET","","PUNTA PRINCESA","CEBU SOUTH","CEBU","RESIDENTIAL REGULAR","8,000.00"
"ST. FRANCIS STREET","","PUNTA PRINCESA","CEBU SOUTH","CEBU","RESIDENTIAL REGULAR","8,000.00"
"TRES DE ABRIL STREET","FROM SALVADOR TO P. PRINCESA","PUNTA PRINCESA","CEBU SOUTH","CEBU","COMMERCIAL REGULAR","15,000.00"
"TRES DE ABRIL ST.","LLAMAS-BUHISAN RIVER","PUNTA PRINCESA","CEBU SOUTH","CEBU","RESIDENTIAL REGULAR","12,000.00"
"ALL OTHER STREETS","","PUNTA PRINCESA","CEBU SOUTH","CEBU","RESIDENTIAL REGULAR","12,000.00"
"ALL OTHER STREETS","","PUNTA PRINCESA","CEBU SOUTH","CEBU","COMMERCIAL REGULAR","10,300.00"
"ALL OTHER STREETS","","PUNTA PRINCESA","CEBU SOUTH","CEBU","RESIDENTIAL REGULAR","8,000.00"
"ALL OTHER STREETS","INTERIOR","PUNTA PRINCESA","CEBU SOUTH","CEBU","RESIDENTIAL REGULAR","5,500.00"
"ALL OTHER STREETS","","PUNTA PRINCESA","CEBU SOUTH","CEBU","AGRICULTURAL","1,500.00"
"ATILLO SUB","","PUNTA PRINCESA","CEBU SOUTH","CEBU","RESIDENTIAL REGULAR","10,300.00"
"ELVIRA CUI SUBD","TRES DE ABRIL-BUHISAN RIVER","PUNTA PRINCESA","CEBU SOUTH","CEBU","RESIDENTIAL REGULAR","10,300.00"
"BINONDO COMPOUND R","","PUNTA PRINCESA","CEBU SOUTH","CEBU","RESIDENTIAL REGULAR","10,300.00"
"CLARITA VILLAGE","F LLAMAS ST","PUNTA PRINCESA","CEBU SOUTH","CEBU","RESIDENTIAL REGULAR","10,000.00"
"COUNTRY DRIVE","","PUNTA PRINCESA","CEBU SOUTH","CEBU","RESIDENTIAL REGULAR","12,000.00"
"DONA MARIA VILLAGE","","PUNTA PRINCESA","CEBU SOUTH","CEBU","RESIDENTIAL REGULAR","10,300.00"
"GOCHAN SUBD","BACK OF DON BOSCO","PUNTA PRINCESA","CEBU SOUTH","CEBU","RESIDENTIAL REGULAR","10,300.00"
"GUADALUPE VILLAGE I","F LLAMAS ST","PUNTA PRINCESA","CEBU SOUTH","CEBU","RESIDENTIAL REGULAR","10,300.00"
"GUADALUPE VILLAGE II","F LLAMAS ST","PUNTA PRINCESA","CEBU SOUTH","CEBU","RESIDENTIAL REGULAR","10,300.00"
"LOURDES VILLAGE","E. SABELLANO ST","PUNTA PRINCESA","CEBU SOUTH","CEBU","RESIDENTIAL REGULAR","10,300.00"
"MAJERO SUBD","3 DE ABRIL ST","PUNTA PRINCESA","CEBU SOUTH","CEBU","RESIDENTIAL REGULAR","12,000.00"
"PLEASANT HOMES SUBD","E. SABELLANA ST","PUNTA PRINCESA","CEBU SOUTH","CEBU","RESIDENTIAL REGULAR","12,000.00"
"SAN GERARDO SUBD.","","PUNTA PRINCESA","CEBU SOUTH","CEBU","RESIDENTIAL REGULAR","95,000.00"
"SAN GERARDO SUBD.","","PUNTA PRINCESA","CEBU SOUTH","CEBU","RESIDENTIAL REGULAR","10,000.00"
"TRES DE ABRIL VILLAGE","","PUNTA PRINCESA","CEBU SOUTH","CEBU","RESIDENTIAL REGULAR","12,000.00"
"VICTOR VILLAGE","3 DE ABRIL-F PACANA","PUNTA PRINCESA","CEBU SOUTH","CEBU","RESIDENTIAL REGULAR","10,300.00"
"VILLA CRISTINA VILL","","PUNTA PRINCESA","CEBU SOUTH","CEBU","RESIDENTIAL REGULAR","10,300.00"
"VILLAGONZALO CMPD.","","PUNTA PRINCESA","CEBU SOUTH","CEBU","RESIDENTIAL REGULAR","10,300.00"
"ALL OTHER EXISITING SUBDIVISION","","PUNTA PRINCESA","CEBU SOUTH","CEBU","RESIDENTIAL REGULAR","10,300.00"
"NEW SUBDIIVISION","FIRST CLASS","PUNTA PRINCESA","CEBU SOUTH","CEBU","RESIDENTIAL REGULAR","15,000.00"
"NEW SUBDIIVISION","LOW COST","PUNTA PRINCESA","CEBU SOUTH","CEBU","RESIDENTIAL REGULAR","7,500.00"
"CONDOMINIUM - HIGH END","","PUNTA PRINCESA","CEBU SOUTH","CEBU","COMMERCIAL CONDOMINIUM","95,000.00"
"CONDOMINIUM - HIGH END","","PUNTA PRINCESA","CEBU SOUTH","CEBU","RESIDENTIAL CONDOMINIUM","75,000.00"
"CONDOMINIUM - HIGH END","","PUNTA PRINCESA","CEBU SOUTH","CEBU","PARKING SLOT","45,000.00"
"CONDOMINIUM - LOW COST","","PUNTA PRINCESA","CEBU SOUTH","CEBU","RESIDENTIAL CONDOMINIUM","40,000.00"
"APO ST.","","QUIOT PARDO","CEBU SOUTH","CEBU","RESIDENTIAL REGULAR","10,900.00"
"BAYANIHAN","N. BACALSO AVE.","QUIOT PARDO","CEBU SOUTH","CEBU","RESIDENTIAL REGULAR","15,300.00"
"BAYANIHAN","POTENCIANO-BAYANIHAN","QUIOT PARDO","CEBU SOUTH","CEBU","RESIDENTIAL REGULAR","10,900.00"
"E SABELLANO ST","KINSANG-AN TO PUNTA PRINS","QUIOT PARDO","CEBU SOUTH","CEBU","RESIDENTIAL REGULAR","11,400.00"
"GENES COMPOUND","","QUIOT PARDO","CEBU SOUTH","CEBU","RESIDENTIAL REGULAR","19,100.00"
"GENES COMPOUND","","QUIOT PARDO","CEBU SOUTH","CEBU","RESIDENTIAL REGULAR","14,500.00"
"N. BACALSO AVE.","POTENCIANO-BAYANIHAN","QUIOT PARDO","CEBU SOUTH","CEBU","COMMERCIAL REGULAR","19,100.00"
"USJR BACK","","QUIOT PARDO","CEBU SOUTH","CEBU","RESIDENTIAL REGULAR","12,000.00"
"ALL OTHER STREETS","","QUIOT PARDO","CEBU SOUTH","CEBU","COMMERCIAL REGULAR","18,800.00"
"ALL OTHER STREETS","","QUIOT PARDO","CEBU SOUTH","CEBU","RESIDENTIAL REGULAR","10,900.00"
"ALL OTHER STREETS","INTERIOR","QUIOT PARDO","CEBU SOUTH","CEBU","RESIDENTIAL REGULAR","7,100.00"
"BAYANIHAN VILLAGE","SUBDIVISION","QUIOT PARDO","CEBU SOUTH","CEBU","RESIDENTIAL REGULAR","14,500.00"
"DESANA HEIGTHS","","QUIOT PARDO","CEBU SOUTH","CEBU","RESIDENTIAL REGULAR","14,500.00"
"GOCHAN SUBD II","E SABELLANO ST","QUIOT PARDO","CEBU SOUTH","CEBU","RESIDENTIAL REGULAR","14,500.00"
"GOCHAN","","QUIOT PARDO","CEBU SOUTH","CEBU","RESIDENTIAL REGULAR","14,500.00"
"GRANDADA SUBD","","QUIOT PARDO","CEBU SOUTH","CEBU","RESIDENTIAL REGULAR","14,500.00"
"GREENBELT","SUBDIVISION","QUIOT PARDO","CEBU SOUTH","CEBU","RESIDENTIAL REGULAR","14,500.00"
"HONEY VILLE SUBD","E SABELLANO ST","QUIOT PARDO","CEBU SOUTH","CEBU","RESIDENTIAL REGULAR","14,500.00"
"MOUNTAINVIEW SUBD","E SABELLANO ST","QUIOT PARDO","CEBU SOUTH","CEBU","RESIDENTIAL REGULAR","14,500.00"
"MURILLO VILLAGE","E SABELLANO ST","QUIOT PARDO","CEBU SOUTH","CEBU","RESIDENTIAL REGULAR","14,500.00"
"SAN ROQUE HOMES","","QUIOT PARDO","CEBU SOUTH","CEBU","RESIDENTIAL REGULAR","14,500.00"
"SAN CARLOS HTS SUBD","","QUIOT PARDO","CEBU SOUTH","CEBU","COMMERCIAL REGULAR","95,000.00"
"SAN CARLOS HTS SUBD","","QUIOT PARDO","CEBU SOUTH","CEBU","RESIDENTIAL REGULAR","15,500.00"
"ALL OTHER EXISTING SUBDIVISIONS","","QUIOT PARDO","CEBU SOUTH","CEBU","RESIDENTIAL REGULAR","10,000.00"
"NEW SUBDIIVISION","FIRST CLASS","QUIOT PARDO","CEBU SOUTH","CEBU","RESIDENTIAL REGULAR","15,000.00"
"NEW SUBDIIVISION","LOW COST","QUIOT PARDO","CEBU SOUTH","CEBU","RESIDENTIAL REGULAR","7,500.00"
"CONDOMINIUM - HIGH END","","QUIOT PARDO","CEBU SOUTH","CEBU","COMMERCIAL CONDOMINIUM","95,000.00"
"CONDOMINIUM - HIGH END","","QUIOT PARDO","CEBU SOUTH","CEBU","RESIDENTIAL CONDOMINIUM","75,000.00"
"CONDOMINIUM - HIGH END","","QUIOT PARDO","CEBU SOUTH","CEBU","PARKING SLOT","45,000.00"
"CONDOMINIUM - LOW COST","","QUIOT PARDO","CEBU SOUTH","CEBU","RESIDENTIAL CONDOMINIUM","40,000.00"
"ANTONIO ABAD TORMIS","","SAMBAG I","CEBU SOUTH","CEBU","RESIDENTIAL REGULAR","16,000.00"
"CABIGON ST.","","SAMBAG I","CEBU SOUTH","CEBU","RESIDENTIAL REGULAR","14,000.00"
"DROP INN STREET","","SAMBAG I","CEBU SOUTH","CEBU","RESIDENTIAL REGULAR","14,000.00"
"INT. B. RODRIGUEZ STREET","","SAMBAG I","CEBU SOUTH","CEBU","RESIDENTIAL REGULAR","17,000.00"
"J URGELLO PRIVATE ROAD","","SAMBAG I","CEBU SOUTH","CEBU","RESIDENTIAL REGULAR","16,000.00"
"MH AZNAR ROAD","","SAMBAG I","CEBU SOUTH","CEBU","RESIDENTIAL REGULAR","14,200.00"
"NATALIO BACALSO AVE","PANGANIBAN-L KILAT","SAMBAG I","CEBU SOUTH","CEBU","COMMERCIAL REGULAR","34,100.00"
"NATALIO BACALSO AVE","GUAD RIVER-PANGANIBAN","SAMBAG I","CEBU SOUTH","CEBU","COMMERCIAL REGULAR","24,500.00"
"P OSMENA BLVD","UY TENG SU-RR LANDON","SAMBAG I","CEBU SOUTH","CEBU","COMMERCIAL CONDOMINIUM","95,000.00"
"P OSMENA BLVD","UY TENG SU-RR LANDON","SAMBAG I","CEBU SOUTH","CEBU","COMMERCIAL REGULAR","55,000.00"
"P OSMENA BLVD","RR LANDON-PD ROSARIO","SAMBAG I","CEBU SOUTH","CEBU","COMMERCIAL REGULAR","49,500.00"
"P DEL ROSARIO EXT","OSMENA-LEON KILAT","SAMBAG I","CEBU SOUTH","CEBU","COMMERCIAL REGULAR","44,000.00"
"P DEL ROSARIO EXT","L KILAT-URGELLO RD","SAMBAG I","CEBU SOUTH","CEBU","COMMERCIAL REGULAR","24,500.00"
"P DEL ROSARIO EXT","URGELLO RD-GUAD","SAMBAG I","CEBU SOUTH","CEBU","COMMERCIAL REGULAR","19,500.00"
"RR LANDON EXT","","SAMBAG I","CEBU SOUTH","CEBU","COMMERCIAL REGULAR","18,500.00"
"SPONGKLONG ST.","","SAMBAG I","CEBU SOUTH","CEBU","RESIDENTIAL REGULAR","12,000.00"
"UY TENG SU ST","INTERIOR","SAMBAG I","CEBU SOUTH","CEBU","COMMERCIAL REGULAR","18,500.00"
"UY TENG SU ST","PARALLEL- ROSARIO","SAMBAG I","CEBU SOUTH","CEBU","COMMERCIAL REGULAR","18,500.00"
"ALL OTHER STREETS","","SAMBAG I","CEBU SOUTH","CEBU","COMMERCIAL REGULAR","17,500.00"
"ALL OTHER STREETS","","SAMBAG I","CEBU SOUTH","CEBU","RESIDENTIAL REGULAR","14,000.00"
"ALL OTHER STREETS","INTERIOR","SAMBAG I","CEBU SOUTH","CEBU","RESIDENTIAL REGULAR","12,000.00"
"ALL EXISTING SUBDIVISIONS","","SAMBAG I","CEBU SOUTH","CEBU","RESIDENTIAL REGULAR","15,000.00"
"NEW SUBDIIVISION","FIRST CLASS","SAMBAG I","CEBU SOUTH","CEBU","RESIDENTIAL REGULAR","15,000.00"
"NEW SUBDIIVISION","LOW COST","SAMBAG I","CEBU SOUTH","CEBU","RESIDENTIAL REGULAR","7,500.00"
"CONDOMINIUM -HIGH END","","SAMBAG I","CEBU SOUTH","CEBU","COMMERCIAL CONDOMINIUM","95,000.00"
"CONDOMINIUM -HIGH END","","SAMBAG I","CEBU SOUTH","CEBU","COMMERCIAL REGULAR","92,200.00"
"CONDOMINIUM -HIGH END","","SAMBAG I","CEBU SOUTH","CEBU","RESIDENTIAL CONDOMINIUM","75,000.00"
"CONDOMINIUM -HIGH END","","SAMBAG I","CEBU SOUTH","CEBU","PARKING SLOT","45,000.00"
"CONDOMINIUM - LOW COST","","SAMBAG I","CEBU SOUTH","CEBU","RESIDENTIAL CONDOMINIUM","40,000.00"
"A. TORMIS EXTENSION","","SAMBAG II","CEBU SOUTH","CEBU","RESIDENTIAL REGULAR","12,000.00"
"ASCENSION ST.","","SAMBAG II","CEBU SOUTH","CEBU","COMMERCIAL REGULAR","22,500.00"
"ASSUMPTION ST","","SAMBAG II","CEBU SOUTH","CEBU","RESIDENTIAL REGULAR","22,500.00"
"AZNAR ROAD","","SAMBAG II","CEBU SOUTH","CEBU","COMMERCIAL REGULAR","32,500.00"
"B RODRIGUEZ ST","RIDRIGUEZ-WALINGWALING","SAMBAG II","CEBU SOUTH","CEBU","COMMERCIAL REGULAR","36,500.00"
"B RODRIGUEZ ST","WALINGWALING-OSMENA","SAMBAG II","CEBU SOUTH","CEBU","COMMERCIAL REGULAR","34,600.00"
"B. RODRIGUEZ EXT.","B. RODRIGUEZ","SAMBAG II","CEBU SOUTH","CEBU","RESIDENTIAL REGULAR","15,000.00"
"ENCARNACION","","SAMBAG II","CEBU SOUTH","CEBU","COMMERCIAL REGULAR","32,500.00"
"FUENTE OSMENA RTDA","","SAMBAG II","CEBU SOUTH","CEBU","COMMERCIAL REGULAR","92,200.00"
"J URGELLO PRIVATE ROAD","OSMENA BLVD","SAMBAG II","CEBU SOUTH","CEBU","COMMERCIAL REGULAR","24,500.00"
"JONES AVENUE/","OSMEÑA BLVD","SAMBAG II","CEBU SOUTH","CEBU","COMMERCIAL REGULAR","55,000.00"
"M. OYSON ST.  TAMBIS CIRCLE)","","SAMBAG II","CEBU SOUTH","CEBU","COMMERCIAL REGULAR","33,500.00"
"M.H AZNAR ROAD","","SAMBAG II","CEBU SOUTH","CEBU","COMMERCIAL REGULAR","33,500.00"
"P. DEL ROSARIO EXTENSION","","SAMBAG II","CEBU SOUTH","CEBU","COMMERCIAL CONDOMINIUM","95,000.00"
"P. DEL ROSARIO EXTENSION","","SAMBAG II","CEBU SOUTH","CEBU","COMMERCIAL REGULAR","29,000.00"
"UY TENG SU ST","OSMENA-J URGELLO","SAMBAG II","CEBU SOUTH","CEBU","COMMERCIAL REGULAR","24,000.00"
"V URGELLO ROAD","","SAMBAG II","CEBU SOUTH","CEBU","COMMERCIAL REGULAR","22,000.00"
"VISITACION ST","OSMEÑA","SAMBAG II","CEBU SOUTH","CEBU","COMMERCIAL REGULAR","20,000.00"
"1ST STREET","","SAMBAG II","CEBU SOUTH","CEBU","COMMERCIAL REGULAR","31,500.00"
"2ND STREET","","SAMBAG II","CEBU SOUTH","CEBU","COMMERCIAL REGULAR","47,000.00"
"3RD STREET","","SAMBAG II","CEBU SOUTH","CEBU","COMMERCIAL REGULAR","27,200.00"
"ALL OTHER STREETS","","SAMBAG II","CEBU SOUTH","CEBU","COMMERCIAL REGULAR","20,000.00"
"ALL OTHER STREETS","","SAMBAG II","CEBU SOUTH","CEBU","RESIDENTIAL REGULAR","12,000.00"
"ALL OTHER STREETS","INTERIOR","SAMBAG II","CEBU SOUTH","CEBU","RESIDENTIAL REGULAR","10,000.00"
"ESPINA VILLAGE","","SAMBAG II","CEBU SOUTH","CEBU","RESIDENTIAL REGULAR","25,000.00"
"ZARATAN SUBD. ROAD ISKP","","SAMBAG II","CEBU SOUTH","CEBU","RESIDENTIAL REGULAR","15,000.00"
"ALL OTHER EXISTING SUBDIVISIONS","","SAMBAG II","CEBU SOUTH","CEBU","RESIDENTIAL REGULAR","15,000.00"
"NEW SUBDIIVISION","FIRST CLASS","SAMBAG II","CEBU SOUTH","CEBU","RESIDENTIAL REGULAR","15,000.00"
"NEW SUBDIIVISION","LOW COST","SAMBAG II","CEBU SOUTH","CEBU","RESIDENTIAL REGULAR","7,500.00"
"CONDOMINIUM - HIGH END","","SAMBAG II","CEBU SOUTH","CEBU","COMMERCIAL CONDOMINIUM","95,000.00"
"CONDOMINIUM - HIGH END","","SAMBAG II","CEBU SOUTH","CEBU","COMMERCIAL REGULAR","75,000.00"
"CONDOMINIUM - HIGH END","","SAMBAG II","CEBU SOUTH","CEBU","RESIDENTIAL CONDOMINIUM","75,000.00"
"CONDOMINIUM - HIGH END","","SAMBAG II","CEBU SOUTH","CEBU","PARKING SLOT","45,000.00"
"CONDOMINIUM - LOW COST","","SAMBAG II","CEBU SOUTH","CEBU","RESIDENTIAL CONDOMINIUM","40,000.00"
"ABELLANA, ELENO V. STREET","","SAN NICOLAS PROPER","CEBU SOUTH","CEBU","COMMERCIAL REGULAR","17,500.00"
"ABELLANA, ELENO V. STREET","","SAN NICOLAS PROPER","CEBU SOUTH","CEBU","RESIDENTIAL REGULAR","15,000.00"
"B ARANAS ST","CARLOCK-LAKANDULA","SAN NICOLAS PROPER","CEBU SOUTH","CEBU","COMMERCIAL REGULAR","17,500.00"
"B ARANAS ST","T ABELLA-LAKANDULA","SAN NICOLAS PROPER","CEBU SOUTH","CEBU","COMMERCIAL REGULAR","17,500.00"
"C PADILLA ST","CARLOCK-LAKANDULA","SAN NICOLAS PROPER","CEBU SOUTH","CEBU","COMMERCIAL REGULAR","17,500.00"
"C PADILLA ST","T ABELLA-LAKANDULA","SAN NICOLAS PROPER","CEBU SOUTH","CEBU","COMMERCIAL REGULAR","17,500.00"
"CARLOCK ST","TRES DE ABRIL-C PADILLA","SAN NICOLAS PROPER","CEBU SOUTH","CEBU","COMMERCIAL REGULAR","17,500.00"
"FIGUEROA ST","B ARANAS-C PADILLA","SAN NICOLAS PROPER","CEBU SOUTH","CEBU","COMMERCIAL REGULAR","17,500.00"
"J M BASA ST","V RAMA-TUPAS","SAN NICOLAS PROPER","CEBU SOUTH","CEBU","COMMERCIAL REGULAR","17,500.00"
"KATIPUNAN ST.","","SAN NICOLAS PROPER","CEBU SOUTH","CEBU","COMMERCIAL REGULAR","17,500.00"
"LAKANDULA ST","TRES DE ABRIL-TUPAS","SAN NICOLAS PROPER","CEBU SOUTH","CEBU","COMMERCIAL REGULAR","17,500.00"
"N BACALSO","TRES DE ABRIL-GUAD RIVER","SAN NICOLAS PROPER","CEBU SOUTH","CEBU","COMMERCIAL REGULAR","21,700.00"
"TOMAS ABELLA ST.","C PADILLA-TUPAZ","SAN NICOLAS PROPER","CEBU SOUTH","CEBU","COMMERCIAL REGULAR","17,500.00"
"TOMAS ABELLA ST.","TRES DE ABRIL-C PADILLA","SAN NICOLAS PROPER","CEBU SOUTH","CEBU","RESIDENTIAL REGULAR","95,000.00"
"TOMAS ABELLA ST.","TRES DE ABRIL-C PADILLA","SAN NICOLAS PROPER","CEBU SOUTH","CEBU","COMMERCIAL REGULAR","17,500.00"
"TRES DE ABRIL ST","LAKANDULA","SAN NICOLAS PROPER","CEBU SOUTH","CEBU","COMMERCIAL REGULAR","17,500.00"
"TUPAS STREET","","SAN NICOLAS PROPER","CEBU SOUTH","CEBU","COMMERCIAL REGULAR","17,500.00"
"V RAMA AVENUE","R AVE- B ARANAS","SAN NICOLAS PROPER","CEBU SOUTH","CEBU","COMMERCIAL REGULAR","17,500.00"
"ALL OTHER STREETS","","SAN NICOLAS PROPER","CEBU SOUTH","CEBU","COMMERCIAL REGULAR","17,500.00"
"ALL OTHER STREETS","","SAN NICOLAS PROPER","CEBU SOUTH","CEBU","RESIDENTIAL REGULAR","15,000.00"
"ALL OTHER STREETS","INTERIOR","SAN NICOLAS PROPER","CEBU SOUTH","CEBU","RESIDENTIAL REGULAR","13,000.00"
"NEW SUBDIIVISION","FIRST CLASS","SAN NICOLAS PROPER","CEBU SOUTH","CEBU","RESIDENTIAL REGULAR","15,000.00"
"NEW SUBDIIVISION","LOW COST","SAN NICOLAS PROPER","CEBU SOUTH","CEBU","RESIDENTIAL REGULAR","7,500.00"
"CONDOMINIUM - HIGH END","","SAN NICOLAS PROPER","CEBU SOUTH","CEBU","COMMERCIAL CONDOMINIUM","95,000.00"
"CONDOMINIUM - HIGH END","","SAN NICOLAS PROPER","CEBU SOUTH","CEBU","RESIDENTIAL CONDOMINIUM","75,000.00"
"CONDOMINIUM - HIGH END","","SAN NICOLAS PROPER","CEBU SOUTH","CEBU","PARKING SLOT","45,000.00"
"CONDOMINIUM - LOW COST","","SAN NICOLAS PROPER","CEBU SOUTH","CEBU","RESIDENTIAL CONDOMINIUM","40,000.00"
"H. LABRA ST. (MAINROAD)","","SAPANGDAKU","CEBU SOUTH","CEBU","RESIDENTIAL REGULAR","2,200.00"
"ROAD TO  SITIO NAPO","","SAPANGDAKU","CEBU SOUTH","CEBU","RESIDENTIAL REGULAR","2,200.00"
"SUBURBAN AREA WITH ROAD","","SAPANGDAKU","CEBU SOUTH","CEBU","RESIDENTIAL REGULAR","2,200.00"
"SUBURBAN AREA WITH ROAD","","SAPANGDAKU","CEBU SOUTH","CEBU","RESIDENTIAL REGULAR","15,300.00"
"SUBURBAN AREA WITH ROAD","","SAPANGDAKU","CEBU SOUTH","CEBU","OTHER AGRICULTURAL LANDS","500.00"
"SUBURBAN AREA WITHOUT ROAD","","SAPANGDAKU","CEBU SOUTH","CEBU","RESIDENTIAL REGULAR","1,000.00"
"SUBURBAN AREA WITHOUT ROAD","","SAPANGDAKU","CEBU SOUTH","CEBU","OTHER AGRICULTURAL LANDS","500.00"
"RURAL AREAS","","SAPANGDAKU","CEBU SOUTH","CEBU","RESIDENTIAL REGULAR","1,000.00"
"RURAL AREAS","","SAPANGDAKU","CEBU SOUTH","CEBU","OTHER AGRICULTURAL LANDS","500.00"
"GARDEN GROOVE SUBD.","","SAPANGDAKU","CEBU SOUTH","CEBU","RESIDENTIAL REGULAR","8,000.00"
"GREEN VIEW HOMES","","SAPANGDAKU","CEBU SOUTH","CEBU","RESIDENTIAL REGULAR","8,000.00"
"HILLSIDE SUBD.","","SAPANGDAKU","CEBU SOUTH","CEBU","RESIDENTIAL REGULAR","8,000.00"
"ST. MARTIN HEIGHTS SUBD.","","SAPANGDAKU","CEBU SOUTH","CEBU","RESIDENTIAL REGULAR","8,000.00"
"ALL OTHER EXISTING SUBDIVISIONS","","SAPANGDAKU","CEBU SOUTH","CEBU","RESIDENTIAL REGULAR","8,000.00"
"NEW SUBDIVISION","FIRST CLASS SUBD","SAPANGDAKU","CEBU SOUTH","CEBU","RESIDENTIAL REGULAR","8,000.00"
"NEW SUBDIVISION","SOCIALIZED SUBD","SAPANGDAKU","CEBU SOUTH","CEBU","RESIDENTIAL REGULAR","3,700.00"
"C PADILLA ST","J M BASA-CARLOCK","SAWANG CALERO","CEBU SOUTH","CEBU","COMMERCIAL REGULAR","15,300.00"
"C PADILLA ST","","SAWANG CALERO","CEBU SOUTH","CEBU","RESIDENTIAL REGULAR","12,200.00"
"CARLOCK ST","TUPAZ ST-C PADILLA","SAWANG CALERO","CEBU SOUTH","CEBU","COMMERCIAL REGULAR","15,300.00"
"CARLOCK ST","","SAWANG CALERO","CEBU SOUTH","CEBU","RESIDENTIAL REGULAR","12,200.00"
"FIGUEROA ST","TUPAZ ST-C PADILLA","SAWANG CALERO","CEBU SOUTH","CEBU","RESIDENTIAL REGULAR","15,300.00"
"FIGUEROA ST","TUPAZ ST-C PADILLA","SAWANG CALERO","CEBU SOUTH","CEBU","COMMERCIAL REGULAR","15,300.00"
"FIGUEROA ST","","SAWANG CALERO","CEBU SOUTH","CEBU","RESIDENTIAL REGULAR","12,200.00"
"TUPAS STREET","","SAWANG CALERO","CEBU SOUTH","CEBU","COMMERCIAL REGULAR","15,300.00"
"TUPAS STREET","","SAWANG CALERO","CEBU SOUTH","CEBU","RESIDENTIAL REGULAR","12,200.00"
"J M BASA ST","TUPAZ ST-C PADILLA","SAWANG CALERO","CEBU SOUTH","CEBU","COMMERCIAL REGULAR","15,300.00"
"J M BASA ST","","SAWANG CALERO","CEBU SOUTH","CEBU","RESIDENTIAL REGULAR","12,200.00"
"JM BASA EXTENSION","","SAWANG CALERO","CEBU SOUTH","CEBU","COMMERCIAL REGULAR","15,300.00"
"JM BASA EXTENSION","","SAWANG CALERO","CEBU SOUTH","CEBU","RESIDENTIAL REGULAR","12,200.00"
"DEL ROSARIO STREET","","SAWANG CALERO","CEBU SOUTH","CEBU","COMMERCIAL REGULAR","15,300.00"
"DEL ROSARIO STREET","","SAWANG CALERO","CEBU SOUTH","CEBU","RESIDENTIAL REGULAR","12,200.00"
"R MAGSAYSAY ST","J M BASA-GEN GINEZ","SAWANG CALERO","CEBU SOUTH","CEBU","COMMERCIAL REGULAR","15,300.00"
"R MAGSAYSAY ST","","SAWANG CALERO","CEBU SOUTH","CEBU","RESIDENTIAL REGULAR","12,200.00"
"GENERAL-GINES STREEST","","SAWANG CALERO","CEBU SOUTH","CEBU","COMMERCIAL REGULAR","15,300.00"
"SPL QUALIFICATIONS","LUDO EUYM IND'L COMP","SAWANG CALERO","CEBU SOUTH","CEBU","INDUSTRIAL","15,000.00"
"TUPAS ST","GEN GINES-CARLOCK","SAWANG CALERO","CEBU SOUTH","CEBU","COMMERCIAL REGULAR","15,000.00"
"TUPAS ST","","SAWANG CALERO","CEBU SOUTH","CEBU","RESIDENTIAL REGULAR","12,200.00"
"ALL OTHER STREETS","","SAWANG CALERO","CEBU SOUTH","CEBU","RESIDENTIAL REGULAR","95,000.00"
"ALL OTHER STREETS","","SAWANG CALERO","CEBU SOUTH","CEBU","COMMERCIAL REGULAR","15,000.00"
"ALL OTHER STREETS","","SAWANG CALERO","CEBU SOUTH","CEBU","RESIDENTIAL REGULAR","12,000.00"
"ALL OTHER STREETS","","SAWANG CALERO","CEBU SOUTH","CEBU","INDUSTRIAL","15,000.00"
"ALL OTHER STREETS","INTERIOR","SAWANG CALERO","CEBU SOUTH","CEBU","RESIDENTIAL REGULAR","10,000.00"
"CONDOMINIUM - HIGH END","","SAWANG CALERO","CEBU SOUTH","CEBU","COMMERCIAL CONDOMINIUM","95,000.00"
"CONDOMINIUM - HIGH END","","SAWANG CALERO","CEBU SOUTH","CEBU","RESIDENTIAL CONDOMINIUM","75,000.00"
"CONDOMINIUM - HIGH END","","SAWANG CALERO","CEBU SOUTH","CEBU","PARKING SLOT","45,000.00"
"CONDOMINIUM - LOW COST","","SAWANG CALERO","CEBU SOUTH","CEBU","RESIDENTIAL CONDOMINIUM","40,000.00"
"SUBURBAN AREAS WITH ROAD","","SINSIN","CEBU SOUTH","CEBU","RESIDENTIAL REGULAR","1,500.00"
"SUBURBAN AREAS WITH ROAD","","SINSIN","CEBU SOUTH","CEBU","OTHER AGRICULTURAL LANDS","1,000.00"
"SUBURBAN AREAS WITHOUT ROAD","","SINSIN","CEBU SOUTH","CEBU","RESIDENTIAL REGULAR","1,000.00"
"SUBURBAN AREAS WITHOUT ROAD","","SINSIN","CEBU SOUTH","CEBU","OTHER AGRICULTURAL LANDS","500.00"
"RURAL BARANGAY","","SINSIN","CEBU SOUTH","CEBU","RESIDENTIAL REGULAR","1,000.00"
"RURAL BARANGAY","","SINSIN","CEBU SOUTH","CEBU","OTHER AGRICULTURAL LANDS","500.00"
"NEW SUBDIVISION","FIRST CLASS SUBD","SINSIN","CEBU SOUTH","CEBU","RESIDENTIAL REGULAR","8,000.00"
"NEW SUBDIVISION","SOCIALIZED SUBD","SINSIN","CEBU SOUTH","CEBU","RESIDENTIAL REGULAR","3,700.00"
"ALL AREAS (MAIN ROAD HIGHWAY)","","SOUTH RECLAMATION PROJECT","CEBU SOUTH","CEBU","RESIDENTIAL REGULAR","105,000.00"
"ALL AREAS (MAIN ROAD HIGHWAY)","","SOUTH RECLAMATION PROJECT","CEBU SOUTH","CEBU","COMMERCIAL REGULAR","95,000.00"
"(SUB-STREET)","","SOUTH RECLAMATION PROJECT","CEBU SOUTH","CEBU","COMMERCIAL REGULAR","75,000.00"
"(SUB-STREET)","","SOUTH RECLAMATION PROJECT","CEBU SOUTH","CEBU","RESIDENTIAL REGULAR","45,000.00"
"CONDO - SAN REMO OASIS","","SOUTH RECLAMATION PROJECT","CEBU SOUTH","CEBU","COMMERCIAL REGULAR","105,000.00"
"CONDO - SAN REMO OASIS","","SOUTH RECLAMATION PROJECT","CEBU SOUTH","CEBU","RESIDENTIAL REGULAR","75,000.00"
"- CITTA DI MARE CONDO","","SOUTH RECLAMATION PROJECT","CEBU SOUTH","CEBU","COMMERCIAL REGULAR","105,000.00"
"- CITTA DI MARE CONDO","","SOUTH RECLAMATION PROJECT","CEBU SOUTH","CEBU","RESIDENTIAL REGULAR","75,000.00"
"CONDOMINIUM - HIGH END","","SOUTH RECLAMATION PROJECT","CEBU SOUTH","CEBU","COMMERCIAL CONDOMINIUM","95,000.00"
"CONDOMINIUM - HIGH END","","SOUTH RECLAMATION PROJECT","CEBU SOUTH","CEBU","RESIDENTIAL CONDOMINIUM","75,000.00"
"CONDOMINIUM - HIGH END","","SOUTH RECLAMATION PROJECT","CEBU SOUTH","CEBU","PARKING SLOT","45,000.00"
"CONDOMINIUM - LOW COST","","SOUTH RECLAMATION PROJECT","CEBU SOUTH","CEBU","RESIDENTIAL CONDOMINIUM","40,000.00"
"ABELLANA ST.","BUGALLON-GARFIELD","SUBA PASIL","CEBU SOUTH","CEBU","COMMERCIAL REGULAR","15,300.00"
"ABELLANA ST.","","SUBA PASIL","CEBU SOUTH","CEBU","RESIDENTIAL REGULAR","12,200.00"
"ABELLAR, LUIS STREET","","SUBA PASIL","CEBU SOUTH","CEBU","COMMERCIAL REGULAR","15,300.00"
"ABELLAR, LUIS STREET","","SUBA PASIL","CEBU SOUTH","CEBU","RESIDENTIAL REGULAR","12,200.00"
"ACCESS ROAD 3","SATO. NINO SEASHORE","SUBA PASIL","CEBU SOUTH","CEBU","RESIDENTIAL REGULAR","12,200.00"
"BELGIUM ST.","","SUBA PASIL","CEBU SOUTH","CEBU","RESIDENTIAL REGULAR","15,300.00"
"BELGIUM ST.","","SUBA PASIL","CEBU SOUTH","CEBU","COMMERCIAL REGULAR","15,300.00"
"BELGIUM ST.","","SUBA PASIL","CEBU SOUTH","CEBU","RESIDENTIAL REGULAR","12,200.00"
"F. RALLOS ST.","GARFIELD","SUBA PASIL","CEBU SOUTH","CEBU","COMMERCIAL REGULAR","15,300.00"
"F. RALLOS ST.","GARFIELD","SUBA PASIL","CEBU SOUTH","CEBU","RESIDENTIAL REGULAR","12,200.00"
"GARFIELD ST.","TUPAZ-STO.NINO","SUBA PASIL","CEBU SOUTH","CEBU","COMMERCIAL REGULAR","15,300.00"
"GARFIELD ST.","","SUBA PASIL","CEBU SOUTH","CEBU","RESIDENTIAL REGULAR","12,200.00"
"GEN GINES ST.","TUPAS-MAGSAYSAY","SUBA PASIL","CEBU SOUTH","CEBU","COMMERCIAL REGULAR","15,300.00"
"GEN GINES ST.","","SUBA PASIL","CEBU SOUTH","CEBU","RESIDENTIAL REGULAR","12,200.00"
"M. DELA CONCEPCION","GEN. GINES GARFIELD","SUBA PASIL","CEBU SOUTH","CEBU","COMMERCIAL REGULAR","15,300.00"
"M. DELA CONCEPCION","","SUBA PASIL","CEBU SOUTH","CEBU","RESIDENTIAL REGULAR","12,200.00"
"MAGSAYSAY ST.","GEN. GINES GARFIELD","SUBA PASIL","CEBU SOUTH","CEBU","COMMERCIAL REGULAR","15,300.00"
"MAGSAYSAY ST.","","SUBA PASIL","CEBU SOUTH","CEBU","RESIDENTIAL REGULAR","12,200.00"
"STO. NINO ST.","","SUBA PASIL","CEBU SOUTH","CEBU","COMMERCIAL REGULAR","15,300.00"
"STO. NINO ST.","BUGALLON-GARFIELD","SUBA PASIL","CEBU SOUTH","CEBU","RESIDENTIAL REGULAR","12,200.00"
"T. BUGALLON ST.","TUPAS-WHARF","SUBA PASIL","CEBU SOUTH","CEBU","COMMERCIAL REGULAR","15,300.00"
"T. BUGALLON ST.","","SUBA PASIL","CEBU SOUTH","CEBU","RESIDENTIAL REGULAR","12,200.00"
"TUPAS ST.","GEN. GINES-GARFIELD","SUBA PASIL","CEBU SOUTH","CEBU","RESIDENTIAL REGULAR","95,000.00"
"TUPAS ST.","GEN. GINES-GARFIELD","SUBA PASIL","CEBU SOUTH","CEBU","COMMERCIAL REGULAR","15,300.00"
"TUPAS ST.","","SUBA PASIL","CEBU SOUTH","CEBU","RESIDENTIAL REGULAR","12,200.00"
"ALL OTHER STREETS","","SUBA PASIL","CEBU SOUTH","CEBU","COMMERCIAL REGULAR","15,300.00"
"ALL OTHER STREETS","","SUBA PASIL","CEBU SOUTH","CEBU","RESIDENTIAL REGULAR","12,200.00"
"ALL OTHER STREETS","INTERIOR","SUBA PASIL","CEBU SOUTH","CEBU","RESIDENTIAL REGULAR","8,000.00"
"CONDOMINIUM - HIGH END","","SUBA PASIL","CEBU SOUTH","CEBU","COMMERCIAL CONDOMINIUM","95,000.00"
"CONDOMINIUM - HIGH END","","SUBA PASIL","CEBU SOUTH","CEBU","RESIDENTIAL CONDOMINIUM","75,000.00"
"CONDOMINIUM - HIGH END","","SUBA PASIL","CEBU SOUTH","CEBU","PARKING SLOT","45,000.00"
"CONDOMINIUM  - LOW COST","","SUBA PASIL","CEBU SOUTH","CEBU","RESIDENTIAL CONDOMINIUM","40,000.00"
"SUBURBAN AREAS WITH ROAD","","SUDLON I","CEBU SOUTH","CEBU","RESIDENTIAL REGULAR","1,500.00"
"SUBURBAN AREAS WITH ROAD","","SUDLON I","CEBU SOUTH","CEBU","OTHER AGRICULTURAL LANDS","1,000.00"
"SUBURBAN AREAS WITHOUT ROAD","","SUDLON I","CEBU SOUTH","CEBU","RESIDENTIAL REGULAR","1,000.00"
"SUBURBAN AREAS WITHOUT ROAD","","SUDLON I","CEBU SOUTH","CEBU","OTHER AGRICULTURAL LANDS","500.00"
"RURAL BARANGAY","","SUDLON I","CEBU SOUTH","CEBU","RESIDENTIAL REGULAR","1,000.00"
"RURAL BARANGAY","","SUDLON I","CEBU SOUTH","CEBU","OTHER AGRICULTURAL LANDS","500.00"
"NEW SUBDIVISION","FIRST CLASS SUBD","SUDLON I","CEBU SOUTH","CEBU","RESIDENTIAL REGULAR","8,000.00"
"NEW SUBDIVISION","SOCIALIZED SUBD","SUDLON I","CEBU SOUTH","CEBU","RESIDENTIAL REGULAR","8,000.00"
"NEW SUBDIVISION","SOCIALIZED SUBD","SUDLON I","CEBU SOUTH","CEBU","RESIDENTIAL REGULAR","3,700.00"
"SUBURBAN AREAS WITH ROAD","","SUDLON II","CEBU SOUTH","CEBU","RESIDENTIAL REGULAR","1,500.00"
"SUBURBAN AREAS WITH ROAD","","SUDLON II","CEBU SOUTH","CEBU","OTHER AGRICULTURAL LANDS","1,000.00"
"SUBURBAN AREAS WITHOUT ROAD","","SUDLON II","CEBU SOUTH","CEBU","RESIDENTIAL REGULAR","1,000.00"
"SUBURBAN AREAS WITHOUT ROAD","","SUDLON II","CEBU SOUTH","CEBU","OTHER AGRICULTURAL LANDS","500.00"
"RURAL BARANGAY","","SUDLON II","CEBU SOUTH","CEBU","RESIDENTIAL REGULAR","1,000.00"
"RURAL BARANGAY","","SUDLON II","CEBU SOUTH","CEBU","OTHER AGRICULTURAL LANDS","500.00"
"NEW SUBDIVISION","FIRST CLASS SUBD","SUDLON II","CEBU SOUTH","CEBU","RESIDENTIAL REGULAR","8,000.00"
"NEW SUBDIVISION","SOCIALIZED SUBD","TABUNAN","CEBU SOUTH","CEBU","COMMERCIAL REGULAR","15,000.00"
"NEW SUBDIVISION","SOCIALIZED SUBD","TABUNAN","CEBU SOUTH","CEBU","RESIDENTIAL REGULAR","3,700.00"
"SUBURBAN AREAS WITH ROAD","","TAG-BAO","CEBU SOUTH","CEBU","RESIDENTIAL REGULAR","1,500.00"
"SUBURBAN AREAS WITH ROAD","","TAG-BAO","CEBU SOUTH","CEBU","OTHER AGRICULTURAL LANDS","1,000.00"
"SUBURBAN AREAS WITHOUT ROAD","","TAG-BAO","CEBU SOUTH","CEBU","RESIDENTIAL REGULAR","1,000.00"
"SUBURBAN AREAS WITHOUT ROAD","","TAG-BAO","CEBU SOUTH","CEBU","OTHER AGRICULTURAL LANDS","500.00"
"RURAL BARANGAY","","TAG-BAO","CEBU SOUTH","CEBU","RESIDENTIAL REGULAR","1,000.00"
"RURAL BARANGAY","","TAG-BAO","CEBU SOUTH","CEBU","OTHER AGRICULTURAL LANDS","500.00"
"NEW SUBDIVISION","FIRST CLASS SUBD","TAG-BAO","CEBU SOUTH","CEBU","RESIDENTIAL REGULAR","8,000.00"
"BANIKA","","TISA","CEBU SOUTH","CEBU","RESIDENTIAL REGULAR","6,000.00"
"CAPACULAN","","TISA","CEBU SOUTH","CEBU","RESIDENTIAL REGULAR","8,200.00"
"CAPACULAN","","TISA","CEBU SOUTH","CEBU","AGRICULTURAL","2,000.00"
"COBARRUBIAS","","TISA","CEBU SOUTH","CEBU","RESIDENTIAL REGULAR","10,600.00"
"DOSDOS","","TISA","CEBU SOUTH","CEBU","RESIDENTIAL REGULAR","6,000.00"
"ESPEKAPA","","TISA","CEBU SOUTH","CEBU","RESIDENTIAL REGULAR","6,000.00"
"F. LLAMAS ST.","","TISA","CEBU SOUTH","CEBU","COMMERCIAL REGULAR","15,000.00"
"F. LLAMAS ST.","BUHISAN-KATIPUNAN","TISA","CEBU SOUTH","CEBU","AGRICULTURAL","15,000.00"
"F. LLAMAS ST.","BUHISAN-KATIPUNAN","TISA","CEBU SOUTH","CEBU","RESIDENTIAL REGULAR","11,500.00"
"F.PACAÑA ST.","KATIPUNAN-BUHISAN","TISA","CEBU SOUTH","CEBU","COMMERCIAL REGULAR","12,500.00"
"F.PACAÑA ST.","KATIPUNAN-BUHISAN","TISA","CEBU SOUTH","CEBU","RESIDENTIAL REGULAR","10,100.00"
"FOUNDATION FOR THE DEV OF UBRAN POOR","","TISA","CEBU SOUTH","CEBU","RESIDENTIAL REGULAR","10,400.00"
"GUIJO STREET","","TISA","CEBU SOUTH","CEBU","RESIDENTIAL REGULAR","10,000.00"
"KATIPUNAN ST","LABANGON-F PACANA","TISA","CEBU SOUTH","CEBU","COMMERCIAL REGULAR","15,000.00"
"KATIPUNAN ST","F PACANA-LLAMAS","TISA","CEBU SOUTH","CEBU","RESIDENTIAL REGULAR","13,000.00"
"KATIPUNAN ST","F LLAMAS-FILTRO","TISA","CEBU SOUTH","CEBU","RESIDENTIAL REGULAR","12,500.00"
"KATIPUNAN ST. EXTENSION","","TISA","CEBU SOUTH","CEBU","COMMERCIAL REGULAR","10,000.00"
"KATIPUNAN ST. EXTENSION","","TISA","CEBU SOUTH","CEBU","RESIDENTIAL REGULAR","10,000.00"
"KIRK WOOD STREET","","TISA","CEBU SOUTH","CEBU","RESIDENTIAL REGULAR","8,000.00"
"LIPA, A. STREET","","TISA","CEBU SOUTH","CEBU","RESIDENTIAL REGULAR","8,000.00"
"SAN PEDRO ST.","","TISA","CEBU SOUTH","CEBU","RESIDENTIAL REGULAR","8,000.00"
"SITIO HIDDEN VALLEY","","TISA","CEBU SOUTH","CEBU","AGRICULTURAL","1,500.00"
"SITIO HOYA","","TISA","CEBU SOUTH","CEBU","RESIDENTIAL REGULAR","6,000.00"
"SITIO HOYA","","TISA","CEBU SOUTH","CEBU","AGRICULTURAL","1,500.00"
"SITIO KAIMBOL","","TISA","CEBU SOUTH","CEBU","RESIDENTIAL REGULAR","25,000.00"
"SITIO KAIMBOL","","TISA","CEBU SOUTH","CEBU","RESIDENTIAL REGULAR","6,000.00"
"SITIO KAIMBOL","","TISA","CEBU SOUTH","CEBU","AGRICULTURAL","1,500.00"
"SUN FLOWER","","TISA","CEBU SOUTH","CEBU","RESIDENTIAL REGULAR","6,000.00"
"TISA FILTER SITE","","TISA","CEBU SOUTH","CEBU","RESIDENTIAL REGULAR","6,000.00"
"TISA FILTER SITE","","TISA","CEBU SOUTH","CEBU","AGRICULTURAL","3,000.00"
"ALL OTHER STREETS","","TISA","CEBU SOUTH","CEBU","COMMERCIAL REGULAR","16,500.00"
"ALL OTHER STREETS","","TISA","CEBU SOUTH","CEBU","RESIDENTIAL REGULAR","6,000.00"
"ALL OTHER STREETS","INTERIOR","TISA","CEBU SOUTH","CEBU","RESIDENTIAL REGULAR","4,000.00"
"ALL OTHER STREETS","","TISA","CEBU SOUTH","CEBU","AGRICULTURAL","1,500.00"
"BAYANIHAN VILLAGE","","TISA","CEBU SOUTH","CEBU","RESIDENTIAL REGULAR","10,000.00"
"CABALLERO COMPOUND","","TISA","CEBU SOUTH","CEBU","RESIDENTIAL REGULAR","8,000.00"
"CASA ROSITA SUBDIVISION","","TISA","CEBU SOUTH","CEBU","RESIDENTIAL REGULAR","25,000.00"
"DONA ESPERANZA VILL","KATIPUNAN ST","TISA","CEBU SOUTH","CEBU","RESIDENTIAL REGULAR","11,400.00"
"EL ORLANDO/TOMLYN'S COMPD.","","TISA","CEBU SOUTH","CEBU","RESIDENTIAL REGULAR","8,500.00"
"F GOCHAN VILLAGE","","TISA","CEBU SOUTH","CEBU","RESIDENTIAL REGULAR","12,100.00"
"FELINA VILL NEIGHBOR","","TISA","CEBU SOUTH","CEBU","RESIDENTIAL REGULAR","12,300.00"
"HAPI-HAPI COMPOUND","","TISA","CEBU SOUTH","CEBU","RESIDENTIAL REGULAR","13,200.00"
"HAPI-HAPI COMPOUND","","TISA","CEBU SOUTH","CEBU","RESIDENTIAL REGULAR","8,000.00"
"HILLS VIEW SUBDIVISION","","TISA","CEBU SOUTH","CEBU","RESIDENTIAL REGULAR","8,000.00"
"HILLSVIEW COMMUNITY ASS'N","","TISA","CEBU SOUTH","CEBU","RESIDENTIAL REGULAR","10,000.00"
"KADASIG PHASE I","","TISA","CEBU SOUTH","CEBU","RESIDENTIAL REGULAR","8,000.00"
"KADASIG PHASE II","","TISA","CEBU SOUTH","CEBU","RESIDENTIAL REGULAR","8,000.00"
"KADASIG PHASE III","","TISA","CEBU SOUTH","CEBU","RESIDENTIAL REGULAR","8,000.00"
"LA PALOMA VILLAGE","KATIPUNAN ST","TISA","CEBU SOUTH","CEBU","RESIDENTIAL REGULAR","13,200.00"
"LAPIÑA COMPOUND","","TISA","CEBU SOUTH","CEBU","RESIDENTIAL REGULAR","8,000.00"
"MAYA VILLAGE","","TISA","CEBU SOUTH","CEBU","RESIDENTIAL REGULAR","12,100.00"
"MERCADO SUBDIVISION","","TISA","CEBU SOUTH","CEBU","RESIDENTIAL REGULAR","12,000.00"
"MILANG SUBDIVISION","","TISA","CEBU SOUTH","CEBU","RESIDENTIAL REGULAR","12,000.00"
"MOHON TISA RES ASS. INC. SUBD","","TISA","CEBU SOUTH","CEBU","RESIDENTIAL REGULAR","8,000.00"
"MOUNTAIN BREEZE SUBD.","","TISA","CEBU SOUTH","CEBU","RESIDENTIAL REGULAR","9,000.00"
"NAYA VILLAGE","","TISA","CEBU SOUTH","CEBU","RESIDENTIAL REGULAR","11,000.00"
"NENENG COMPOUND","F. LLAMAS ST","TISA","CEBU SOUTH","CEBU","RESIDENTIAL REGULAR","8,000.00"
"ODEVILAS SUBDIVISION","","TISA","CEBU SOUTH","CEBU","RESIDENTIAL REGULAR","12,000.00"
"OLIVA SUBDIVISION","SITIO KALUBIHAN","TISA","CEBU SOUTH","CEBU","COMMERCIAL CONDOMINIUM","95,000.00"
"OLIVA SUBDIVISION","SITIO KALUBIHAN","TISA","CEBU SOUTH","CEBU","RESIDENTIAL REGULAR","8,000.00"
"RIVA RIDGE SUBD","","TISA","CEBU SOUTH","CEBU","RESIDENTIAL REGULAR","12,100.00"
"ROCKY HILLS","","TISA","CEBU SOUTH","CEBU","RESIDENTIAL REGULAR","8,000.00"
"SAN AGUSTIN VILLAGE","","TISA","CEBU SOUTH","CEBU","RESIDENTIAL REGULAR","10,300.00"
"SAN JOSE VILLAGE","","TISA","CEBU SOUTH","CEBU","COMMERCIAL REGULAR","15,000.00"
"SAN JOSE VILLAGE","","TISA","CEBU SOUTH","CEBU","RESIDENTIAL REGULAR","10,000.00"
"SOUTH HILLS SUBDIVISION","","TISA","CEBU SOUTH","CEBU","RESIDENTIAL REGULAR","15,000.00"
"STA TERESITA VILL","","TISA","CEBU SOUTH","CEBU","RESIDENTIAL REGULAR","12,100.00"
"TISA HILLS VILL & NS","","TISA","CEBU SOUTH","CEBU","RESIDENTIAL REGULAR","11,200.00"
"URBAN DECA HOMES","","TISA","CEBU SOUTH","CEBU","RESIDENTIAL REGULAR","10,000.00"
"VILLA ELENA","","TISA","CEBU SOUTH","CEBU","RESIDENTIAL REGULAR","10,000.00"
"VILLA ISIDRA","F LLAMAS","TISA","CEBU SOUTH","CEBU","RESIDENTIAL REGULAR","11,200.00"
"ALL OTHER EXISTING SUBDIVISION","","TISA","CEBU SOUTH","CEBU","RESIDENTIAL REGULAR","8,000.00"
"NEW SUBDIIVISION","FIRST CLASS","TISA","CEBU SOUTH","CEBU","RESIDENTIAL REGULAR","15,000.00"
"NEW SUBDIIVISION","LOW COST","TISA","CEBU SOUTH","CEBU","RESIDENTIAL REGULAR","7,500.00"
"CONDOMINIUM - HIGH END","","TISA","CEBU SOUTH","CEBU","COMMERCIAL CONDOMINIUM","95,000.00"
"CONDOMINIUM - HIGH END","","TISA","CARCAR","CEBU","RESIDENTIAL REGULAR","75,000.00"
"CONDOMINIUM - HIGH END","","TISA","CEBU SOUTH","CEBU","RESIDENTIAL CONDOMINIUM","75,000.00"
"CONDOMINIUM - HIGH END","","TISA","CEBU SOUTH","CEBU","PARKING SLOT","45,000.00"
"CONDOMINIUM - LOW COST","","TISA","CEBU SOUTH","CEBU","RESIDENTIAL CONDOMINIUM","40,000.00"
"SUBURBAN AREAS WITH ROAD","","TO-ONG","CEBU SOUTH","CEBU","RESIDENTIAL REGULAR","1,500.00"
"SUBURBAN AREAS WITH ROAD","","TO-ONG","CEBU SOUTH","CEBU","OTHER AGRICULTURAL LANDS","1,000.00"
"SUBURBAN AREAS WITH ROAD","","TO-ONG","CEBU SOUTH","CEBU","RESIDENTIAL REGULAR","1,000.00"
"SUBURBAN AREAS WITHOUT ROAD","","TO-ONG","CEBU SOUTH","CEBU","OTHER AGRICULTURAL LANDS","500.00"
"RURAL BARANGAY","","TO-ONG","CEBU SOUTH","CEBU","RESIDENTIAL REGULAR","1,000.00"
"RURAL BARANGAY","","TO-ONG","CEBU SOUTH","CEBU","OTHER AGRICULTURAL LANDS","500.00"
"NEW SUBDIVISION","FIRST CLASS SUBD","TO-ONG","CEBU SOUTH","CEBU","RESIDENTIAL REGULAR","8,000.00"
"NEW SUBDIVISION","SOCIALIZED SUBD","TO-ONG","CEBU SOUTH","CEBU","RESIDENTIAL REGULAR","3,750.00"
"NATIONAL ROADS","NATIONAL HIGHWAY & BACK OF","BOLINAWAN","CARCAR","CEBU","COMMERCIAL REGULAR","7,500.00"
"NATIONAL ROADS","NATIONAL  HI-WAY","BOLINAWAN","CARCAR","CEBU","RESIDENTIAL REGULAR","5,700.00"
"NATIONAL ROADS","NATIONAL  HI-WAY","BOLINAWAN","CARCAR","CEBU","RICELAND IRRIGATED","1,900.00"
"NATIONAL ROADS","NATIONAL  HI-WAY","BOLINAWAN","CARCAR","CEBU","RICELAND UNIRRIGATED","1,800.00"
"NATIONAL ROADS","50 METERS INWARD","BOLINAWAN","CARCAR","CEBU","RESIDENTIAL REGULAR","4,700.00"
"NATIONAL ROADS","50 METERS INWARD","BOLINAWAN","CARCAR","CEBU","RESIDENTIAL REGULAR","7,500.00"
"NATIONAL ROADS","50 METERS INWARD","BOLINAWAN","CARCAR","CEBU","CORN LAND","1,400.00"
"ALL LOTS","ALONG PROV'L & BRGY  ROADS","BOLINAWAN","CARCAR","CEBU","RESIDENTIAL REGULAR","4,000.00"
"ALL LOTS","ALONG PROV'L & BRGY  ROADS","BOLINAWAN","CARCAR","CEBU","COCO LAND","1,000.00"
"ALL LOTS","MUNICIPAL/CITY ROADS","BOLINAWAN","CARCAR","CEBU","RESIDENTIAL REGULAR","3,000.00"
"ALL LOTS","MUNICIPAL/CITY ROADS","BOLINAWAN","CARCAR","CEBU","COCO LAND","900.00"
"ALL LOTS","50 METERS AWAY FROM PROV'L","BOLINAWAN","CARCAR","CEBU","RESIDENTIAL REGULAR","2,200.00"
"ALL LOTS","OTHER AGRICULTURAL LANDS","BOLINAWAN","CARCAR","CEBU","OTHER AGRICULTURAL LANDS","900.00"
"BOLINAWAN PROPER","","BOLINAWAN","CARCAR","CEBU","COMMERCIAL REGULAR","7,500.00"
"BOLINAWAN PROPER","","BOLINAWAN","CARCAR","CEBU","RESIDENTIAL REGULAR","5,700.00"
"BOLINAWAN PROPER","INTERIOR","BOLINAWAN","CARCAR","CEBU","RESIDENTIAL REGULAR","3,000.00"
"BOLINAWAN PROPER","MANGROVE","BOLINAWAN","CARCAR","CEBU","MANGROVE","1,300.00"
"BOLINAWAN PROPER","SEASHORE","BOLINAWAN","CARCAR","CEBU","SEASHORE","1,700.00"
"BOLINAWAN PROPER","PRAWN POND","BOLINAWAN","CARCAR","CEBU","PRAWN POND","3,600.00"
"SITIO CAMBUNTAN","","BOLINAWAN","CARCAR","CEBU","RESIDENTIAL REGULAR","6,000.00"
"SITIO CAMBUNTAN","","BOLINAWAN","CARCAR","CEBU","RICELAND IRRIGATED","1,900.00"
"SITIO DUNGGOAN","","BOLINAWAN","CARCAR","CEBU","RESIDENTIAL REGULAR","3,400.00"
"SITIO DUNGGOAN","","BOLINAWAN","CARCAR","CEBU","CORN LAND","5,300.00"
"SITIO DUNGGOAN","","BOLINAWAN","CARCAR","CEBU","RICELAND UNIRRIGATED","1,800.00"
"SITIO TUGAS","","BOLINAWAN","CARCAR","CEBU","RESIDENTIAL REGULAR","2,000.00"
"SITIO TUGAS","","BOLINAWAN","CARCAR","CEBU","RICELAND IRRIGATED","1,100.00"
"SITIO TUGAS","","BOLINAWAN","CARCAR","CEBU","RICELAND UNIRRIGATED","1,000.00"
"LOWER SITIO LAGANG","","BOLINAWAN","CARCAR","CEBU","RESIDENTIAL REGULAR","2,900.00"
"DANCING SUN SUBDIVISION/D'LOGO DEV'T INC.","","BOLINAWAN","CARCAR","CEBU","RESIDENTIAL REGULAR","5,300.00"
"ALL SUBDIVISION/VILLAGES","","BOLINAWAN","CARCAR","CEBU","RESIDENTIAL REGULAR","4,800.00"
"PROVINCIAL ROAD","BUENAVISTA PROPER","BUENAVISTA","CARCAR","CEBU","RESIDENTIAL REGULAR","2,100.00"
"ALL LOTS","ALONG PROVINCIAL ROAD","BUENAVISTA","CARCAR","CEBU","RESIDENTIAL REGULAR","1,500.00"
"ALL LOTS","ALONG PROVINCIAL ROAD","BUENAVISTA","CARCAR","CEBU","CORN LAND","1,200.00"
"ALL LOTS","BARANGAY ROAD","BUENAVISTA","CARCAR","CEBU","RESIDENTIAL REGULAR","1,000.00"
"ALL LOTS","BARANGAY ROAD","BUENAVISTA","CARCAR","CEBU","CORN LAND","800.00"
"ALL LOTS","50 METERS AWAY FROM PROV'L","BUENAVISTA","CARCAR","CEBU","RESIDENTIAL REGULAR","900.00"
"ALL LOTS","& BARANGAY ROAD","BUENAVISTA","CARCAR","CEBU","CORN LAND","500.00"
"ALL LOTS","SITIO DANAO","BUENAVISTA","CARCAR","CEBU","CORN LAND","500.00"
"ALL LOTS","SITIO CARAATAN","BUENAVISTA","CARCAR","CEBU","CORN LAND","500.00"
"MUNICIPAL ROAD INTERIOR","SITIO NAILONG-CAMBA-UT","BUENAVISTA","CARCAR","CEBU","CORN LAND","3,300.00"
"MUNICIPAL ROAD INTERIOR","SITIO NAILONG-CAMBA-UT","BUENAVISTA","CARCAR","CEBU","COCO LAND","300.00"
"MUNICIPAL ROAD INTERIOR","OTHER AGRICULTURAL LANDS","BUENAVISTA","CARCAR","CEBU","OTHER AGRICULTURAL LANDS","250.00"
"ALL OTHER SUBDIVISION/VILLAGE","","BUENAVISTA","CARCAR","CEBU","RESIDENTIAL REGULAR","3,300.00"
"PROVINCIAL ROAD","CALIDNGAN PROPER","CALIDNGAN","CARCAR","CEBU","COMMERCIAL REGULAR","1,500.00"
"PROVINCIAL ROAD","CALIDNGAN PROPER","CALIDNGAN","CARCAR","CEBU","RESIDENTIAL REGULAR","1,100.00"
"PROVINCIAL ROAD","CALIDNGAN PROPER","CALIDNGAN","CARCAR","CEBU","COCO LAND","700.00"
"PROVINCIAL ROAD","NANGKAAN PROPER","CALIDNGAN","CARCAR","CEBU","COMMERCIAL REGULAR","1,500.00"
"PROVINCIAL ROAD","NANGKAAN PROPER","CALIDNGAN","CARCAR","CEBU","RESIDENTIAL REGULAR","1,100.00"
"MUNICIPAL /CITY ROAD","HINAGDANAN-SACSAC","CALIDNGAN","CARCAR","CEBU","RESIDENTIAL REGULAR","1,100.00"
"MUNICIPAL /CITY ROAD","HINAGDANAN-SACSAC","CALIDNGAN","CARCAR","CEBU","COCO LAND","500.00"
"MUNICIPAL /CITY ROAD","BAÑO-LUNAS","CALIDNGAN","CARCAR","CEBU","COCO LAND","500.00"
"BARANGAY ROAD","","CALIDNGAN","CARCAR","CEBU","RESIDENTIAL REGULAR","900.00"
"BARANGAY ROAD","INTERIOR AREAS","CALIDNGAN","CARCAR","CEBU","RESIDENTIAL REGULAR","600.00"
"BARANGAY ROAD","INTERIOR AREAS","CALIDNGAN","CARCAR","CEBU","COCO LAND","500.00"
"BARANGAY ROAD","INTERIOR AREAS","CALIDNGAN","CARCAR","CEBU","OTHER AGRICULTURAL LANDS","450.00"
"BARANGAY ROAD","CAMARI-FARMLAND","CALIDNGAN","CARCAR","CEBU","CORN LAND","500.00"
"PROVINCIAL ROAD","CAN-ASUJAN PROPER","CAN-ASUJAN","CARCAR","CEBU","RESIDENTIAL REGULAR","6,000.00"
"PROVINCIAL ROAD","CAN-ASUJAN PROPER","CAN-ASUJAN","CARCAR","CEBU","COMMERCIAL REGULAR","2,000.00"
"PROVINCIAL ROAD","CAN-ASUJAN PROPER","CAN-ASUJAN","CARCAR","CEBU","RESIDENTIAL REGULAR","1,600.00"
"PROVINCIAL ROAD","OLIVEROS","CAN-ASUJAN","CARCAR","CEBU","RESIDENTIAL REGULAR","1,200.00"
"PROVINCIAL ROAD","OLIVEROS","CAN-ASUJAN","CARCAR","CEBU","PASTURE LAND","600.00"
"PROVINCIAL ROAD","INTERIOR AREAS","CAN-ASUJAN","CARCAR","CEBU","RESIDENTIAL REGULAR","600.00"
"MUNICIPAL/ CITY ROAD","CANSILONG-TAGAYTAY-GUIMBALIWAN","CAN-ASUJAN","CARCAR","CEBU","PASTURE LAND","600.00"
"MUNICIPAL/ CITY ROAD","CONTA-MAGSIPIT","CAN-ASUJAN","CARCAR","CEBU","RESIDENTIAL REGULAR","800.00"
"MUNICIPAL/ CITY ROAD","CONTA-MAGSIPIT","CAN-ASUJAN","CARCAR","CEBU","PASTURE LAND","600.00"
"WEST OF BARANGAY","CONTA-MANGHUPI-SAAY","CAN-ASUJAN","CARCAR","CEBU","PASTURE LAND","500.00"
"OTHER AREAS","INTERIOR","CAN-ASUJAN","CARCAR","CEBU","RESIDENTIAL REGULAR","600.00"
"OTHER AREAS","OTHER AGRICULTURAL LANDS","CAN-ASUJAN","CARCAR","CEBU","OTHER AGRICULTURAL LANDS","500.00"
"CAMELLA HOMES SUBDIVISION","","CAN-ASUJAN","CARCAR","CEBU","RESIDENTIAL REGULAR","6,000.00"
"LUMINA HOMES","","CAN-ASUJAN","CARCAR","CEBU","RESIDENTIAL REGULAR","6,000.00"
"ESPERANZA HOMES","","CAN-ASUJAN","CARCAR","CEBU","RESIDENTIAL REGULAR","6,000.00"
"LA CRESTA HOMES & HILLS","","CAN-ASUJAN","CARCAR","CEBU","RESIDENTIAL REGULAR","6,000.00"
"SUMMER VILLE SUBDIVISION","","CAN-ASUJAN","CARCAR","CEBU","RESIDENTIAL REGULAR","6,000.00"
"ALL SUBDIVISION/VILLAGES","","CAN-ASUJAN","CARCAR","CEBU","RESIDENTIAL REGULAR","4,000.00"
"NATIONAL ROAD","PROPER","GUADALUPE","CARCAR","CEBU","COMMERCIAL REGULAR","3,700.00"
"NATIONAL ROAD","PROPER","GUADALUPE","CARCAR","CEBU","RESIDENTIAL REGULAR","2,400.00"
"ALL LOTS","BARANGAY ROAD","GUADALUPE","CARCAR","CEBU","RESIDENTIAL REGULAR","1,500.00"
"ALL LOTS","INTERIOR AREAS","GUADALUPE","CARCAR","CEBU","RESIDENTIAL REGULAR","1,000.00"
"ALL LOTS","OTHER AGRICULTURAL LANDS","GUADALUPE","CARCAR","CEBU","OTHER AGRICULTURAL LANDS","600.00"
"ALL SUBDIVISIONS/VILLAGES","","GUADALUPE","CARCAR","CEBU","RESIDENTIAL REGULAR","3,500.00"
"SITIO HUNOB-ANISLAGAN","","GUADALUPE","CARCAR","CEBU","COCO LAND","500.00"
"SITIO KAMANGGAHAN","","GUADALUPE","CARCAR","CEBU","COCO LAND","500.00"
"SITIO TAPAL-MAINIT-MABUGNAO","","GUADALUPE","CARCAR","CEBU","COCO LAND","500.00"
"SITIO MUAG-BACTUS","","GUADALUPE","CARCAR","CEBU","COCO LAND","500.00"
"SITIO BOLBOLAN","","GUADALUPE","CARCAR","CEBU","COCO LAND","500.00"
"PROVINCIAL ROAD","SITIO BAHABAHA-HACIENDA  OSMEÑA","LIBURON","CARCAR","CEBU","RESIDENTIAL REGULAR","1,900.00"
"PROVINCIAL ROAD","SITIO BAHABAHA-HACIENDA  OSMEÑA","LIBURON","CARCAR","CEBU","COCO LAND","1,000.00"
"PROVINCIAL ROAD","LIBURON PROPER","LIBURON","CARCAR","CEBU","RESIDENTIAL REGULAR","2,000.00"
"MUNICIPAL/CITY ROAD","HACIENDA CLIMACO-SITIO  MAGSIPIT","LIBURON","CARCAR","CEBU","COCO LAND","4,500.00"
"MUNICIPAL/CITY ROAD","HACIENDA CLIMACO-SITIO  MAGSIPIT","LIBURON","CARCAR","CEBU","RESIDENTIAL REGULAR","1,800.00"
"MUNICIPAL/CITY ROAD","HACIENDA CLIMACO-SITIO  MAGSIPIT","LIBURON","CARCAR","CEBU","COCO LAND","900.00"
"ALL LOTS","ALONG PROVINCIAL ROAD","LIBURON","CARCAR","CEBU","RESIDENTIAL REGULAR","2,000.00"
"ALL LOTS","ALONG PROVINCIAL ROAD","LIBURON","CARCAR","CEBU","COCO LAND","1,200.00"
"ALL LOTS","BARANGAY ROAD","LIBURON","CARCAR","CEBU","RESIDENTIAL REGULAR","1,500.00"
"ALL LOTS","BARANGAY ROAD","LIBURON","CARCAR","CEBU","COCO LAND","900.00"
"ALL LOTS","INT. AREA 50 METERS AWAY FROM","LIBURON","CARCAR","CEBU","RESIDENTIAL REGULAR","1,000.00"
"ALL LOTS","PROV'L & BRGY. ROADS","LIBURON","CARCAR","CEBU","COCO LAND","800.00"
"ALL LOTS","OTHER AGRICULTURAL LANDS","LIBURON","CARCAR","CEBU","OTHER AGRICULTURAL LANDS","600.00"
"TIERA NAVA SUBDIVISION / JOHNDORF","","LIBURON","CARCAR","CEBU","RESIDENTIAL REGULAR","4,500.00"
"ALL OTHER SUBDIVISIONS/VILLAGES","","LIBURON","CARCAR","CEBU","RESIDENTIAL REGULAR","3,500.00"
"PROVINCIAL ROAD","NAPO PROPER","NAPO","CARCAR","CEBU","COMMERCIAL REGULAR","2,000.00"
"ALL LOTS","ALONG PROVINCIAL ROAD","NAPO","CARCAR","CEBU","RESIDENTIAL REGULAR","1,700.00"
"ALL LOTS","ALONG PROVINCIAL ROAD","NAPO","CARCAR","CEBU","COCO LAND","1,000.00"
"ALL LOTS","BARANGAY ROADS","NAPO","CARCAR","CEBU","RESIDENTIAL REGULAR","1,500.00"
"ALL LOTS","BARANGAY ROADS","NAPO","CARCAR","CEBU","COCO LAND","900.00"
"ALL LOTS","INT. AREA 50 METERS AWAY FROM","NAPO","CARCAR","CEBU","SEASHORE","8,000.00"
"ALL LOTS","INT. AREA 50 METERS AWAY FROM","NAPO","CARCAR","CEBU","RESIDENTIAL REGULAR","1,100.00"
"ALL LOTS","PROV'L & BRGY. ROADS","NAPO","CARCAR","CEBU","COCO LAND","700.00"
"ALL LOTS","OTHER AGRICULTURAL LANDS","NAPO","CARCAR","CEBU","OTHER AGRICULTURAL LANDS","600.00"
"SITIO TULINDA-SITIO TALAMBAN","MOUNTAINOUS / HILLY AREAS","NAPO","CARCAR","CEBU","MOUNTAINOUS / HILLY AREAS","500.00"
"SITIO TAKLOB-SITIO GARAY","MOUNTAINOUS / HILLY AREAS","NAPO","CARCAR","CEBU","MOUNTAINOUS / HILLY AREAS","500.00"
"SITIO PUESTO-SITIO KALANGYAWON-SITIO PUESTO","MOUNTAINOUS / HILLY AREAS","NAPO","CARCAR","CEBU","MOUNTAINOUS / HILLY AREAS","500.00"
"SITIO DANAO-KAYAM-PAJO","MOUNTAINOUS / HILLY AREAS","NAPO","CARCAR","CEBU","MOUNTAINOUS / HILLY AREAS","500.00"
"NATIONAL ROAD","AREAS ALONG ROAD & 50 M INWARD","OCAÑA","CARCAR","CEBU","COMMERCIAL REGULAR","8,000.00"
"NATIONAL ROAD","AREAS ALONG ROAD & 50 M INWARD","OCAÑA","CARCAR","CEBU","RESIDENTIAL REGULAR","6,000.00"
"NATIONAL ROAD","AREAS ALONG ROAD & 50 M INWARD","OCAÑA","CARCAR","CEBU","COCO LAND","3,200.00"
"NATIONAL ROAD","OCANA PROPER","OCAÑA","CARCAR","CEBU","COMMERCIAL REGULAR","8,000.00"
"NATIONAL ROAD","OCANA PROPER","OCAÑA","CARCAR","CEBU","RESIDENTIAL REGULAR","6,000.00"
"ALL LOTS","BARANGAY ROAD","OCAÑA","CARCAR","CEBU","RESIDENTIAL REGULAR","3,000.00"
"ALL LOTS","BARANGAY ROAD","OCAÑA","CARCAR","CEBU","COCO LAND","1,200.00"
"ALL LOTS","SEASHORE","OCAÑA","CARCAR","CEBU","RESIDENTIAL REGULAR","3,000.00"
"ALL LOTS","SEASHORE","OCAÑA","CARCAR","CEBU","SEASHORE","2,500.00"
"SITIO LAGANG (UPPER)","","OCAÑA","CARCAR","CEBU","COMMERCIAL REGULAR","10,000.00"
"SITIO LAGANG (UPPER)","","OCAÑA","CARCAR","CEBU","RESIDENTIAL REGULAR","1,500.00"
"UPPER SITIO LAGANG 4","","OCAÑA","CARCAR","CEBU","RICELAND UNIRRIGATED","1,400.00"
"SITIO BONBON","","OCAÑA","CARCAR","CEBU","RESIDENTIAL REGULAR","3,000.00"
"SITIO BONBON","","OCAÑA","CARCAR","CEBU","RICELAND UNIRRIGATED","2,400.00"
"SITIO BONBON BEACH","SEASHORE","OCAÑA","CARCAR","CEBU","SEASHORE","2,700.00"
"SITIO BACSIJE (BACAJI)","","OCAÑA","CARCAR","CEBU","RESIDENTIAL REGULAR","3,000.00"
"SITIO BACSIJE (BACAJI)","SEASHORE","OCAÑA","CARCAR","CEBU","SEASHORE","2,700.00"
"SITIO KAMANG KAMANG","","OCAÑA","CARCAR","CEBU","RESIDENTIAL REGULAR","900.00"
"SITIO KAMANG KAMANG","","OCAÑA","CARCAR","CEBU","COCO LAND","800.00"
"BUCAO SUBDIVISION","","OCAÑA","CARCAR","CEBU","RESIDENTIAL REGULAR","6,000.00"
"STA ISABEL ESTATE","","OCAÑA","CARCAR","CEBU","RESIDENTIAL REGULAR","7,500.00"
"ALL SUBDIVISION/VILLAGES","","OCAÑA","CARCAR","CEBU","RESIDENTIAL REGULAR","5,500.00"
"OTHER AREAS","INTERIOR AREAS 50 METERS AWAY","OCAÑA","CARCAR","CEBU","RESIDENTIAL REGULAR","900.00"
"OTHER AREAS","FROM NAT'L & BRGY ROADS","OCAÑA","CARCAR","CEBU","COCO LAND","800.00"
"OTHER AREAS","OTHER AGRICULTURAL LANDS","OCAÑA","CARCAR","CEBU","OTHER AGRICULTURAL LANDS","600.00"
"NATIONAL ROAD","","PERRELOS","CARCAR","CEBU","COMMERCIAL REGULAR","10,000.00"
"NATIONAL ROAD","","PERRELOS","CARCAR","CEBU","ORCHARD","10,000.00"
"NATIONAL ROAD","","PERRELOS","CARCAR","CEBU","INDUSTRIAL","10,000.00"
"NATIONAL ROAD","OLD RAILWAY-BDRY. CARCAR & SAN FERNANDO","PERRELOS","CARCAR","CEBU","RESIDENTIAL REGULAR","5,900.00"
"NATIONAL ROAD","INT AREAS 50 METERS AWAY FROM NAT'L ROAD","PERRELOS","CARCAR","CEBU","RESIDENTIAL REGULAR","6,000.00"
"NATIONAL ROAD","INT AREAS 50 METERS AWAY FROM NAT'L ROAD","PERRELOS","CARCAR","CEBU","ORCHARD","1,000.00"
"NATIONAL ROAD","SITIO FULGANTE-SAN ISIDRO-SUMMERHILLS","PERRELOS","CARCAR","CEBU","RESIDENTIAL REGULAR","1,800.00"
"NATIONAL ROAD","SITIO FULGANTE-SAN ISIDRO-SUMMERHILLS","PERRELOS","CARCAR","CEBU","ORCHARD","1,000.00"
"ALONG NAT'L & PROV'L ROADS","PERRELOS PROPER-KA-AWA-GAYMAKERS","PERRELOS","CARCAR","CEBU","RESIDENTIAL REGULAR","3,000.00"
"50 METERS INWARD","SITIO KANANGKAAN-KATUGASAN-KAPATAGAN","PERRELOS","CARCAR","CEBU","RESIDENTIAL REGULAR","2,400.00"
"ALONG BRGY RD 50M INWARD","SITIO DUNGGOAN","PERRELOS","CARCAR","CEBU","RESIDENTIAL REGULAR","1,800.00"
"ALONG BRGY RD 50M INWARD","SITIO IBABAO PERRELOS","PERRELOS","CARCAR","CEBU","RESIDENTIAL REGULAR","1,700.00"
"ALONG BRGY RD 50M INWARD","SITIO IBABAO PERRELOS","PERRELOS","CARCAR","CEBU","ORCHARD","1,000.00"
"ALONG BRGY RD 50M INWARD","UPPER & LOWER KAMAGAYAN","PERRELOS","CARCAR","CEBU","RESIDENTIAL REGULAR","1,700.00"
"ALONG BRGY RD 50M INWARD","UPPER & LOWER KAMAGAYAN","PERRELOS","CARCAR","CEBU","ORCHARD","1,000.00"
"ALONG BRGY RD 50M INWARD","SITIO BAS PROPER","PERRELOS","CARCAR","CEBU","RESIDENTIAL REGULAR","1,600.00"
"INTERIOR  AREAS 50 METERS AWAY FR BRGY. ROADS","","PERRELOS","CARCAR","CEBU","RESIDENTIAL REGULAR","1,700.00"
"INTERIOR  AREAS 50 METERS AWAY FR BRGY. ROADS","","PERRELOS","CARCAR","CEBU","ORCHARD","1,000.00"
"ALL LOTS","ALONG SEASHORE","PERRELOS","CARCAR","CEBU","COMMERCIAL REGULAR","18,000.00"
"ALL LOTS","ALONG SEASHORE","PERRELOS","CARCAR","CEBU","RESIDENTIAL REGULAR","3,600.00"
"ALL LOTS","SEASHORE","PERRELOS","CARCAR","CEBU","SEASHORE","3,350.00"
"CAMELLA SUBDIVISION","","PERRELOS","CARCAR","CEBU","RESIDENTIAL REGULAR","8,000.00"
"STA. LUCIA SUBDIVISION/GLENROSE SUBDIVISION","","PERRELOS","CARCAR","CEBU","RESIDENTIAL REGULAR","8,000.00"
"OTHER SUBDIVISIONS/VILLAGES","","PERRELOS","CARCAR","CEBU","RESIDENTIAL REGULAR","7,500.00"
"OTHER SUBDIVISIONS/VILLAGES","OTHER AGRICULTURAL LANDS","PERRELOS","CARCAR","CEBU","OTHER AGRICULTURAL LANDS","1,000.00"
"JOSE RIZAL ST.  (HI-WAY) 6","CARCAR PUBLIC MRKT-BRIDGE & 20M INWARD","POBLACION I","CARCAR","CEBU","COMMERCIAL REGULAR","18,000.00"
"JOSE RIZAL ST.  (HI-WAY) 6","CARCAR BRIDGE-POB. BDRY & 50M INWARD","POBLACION I","CARCAR","CEBU","RESIDENTIAL REGULAR","12,000.00"
"JOSE RIZAL ST.  (HI-WAY) 6","CARCAR PUBLIC MRKT-POB., BOILINAWAN BDRY","POBLACION I","CARCAR","CEBU","RESIDENTIAL REGULAR","10,800.00"
"JOSE RIZAL ST.  (HI-WAY) 6","CARCAR PUBLIC MRKT-POB., BOILINAWAN BDRY","POBLACION I","CARCAR","CEBU","RICELAND IRRIGATED","8,300.00"
"SAN VICENTE ST.","ROTONDA-SITIO COGON & 20M INWARD","POBLACION I","CARCAR","CEBU","COMMERCIAL REGULAR","15,000.00"
"GEN LUNA ST.","HI-WAY-NOEL ST. & 50 M. INWARD","POBLACION I","CARCAR","CEBU","RESIDENTIAL REGULAR","10,900.00"
"P. VASQUEZ/SAN JOSE ST.","","POBLACION I","CARCAR","CEBU","RESIDENTIAL REGULAR","10,900.00"
"DEL CORRO ST.","HI-WAY ALONG FRATERNIDAD/INWARD, AND","POBLACION I","CARCAR","CEBU","RESIDENTIAL REGULAR","10,900.00"
"SITIO LUAN-LUAN","NAT'L HI-WAY& UPPER COGON","POBLACION I","CARCAR","CEBU","RESIDENTIAL REGULAR","10,900.00"
"BLK BDRY NAT'L HI-WAY, GEN. LUNA, & P. VASQUEZ STS.","","POBLACION I","CARCAR","CEBU","COMMERCIAL REGULAR","15,000.00"
"BLK BDRY NAT'L HI-WAY, GEN. LUNA, & P. VASQUEZ STS.","","POBLACION I","CARCAR","CEBU","COMMERCIAL REGULAR","16,000.00"
"BLK BDRY NAT'L HI-WAY, GEN. LUNA, & P. VASQUEZ STS.","","POBLACION I","CARCAR","CEBU","RESIDENTIAL REGULAR","10,500.00"
"ALONG EXISTING CITY RDS & 50M INWARDS","","POBLACION I","CARCAR","CEBU","RESIDENTIAL REGULAR","9,000.00"
"SITIO CAIPILAN 7","","POBLACION I","CARCAR","CEBU","RESIDENTIAL REGULAR","7,500.00"
"SITIO CAIPILAN 7","","POBLACION I","CARCAR","CEBU","CORN LAND","3,000.00"
"ALL OTHER SUBDIVISION/VILLAGES","","POBLACION I","CARCAR","CEBU","RESIDENTIAL REGULAR","5,000.00"
"ALL LOTS","POBLACION PROPER","POBLACION I","CARCAR","CEBU","COMMERCIAL REGULAR","12,000.00"
"ALL LOTS","POBLACION PROPER","POBLACION I","CARCAR","CEBU","RESIDENTIAL REGULAR","10,500.00"
"ALL LOTS","POBLACION PROPER","POBLACION I","CARCAR","CEBU","RICELAND IRRIGATED","8,000.00"
"ALL LOTS","NATIONAL ROAD","POBLACION I","CARCAR","CEBU","COMMERCIAL REGULAR","14,000.00"
"ALL LOTS","NATIONAL ROAD","POBLACION I","CARCAR","CEBU","RESIDENTIAL REGULAR","10,500.00"
"ALL LOTS","BARANGAY ROADS","POBLACION I","CARCAR","CEBU","RESIDENTIAL REGULAR","6,000.00"
"ALL LOTS","OTHER AGRICULTURAL LANDS","POBLACION I","CARCAR","CEBU","OTHER AGRICULTURAL LANDS","2,700.00"
"ALL LOTS","INTERIOR LOTS","POBLACION I","CARCAR","CEBU","RESIDENTIAL REGULAR","4,500.00"
"ALL LOTS","OTHER AGRICULTURAL LANDS","POBLACION I","CARCAR","CEBU","OTHER AGRICULTURAL LANDS","2,000.00"
"GOMEZ, ZAMORA, P. DEL PILAR, LA LIBERTAD / P. DEL ROSARIO ST.,","","POBLACION II","CARCAR","CEBU","RESIDENTIAL REGULAR","9,000.00"
"STA. CATALINA, GEN LUNA, & P. BURGOS STS.","","POBLACION II","CARCAR","CEBU","COMMERCIAL REGULAR","16,000.00"
"STA. CATALINA, GEN LUNA, & P. BURGOS STS.","","POBLACION II","CARCAR","CEBU","COMMERCIAL REGULAR","18,000.00"
"STA. CATALINA, GEN LUNA, & P. BURGOS STS.","","POBLACION II","CARCAR","CEBU","RESIDENTIAL REGULAR","9,000.00"
"PUBLIC MARKET SITE","","POBLACION II","CARCAR","CEBU","COMMERCIAL REGULAR","18,000.00"
"LOWER GEN. LUNA ST.","NAT'L HI-WAY-SPILLWAY","POBLACION II","CARCAR","CEBU","GENERAL PURPOSES","10,200.00"
"ALONG FEEDER W/N POBLACION","","POBLACION II","CARCAR","CEBU","RESIDENTIAL REGULAR","8,000.00"
"ALONG FEEDER W/N POBLACION","","POBLACION II","CARCAR","CEBU","RICELAND IRRIGATED","6,000.00"
"ALONG FEEDER W/N POBLACION","","POBLACION II","CARCAR","CEBU","FISHPOND","4,500.00"
"ALONG FEEDER W/N POBLACION","","POBLACION II","CARCAR","CEBU","CORN LAND","2,700.00"
"ALONG FEEDER W/N POBLACION","","POBLACION II","CARCAR","CEBU","PRAWN POND","4,500.00"
"ALL LOTS","POBLACION PROPER","POBLACION II","CARCAR","CEBU","COMMERCIAL REGULAR","15,000.00"
"ALL LOTS","NATIONAL ROAD","POBLACION II","CARCAR","CEBU","RESIDENTIAL REGULAR","10,500.00"
"ALL LOTS","NATIONAL ROAD","POBLACION II","CARCAR","CEBU","RICELAND IRRIGATED","8,000.00"
"ALL LOTS","OTHER AGRICULTURAL LANDS","POBLACION II","CARCAR","CEBU","OTHER AGRICULTURAL LANDS","2,000.00"
"P. NELLAS.-AWAYAN","","POBLACION III","CARCAR","CEBU","COMMERCIAL REGULAR","18,000.00"
"P. NELLAS.-AWAYAN","","POBLACION III","CARCAR","CEBU","RESIDENTIAL REGULAR","12,000.00"
"CARCAR RIVER, MUN ROAD & NAT'L ROAD","","POBLACION III","CARCAR","CEBU","COMMERCIAL REGULAR","15,000.00"
"ESPERANZA VILLAGE","BETWEEN CITY. & NAT'L ROADS","POBLACION III","CARCAR","CEBU","COMMERCIAL REGULAR","15,000.00"
"ESPERANZA VILLAGE","BETWEEN CITY. & NAT'L ROADS","POBLACION III","CARCAR","CEBU","ORCHARD","9,600.00"
"ESPERANZA VILLAGE","BETWEEN CITY. & NAT'L ROADS","POBLACION III","CARCAR","CEBU","RESIDENTIAL REGULAR","7,500.00"
"ESPERANZA VILLAGE","BETWEEN CITY. & NAT'L ROADS","POBLACION III","CARCAR","CEBU","RICELAND UNIRRIGATED","6,000.00"
"SITIO DAPDAP","","POBLACION III","CARCAR","CEBU","COMMERCIAL REGULAR","9,600.00"
"SITIO DAPDAP","","POBLACION III","CARCAR","CEBU","RESIDENTIAL REGULAR","8,100.00"
"SITIO TAPON","","POBLACION III","CARCAR","CEBU","RESIDENTIAL REGULAR","7,500.00"
"MANCAO SUBDIVISION","","POBLACION III","CARCAR","CEBU","RESIDENTIAL REGULAR","7,500.00"
"TIERRA NAVA SUBDIVISION / JOHNDORF","","POBLACION III","CARCAR","CEBU","RESIDENTIAL REGULAR","7,500.00"
"OTHER SUBDIVISION/VILLAGES","","POBLACION III","CARCAR","CEBU","RESIDENTIAL REGULAR","7,500.00"
"ALL INT. AREAS 50 M. AWAY FR. NAT'L","","POBLACION III","CARCAR","CEBU","RESIDENTIAL REGULAR","3,000.00"
"CITY. & PROV'L ROADS","OTHER AGRICULTURAL LANDS","POBLACION III","CARCAR","CEBU","OTHER AGRICULTURAL LANDS","1,500.00"
"PROV'L & MUN. ROADS","TUYOM PROPER","TUYOM","CARCAR","CEBU","RESIDENTIAL REGULAR","3,000.00"
"PROV'L & MUN. ROADS","TUYOM PROPER","TUYOM","CARCAR","CEBU","ORCHARD","1,500.00"
"NAT'L &MUN. ROADS","SITIO MAHAYAHAY","TUYOM","CARCAR","CEBU","RESIDENTIAL REGULAR","1,400.00"
"NAT'L &MUN. ROADS","SITIO MAHAYAHAY","TUYOM","CARCAR","CEBU","PASTURE LAND","1,300.00"
"MUNICIPAL/CITY ROAD","SITIOS INAYAGAN,SUN-OK&QUASI","TUYOM","CARCAR","CEBU","RESIDENTIAL REGULAR","1,400.00"
"MUNICIPAL/CITY ROAD","SITIOS INAYAGAN,SUN-OK&QUASI","TUYOM","CARCAR","CEBU","ORCHARD","1,300.00"
"MUNICIPAL/CITY ROAD","SITIO BANTAYAN PROPER","TUYOM","CARCAR","CEBU","COMMERCIAL REGULAR","12,000.00"
"MUNICIPAL/CITY ROAD","SITIO BANTAYAN PROPER","TUYOM","CARCAR","CEBU","RESIDENTIAL REGULAR","3,300.00"
"ALONG THE SEA COAST","BANTAYAN-TUYOM PROPER","TUYOM","CARCAR","CEBU","RESIDENTIAL REGULAR","2,700.00"
"ALONG THE SEA COAST","BANTAYAN-TUYOM PROPER","TUYOM","CARCAR","CEBU","FISHPOND","3,000.00"
"ALONG THE SEA COAST","SEASHORE/RESORTS","TUYOM","CARCAR","CEBU","SEASHORE","5,000.00"
"ALONG THE SEA COAST","SEASHORE/RESORTS","TUYOM","CARCAR","CEBU","PRAWN POND","3,000.00"
"ALL LOTS","ALONG PROVINCIAL ROAD","TUYOM","CARCAR","CEBU","RESIDENTIAL REGULAR","2,500.00"
"ALL LOTS","CITY/MUNICIPAL & BARANGAY ROADS","TUYOM","CARCAR","CEBU","RESIDENTIAL REGULAR","2,000.00"
"ALL LOTS","CITY/MUNICIPAL & BARANGAY ROADS","TUYOM","CARCAR","CEBU","ORCHARD","1,300.00"
"ALL LOTS","ALL INTERIOR AREAS 50 METERS","TUYOM","CARCAR","CEBU","RESIDENTIAL REGULAR","1,500.00"
"ALL LOTS","AWAY FR. PROV'L & BRGY ROADS","TUYOM","CARCAR","CEBU","ORCHARD","1,300.00"
"ALL LOTS","OTHER AGRICULTURAL LANDS","TUYOM","CARCAR","CEBU","OTHER AGRICULTURAL LANDS","1,200.00"
"HENAVILLE TOWNHOMES","","TUYOM","CARCAR","CEBU","RESIDENTIAL REGULAR","7,500.00"
"ALL SUBDIVISIONS/VILLAGES","","TUYOM","CARCAR","CEBU","RESIDENTIAL REGULAR","6,000.00"
"NATIONAL ROAD","LAMAKAN WEST","VALLADOLID","CARCAR","CEBU","COMMERCIAL REGULAR","12,000.00"
"NATIONAL ROAD","LAMAKAN WEST","VALLADOLID","CARCAR","CEBU","RESIDENTIAL REGULAR","10,700.00"
"NATIONAL ROAD","VICTORIA VILLAGE","VALLADOLID","CARCAR","CEBU","COMMERCIAL REGULAR","10,700.00"
"NATIONAL ROAD","VICTORIA VILLAGE","VALLADOLID","CARCAR","CEBU","RESIDENTIAL REGULAR","12,000.00"
"NATIONAL ROAD","VICTORIA VILLAGE","VALLADOLID","CARCAR","CEBU","RESIDENTIAL REGULAR","5,400.00"
"NATIONAL ROAD","VICTORIA VILLAGE","VALLADOLID","CARCAR","CEBU","ORCHARD","2,000.00"
"NATIONAL ROAD","SITIO TUBOD","VALLADOLID","CARCAR","CEBU","COMMERCIAL REGULAR","10,700.00"
"NATIONAL ROAD","SITIO TUBOD","VALLADOLID","CARCAR","CEBU","RESIDENTIAL REGULAR","7,900.00"
"NATIONAL ROAD","SITIO LAMAKAN EAST","VALLADOLID","CARCAR","CEBU","COMMERCIAL REGULAR","12,000.00"
"NATIONAL ROAD","SITIO LAMAKAN EAST","VALLADOLID","CARCAR","CEBU","RESIDENTIAL REGULAR","9,000.00"
"NATIONAL ROAD","SITIO LAMAKAN EAST","VALLADOLID","CARCAR","CEBU","ORCHARD","2,000.00"
"ALL LOTS","PROVINCIAL ROAD-VALLADOLID PROPER, SITIO PUGON","VALLADOLID","CARCAR","CEBU","COMMERCIAL REGULAR","7,500.00"
"ALL LOTS","AND SITIO GARITTE HEIGHTS","VALLADOLID","CARCAR","CEBU","RESIDENTIAL REGULAR","6,000.00"
"ALL LOTS","AND SITIO GARITTE HEIGHTS","VALLADOLID","CARCAR","CEBU","ORCHARD","2,700.00"
"ALL LOTS","CITY/BARANGAY ROADS-SITIO ALBOR, SITIO PAJO &","VALLADOLID","CARCAR","CEBU","RESIDENTIAL REGULAR","3,000.00"
"ALL LOTS","INTERIOR AREAS-SITIO PUNGTOD, BOLOCBOLOC AND","VALLADOLID","CARCAR","CEBU","RESIDENTIAL REGULAR","2,400.00"
"ALL LOTS","ALONG SEASHORE","VALLADOLID","CARCAR","CEBU","RESIDENTIAL REGULAR","3,200.00"
"ALL LOTS","ALONG SEASHORE","VALLADOLID","CARCAR","CEBU","MANGROVE","2,000.00"
"MANCAO SUBDIVISION","","VALLADOLID","CARCAR","CEBU","RESIDENTIAL REGULAR","7,500.00"
"PRIMA LIFESCAPE","","VALLADOLID","CARCAR","CEBU","RESIDENTIAL REGULAR","6,000.00"
"STA. CATALINA SUBDIVISION","","VALLADOLID","CARCAR","CEBU","RESIDENTIAL REGULAR","6,000.00"
"ALL SUBDIVISIONS/VILLAGES","","VALLADOLID","CARCAR","CEBU","RESIDENTIAL REGULAR","5,000.00"
"ALL SUBDIVISIONS/VILLAGES","OTHER AGRICULTURAL LANDS","VALLADOLID","CARCAR","CEBU","OTHER AGRICULTURAL LANDS","1,200.00"
"PROVINCIAL ROADS","VALENCIA PROPER","VALENCIA","CARCAR","CEBU","COMMERCIAL REGULAR","3,000.00"
"PROVINCIAL ROADS","VALENCIA PROPER","VALENCIA","CARCAR","CEBU","RESIDENTIAL REGULAR","2,400.00"
"PROVINCIAL ROADS","SITIO BAGACAY-LUMBOY, TINAAN & BACTUS","VALENCIA","CARCAR","CEBU","RESIDENTIAL REGULAR","1,200.00"
"PROVINCIAL ROADS","SITIO BAGACAY-LUMBOY, TINAAN & BACTUS","VALENCIA","CARCAR","CEBU","ORCHARD","600.00"
"PROVINCIAL ROADS","SITIO DANAO","VALENCIA","CARCAR","CEBU","RESIDENTIAL REGULAR","1,000.00"
"PROVINCIAL ROADS","SITIO DANAO","VALENCIA","CARCAR","CEBU","ORCHARD","900.00"
"MUNICIPAL/CITY ROADS","","VALENCIA","CARCAR","CEBU","RESIDENTIAL REGULAR","1,650.00"
"MUNICIPAL/CITY ROADS","SITIO TAL-UT - SITIO ABUNO","VALENCIA","CARCAR","CEBU","RESIDENTIAL REGULAR","1,200.00"
"MUNICIPAL/CITY ROADS","SITIO TAL-UT - SITIO ABUNO","VALENCIA","CARCAR","CEBU","ORCHARD","600.00"
"BARANGAY ROADS","","VALENCIA","CARCAR","CEBU","RESIDENTIAL REGULAR","1,000.00"
"ALL INTERIOR/OTHER AREAS","INTERIOR AREAS","VALENCIA","CARCAR","CEBU","RESIDENTIAL REGULAR","900.00"
"ALL INTERIOR/OTHER AREAS","OTHER AGRICULTURAL LANDS","VALENCIA","CARCAR","CEBU","OTHER AGRICULTURAL LANDS","300.00"
"ALL SUBDIVISIONS/VILLAGES","","VALENCIA","CARCAR","CEBU","RESIDENTIAL REGULAR","4,500.00"
"ALL AREAS","ALONG BRGY ROAD","ALPACO","NAGA","CEBU","CORN LAND","1,400.00"
"ALL AREAS","ALONG BRGY ROAD","ALPACO","NAGA","CEBU","RESIDENTIAL REGULAR","800.00"
"ALL AREAS","200M ALONG BRGY ROAD","ALPACO","NAGA","CEBU","COCO LAND","200.00"
"ALL AREAS","INTERIOR","ALPACO","NAGA","CEBU","RESIDENTIAL REGULAR","600.00"
"ALL AREAS","INTERIOR - BEYOND 200 METERS","ALPACO","NAGA","CEBU","MOUNTAINOUS / HILLY AREAS","150.00"
"ALL AREAS","INTERIOR - BEYOND 200 METERS","ALPACO","NAGA","CEBU","FOREST LAND/TIMBER LAND","150.00"
"ALL AREAS","ALONG BARANGAY ROAD","BAIRAN","NAGA","CEBU","RESIDENTIAL REGULAR","1,050.00"
"ALL AREAS","200M ALONG BARANGAY ROAD","BAIRAN","NAGA","CEBU","COCO LAND","300.00"
"ALL AREAS","INTERIOR","BAIRAN","NAGA","CEBU","RESIDENTIAL REGULAR","800.00"
"ALL AREAS","INTERIOR - BEYOND 200 METERS","BAIRAN","NAGA","CEBU","MOUNTAINOUS / HILLY AREAS","135.00"
"ALL AREAS","INTERIOR - BEYOND 200 METERS","BAIRAN","NAGA","CEBU","FOREST LAND/TIMBER LAND","135.00"
"ALL AREAS","ALONG NAGA-TOLEDO RD","BALIRONG","NAGA","CEBU","RESIDENTIAL REGULAR","1,400.00"
"ALL AREAS","200M ALONG NAGA-TOLEDO RD","BALIRONG","NAGA","CEBU","CORN LAND","550.00"
"ALL AREAS","INTERIOR","BALIRONG","NAGA","CEBU","RESIDENTIAL REGULAR","1,100.00"
"ALL AREAS","200M ALONG BRGY ROAD","BALIRONG","NAGA","CEBU","CORN LAND","300.00"
"ALL AREAS","INTERIOR","BALIRONG","NAGA","CEBU","FOREST LAND/TIMBER LAND","2,100.00"
"ALL AREAS","INTERIOR","BALIRONG","NAGA","CEBU","RESIDENTIAL REGULAR","900.00"
"ALL AREAS","INTERIOR","BALIRONG","NAGA","CEBU","MOUNTAINOUS / HILLY AREAS","135.00"
"ALL AREAS","INTERIOR","BALIRONG","NAGA","CEBU","FOREST LAND/TIMBER LAND","135.00"
"ALL AREAS","ALONG BARANGAY ROAD","CABUNGAHAN","NAGA","CEBU","RESIDENTIAL REGULAR","850.00"
"ALL AREAS","200M ALONG BARANGAY ROAD","CABUNGAHAN","NAGA","CEBU","CORN LAND","300.00"
"ALL AREAS","INTERIOR","CABUNGAHAN","NAGA","CEBU","RESIDENTIAL REGULAR","750.00"
"ALL AREAS","ALONG BRGY ROAD","CANTAO-AN","NAGA","CEBU","RESIDENTIAL REGULAR","1,650.00"
"ALL AREAS","200M ALONG BRGY ROAD","CANTAO-AN","NAGA","CEBU","INDUSTRIAL","2,100.00"
"ALL AREAS","200M ALONG BRGY ROAD","CANTAO-AN","NAGA","CEBU","CORN LAND","750.00"
"ALL AREAS","INTERIOR","CANTAO-AN","NAGA","CEBU","RESIDENTIAL REGULAR","1,100.00"
"ALL AREAS","INTERIOR","CANTAO-AN","NAGA","CEBU","MOUNTAINOUS / HILLY AREAS","180.00"
"ALL AREAS","INTERIOR","CANTAO-AN","NAGA","CEBU","FOREST LAND/TIMBER LAND","180.00"
"ALL AREAS","OTHER AGRICULTURAL LANDS","CANTAO-AN","NAGA","CEBU","FOREST LAND/TIMBER LAND","17,000.00"
"ALL AREAS","ALONG BRGY ROAD","COGON","NAGA","CEBU","RESIDENTIAL REGULAR","950.00"
"ALL AREAS","200M ALONG BRGY ROAD","COGON","NAGA","CEBU","INDUSTRIAL","2,000.00"
"ALL AREAS","200M ALONG BRGY ROAD","COGON","NAGA","CEBU","COGON","300.00"
"ALL AREAS","INTERIOR","COGON","NAGA","CEBU","RESIDENTIAL REGULAR","500.00"
"ALL AREAS","INTERIOR","COGON","NAGA","CEBU","MOUNTAINOUS / HILLY AREAS","150.00"
"ALL AREAS","INTERIOR","COGON","NAGA","CEBU","FOREST LAND/TIMBER LAND","150.00"
"ALL AREAS","ALONG NAT'L ROAD","COLON","NAGA","CEBU","RESIDENTIAL REGULAR","10,000.00"
"ALL AREAS","200M ALONG NAT'L ROAD","COLON","NAGA","CEBU","INDUSTRIAL","17,000.00"
"ALL AREAS","200M ALONG NAT'L ROAD","COLON","NAGA","CEBU","COMMERCIAL REGULAR","14,500.00"
"ALL AREAS","INTERIOR - NATL ROAD","COLON","NAGA","CEBU","RESIDENTIAL REGULAR","7,750.00"
"ALL AREAS","ALONG BRGY ROAD","COLON","NAGA","CEBU","RESIDENTIAL REGULAR","6,500.00"
"ALL AREAS","INTERIOR - BRGY ROAD","COLON","NAGA","CEBU","RESIDENTIAL REGULAR","5,000.00"
"ALL AREAS","INTERIOR - BRGY ROAD","COLON","NAGA","CEBU","CORN LAND","1,500.00"
"ALL AREAS","INTERIOR - BRGY ROAD","COLON","NAGA","CEBU","FOREST LAND/TIMBER LAND","300.00"
"ALL AREAS","SEASHORE/ALONG THE ROAD","COLON","NAGA","CEBU","RESIDENTIAL REGULAR","15,000.00"
"ALL AREAS","SEASHORE/ALONG THE ROAD","COLON","NAGA","CEBU","SEASHORE","10,000.00"
"ALL AREAS","SEASHORE/ W/O ROW","COLON","NAGA","CEBU","SEASHORE","6,000.00"
"ALL AREAS","OTHER AGRICULTURAL LANDS","COLON","NAGA","CEBU","OTHER AGRICULTURAL LANDS","250.00"
"ALL AREAS","200M ALONG NAT'L ROAD","INAYAGAN","NAGA","CEBU","RESIDENTIAL REGULAR","11,000.00"
"ALL AREAS","200M ALONG NAT'L ROAD","INAYAGAN","NAGA","CEBU","COMMERCIAL REGULAR","15,000.00"
"ALL AREAS","200M ALONG BRGY ROAD TOWARD BOHOL STRAIT","INAYAGAN","NAGA","CEBU","RESIDENTIAL REGULAR","8,500.00"
"ALL AREAS","200M ALONG BRGY ROAD","INAYAGAN","NAGA","CEBU","RESIDENTIAL REGULAR","4,500.00"
"ALL AREAS","200M ALONG BRGY ROAD","INAYAGAN","NAGA","CEBU","PASTURE LAND","2,000.00"
"ALL AREAS","INTERIOR TOWARDS BOHOL STRAIT","INAYAGAN","NAGA","CEBU","RESIDENTIAL REGULAR","3,800.00"
"ALL AREAS","SEASHORE","INAYAGAN","NAGA","CEBU","SEASHORE","5,500.00"
"ALL AREAS","OTHER AGRICULTURAL LANDS","INAYAGAN","NAGA","CEBU","OTHER AGRICULTURAL LANDS","1,550.00"
"MAZARI COVE/PARAMOUNT","ROAD TO MINGLANILLA","INAYAGAN","NAGA","CEBU","RESIDENTIAL REGULAR","15,000.00"
"ALL OTHER SUBDS","ROAD TO MINGLANILLA","INAYAGAN","NAGA","CEBU","RESIDENTIAL REGULAR","10,000.00"
"ALL AREAS","ALONG NATIONAL ROAD","INAYAGAN","NAGA","CEBU","COMMERCIAL REGULAR","11,000.00"
"ALL AREAS","ALONG NATIONAL ROAD","INAYAGAN","NAGA","CEBU","INDUSTRIAL","12,500.00"
"ALL AREAS","200M ALONG NAT'L ROAD","INAYAGAN","NAGA","CEBU","RESIDENTIAL REGULAR","9,000.00"
"ALL AREAS","INTERIOR - ALONG NAT'L ROAD","INAYAGAN","NAGA","CEBU","OTHER AGRICULTURAL LANDS","9,000.00"
"ALL AREAS","INTERIOR - ALONG NAT'L ROAD","INAYAGAN","NAGA","CEBU","RESIDENTIAL REGULAR","7,000.00"
"ALL AREAS","INTERIOR - ALONG NAT'L ROAD","INAYAGAN","NAGA","CEBU","PASTURE LAND","2,500.00"
"ALL AREAS","200M ALONG BRGY ROAD","INAYAGAN","NAGA","CEBU","RESIDENTIAL REGULAR","6,000.00"
"ALL AREAS","INTERIOR - ALONG BRGY ROAD","INAYAGAN","NAGA","CEBU","RESIDENTIAL REGULAR","5,000.00"
"ALL AREAS","INTERIOR - ALONG BRGY ROAD","INAYAGAN","NAGA","CEBU","PASTURE LAND","2,200.00"
"ALL AREAS","INTERIOR","INAYAGAN","NAGA","CEBU","RESIDENTIAL REGULAR","4,000.00"
"ALL AREAS","MOUNTAINOUS/HILLY LANDS","INAYAGAN","NAGA","CEBU","MOUNTAINOUS / HILLY AREAS","400.00"
"LAS CASAS DE NAGA","MOUNTAINOUS/HILLY LANDS","INAYAGAN","NAGA","CEBU","RESIDENTIAL REGULAR","9,000.00"
"LAS CASAS DE NAGA","MOUNTAINOUS/HILLY LANDS","INAYAGAN","NAGA","CEBU","FOREST LAND/TIMBER LAND","450.00"
"LAS CASAS DE NAGA","OTHER AGRICULTURAL LANDS","INAYAGAN","NAGA","CEBU","OTHER AGRICULTURAL LANDS","300.00"
"ALL AREAS","ALONG BRGY ROAD","JAGUIMIT","NAGA","CEBU","RESIDENTIAL REGULAR","950.00"
"ALL AREAS","ALONG BRGY ROAD","JAGUIMIT","NAGA","CEBU","PASTURE LAND","325.00"
"ALL AREAS","INTERIOR - BEYOND 200 METERS","JAGUIMIT","NAGA","CEBU","RESIDENTIAL REGULAR","750.00"
"ALL AREAS","INTERIOR - BEYOND 200 METERS","JAGUIMIT","NAGA","CEBU","FOREST LAND/TIMBER LAND","180.00"
"ALL AREAS","MOUNTAINOUS / HILLY AREAS","JAGUIMIT","NAGA","CEBU","MOUNTAINOUS / HILLY AREAS","175.00"
"ALL AREAS","NATIONAL ROAD","LANAS","NAGA","CEBU","RESIDENTIAL REGULAR","18,000.00"
"ALL AREAS","NATIONAL ROAD","LANAS","NAGA","CEBU","RESIDENTIAL REGULAR","1,200.00"
"ALL AREAS","ALONG BRGY ROAD","LANAS","NAGA","CEBU","RESIDENTIAL REGULAR","1,000.00"
"ALL AREAS","","LANAS","NAGA","CEBU","PASTURE LAND","350.00"
"ALL AREAS","INTERIOR","LANAS","NAGA","CEBU","RESIDENTIAL REGULAR","500.00"
"ALL AREAS","MOUNTAINOUS / HILLY AREAS","LANAS","NAGA","CEBU","MOUNTAINOUS / HILLY AREAS","125.00"
"ALL AREAS","200M ALONG NAT'L ROAD","LANGTAD","NAGA","CEBU","COMMERCIAL REGULAR","13,000.00"
"ALL AREAS","200M ALONG NAT'L ROAD","LANGTAD","NAGA","CEBU","INDUSTRIAL","18,000.00"
"ALL AREAS","200M ALONG NAT'L ROAD","LANGTAD","NAGA","CEBU","RESIDENTIAL REGULAR","8,500.00"
"ALL AREAS","200M ALONG NAT'L ROAD","LANGTAD","NAGA","CEBU","PASTURE LAND","2,750.00"
"ALL AREAS","BEYOND 200 METERS","LANGTAD","NAGA","CEBU","RESIDENTIAL REGULAR","7,000.00"
"CASA MIRA SUBD.","BEYOND 200 METERS","LANGTAD","NAGA","CEBU","RESIDENTIAL REGULAR","12,000.00"
"ALL OTHER SUBDS.","BEYOND 200 METERS","LANGTAD","NAGA","CEBU","RESIDENTIAL REGULAR","10,000.00"
"ALL OTHER SUBDS.","ALONG BRGY ROAD","LANGTAD","NAGA","CEBU","RESIDENTIAL REGULAR","6,000.00"
"ALL OTHER SUBDS.","ALONG BRGY ROAD","LANGTAD","NAGA","CEBU","PASTURE LAND","2,000.00"
"ALL OTHER SUBDS.","INTERIOR","LANGTAD","NAGA","CEBU","RESIDENTIAL REGULAR","5,000.00"
"ALL OTHER SUBDS.","SEASHORE","LANGTAD","NAGA","CEBU","RESIDENTIAL REGULAR","10,000.00"
"ALL OTHER SUBDS.","SEASHORE","LANGTAD","NAGA","CEBU","SEASHORE","6,000.00"
"ALL OTHER SUBDS.","SEASHORE","LANGTAD","NAGA","CEBU","RESORT","10,000.00"
"ALL OTHER SUBDS.","MOUNTAINOUS / HILLY AREAS","LANGTAD","NAGA","CEBU","MOUNTAINOUS / HILLY AREAS","700.00"
"ALL OTHER SUBDS.","OTHER AGRICULTURAL LANDS","LANGTAD","NAGA","CEBU","OTHER AGRICULTURAL LANDS","600.00"
"ALL AREAS","ALONG NATIONAL ROAD","LUTAC","NAGA","CEBU","COMMERCIAL REGULAR","3,000.00"
"ALL AREAS","200M ALONG TOLEDO-NAGA ROAD","LUTAC","NAGA","CEBU","RESIDENTIAL REGULAR","2,000.00"
"ALL AREAS","BEYOND 200 METERS","LUTAC","NAGA","CEBU","RESIDENTIAL REGULAR","1,000.00"
"ALL AREAS","BEYOND 200 METERS","LUTAC","NAGA","CEBU","PASTURE LAND","800.00"
"ALL AREAS","ALONG BRGY ROAD","LUTAC","NAGA","CEBU","RESIDENTIAL REGULAR","1,200.00"
"ALL AREAS","ALONG BRGY ROAD","LUTAC","NAGA","CEBU","PASTURE LAND","500.00"
"ALL AREAS","INTERIOR- BEYOND 200 METERS","LUTAC","NAGA","CEBU","RESIDENTIAL REGULAR","800.00"
"ALL AREAS","MOUNTAINOUS / HILLY AREAS","LUTAC","NAGA","CEBU","MOUNTAINOUS / HILLY AREAS","150.00"
"ALL AREAS","MOUNTAINOUS / HILLY AREAS","LUTAC","NAGA","CEBU","FOREST LAND/TIMBER LAND","150.00"
"ALL AREAS","ALONG NATIONAL ROAD","MAINIT","NAGA","CEBU","COMMERCIAL REGULAR","4,000.00"
"ALL AREAS","ALONG BRGY ROAD","MAINIT","NAGA","CEBU","RESIDENTIAL REGULAR","3,000.00"
"ALL AREAS","ALONG BRGY ROAD","MAINIT","NAGA","CEBU","CORN LAND","5,000.00"
"ALL AREAS","ALONG BRGY ROAD","MAINIT","NAGA","CEBU","PASTURE LAND","800.00"
"ALL AREAS","INTERIOR","MAINIT","NAGA","CEBU","RESIDENTIAL REGULAR","1,200.00"
"ALL AREAS","MOUNTAINOUS / HILLY AREAS","MAINIT","NAGA","CEBU","MOUNTAINOUS / HILLY AREAS","200.00"
"ALL AREAS","MOUNTAINOUS / HILLY AREAS","MAINIT","NAGA","CEBU","FOREST LAND/TIMBER LAND","200.00"
"ALL AREAS","ALONG BRGY ROAD","MAYANA","NAGA","CEBU","RESIDENTIAL REGULAR","1,000.00"
"ALL AREAS","ALONG BRGY ROAD","MAYANA","NAGA","CEBU","PASTURE LAND","300.00"
"ALL AREAS","INTERIOR","MAYANA","NAGA","CEBU","RESIDENTIAL REGULAR","600.00"
"ALL AREAS","MOUNTAINOUS / HILLY AREA","MAYANA","NAGA","CEBU","MOUNTAINOUS / HILLY AREAS","150.00"
"ALL AREAS","MOUNTAINOUS / HILLY AREA","MAYANA","NAGA","CEBU","FOREST LAND/TIMBER LAND","150.00"
"ALL AREAS","200M ALONG TOLEDO-NAGA ROAD","NAALAD","NAGA","CEBU","RESIDENTIAL REGULAR","3,000.00"
"ALL AREAS","200M ALONG TOLEDO-NAGA ROAD","NAALAD","NAGA","CEBU","COMMERCIAL REGULAR","5,000.00"
"ALL AREAS","200M ALONG TOLEDO-NAGA ROAD","NAALAD","NAGA","CEBU","CORN LAND","1,000.00"
"ALL AREAS","ALONG BRGY ROAD","NAALAD","NAGA","CEBU","RESIDENTIAL REGULAR","2,000.00"
"ALL AREAS","ALONG BRGY ROAD","NAALAD","NAGA","CEBU","CORN LAND","700.00"
"ALL AREAS","INTERIOR","NAALAD","NAGA","CEBU","RESIDENTIAL REGULAR","10,000.00"
"ALL AREAS","INTERIOR","NAALAD","NAGA","CEBU","RESIDENTIAL REGULAR","1,000.00"
"ALL AREAS","INTERIOR","NAALAD","NAGA","CEBU","FOREST LAND/TIMBER LAND","300.00"
"ALL AREAS","OTHER AGRICULTURAL LANDS","NAALAD","NAGA","CEBU","OTHER AGRICULTURAL LANDS","200.00"
"ALL AREAS","200M ALONG TOLEDO-NAGA ROAD","PANGDAN","NAGA","CEBU","COMMERCIAL REGULAR","8,000.00"
"ALL AREAS","200M ALONG TOLEDO-NAGA ROAD","PANGDAN","NAGA","CEBU","INDUSTRIAL","10,000.00"
"ALL AREAS","200M ALONG TOLEDO-NAGA ROAD","PANGDAN","NAGA","CEBU","RESIDENTIAL REGULAR","4,000.00"
"ALL AREAS","200M ALONG TOLEDO-NAGA ROAD","PANGDAN","NAGA","CEBU","PASTURE LAND","1,000.00"
"ALL AREAS","200M ALONG BRGY ROAD","PANGDAN","NAGA","CEBU","RESIDENTIAL REGULAR","2,000.00"
"ALL AREAS","200M ALONG BRGY ROAD","PANGDAN","NAGA","CEBU","PASTURE LAND","800.00"
"ALL AREAS","INTERIOR- BEYOND 200 METERS","PANGDAN","NAGA","CEBU","RESIDENTIAL REGULAR","1,500.00"
"ALL AREAS","INTERIOR- BEYOND 200 METERS","PANGDAN","NAGA","CEBU","MINERAL LAND","600.00"
"VILLA DULCE RESORT","INTERIOR- BEYOND 200 METERS","PANGDAN","NAGA","CEBU","RESORT","6,000.00"
"VILLA DULCE RESORT","OTHER AGRICULTURAL LANDS","PANGDAN","NAGA","CEBU","OTHER AGRICULTURAL LANDS","500.00"
"ALL AREAS","ALONG BARANGAY ROAD","PATAG","NAGA","CEBU","RESIDENTIAL REGULAR","1,000.00"
"ALL AREAS","200M ALONG BARANGAY ROAD","PATAG","NAGA","CEBU","PASTURE LAND","300.00"
"ALL AREAS","INTERIOR","PATAG","NAGA","CEBU","RESIDENTIAL REGULAR","500.00"
"ALL AREAS","MOUNTAINOUS / HILLY LANDS","PATAG","NAGA","CEBU","RESIDENTIAL REGULAR","20,000.00"
"ALL AREAS","MOUNTAINOUS / HILLY LANDS","PATAG","NAGA","CEBU","MOUNTAINOUS / HILLY AREAS","150.00"
"NATIONAL ROAD","TINAAN-POBLACION BDRY TO","POBLACION","NAGA","CEBU","COMMERCIAL REGULAR","20,000.00"
"NATIONAL ROAD","TINAAN-POBLACION BDRY TO","POBLACION","NAGA","CEBU","RESIDENTIAL REGULAR","12,000.00"
"NATIONAL ROAD","HI-WAY TOLEDO TO PATERNO STREET","POBLACION","NAGA","CEBU","COMMERCIAL REGULAR","20,000.00"
"NATIONAL ROAD","HI-WAY TOLEDO TO PATERNO STREET","POBLACION","NAGA","CEBU","RESIDENTIAL REGULAR","12,000.00"
"NATIONAL ROAD","PATERNO TO AGUINALDO","POBLACION","NAGA","CEBU","GENERAL PURPOSES","10,000.00"
"NATIONAL ROAD","AGUINALDO-BGY BDY MONUMENT","POBLACION","NAGA","CEBU","RESIDENTIAL REGULAR","12,000.00"
"ALL LOTS  NOT MENTIONED","PUBLIC MARKET, COMMERCIAL AREAS","POBLACION","NAGA","CEBU","COMMERCIAL REGULAR","15,000.00"
"ALL LOTS  NOT MENTIONED","OCEAN SIDE, SHORELINE POND","POBLACION","NAGA","CEBU","COMMERCIAL REGULAR","15,000.00"
"ALL LOTS  NOT MENTIONED","INTERIOR LOT","POBLACION","NAGA","CEBU","RESIDENTIAL REGULAR","10,000.00"
"DACLAN ST.","NAT'L RD-BONIFACIO ST.","POBLACION","NAGA","CEBU","RESIDENTIAL REGULAR","12,000.00"
"DACLAN ST.","BONIFACIO ST. TO END DACLAN ST.","POBLACION","NAGA","CEBU","RESIDENTIAL REGULAR","12,000.00"
"AGUINALDO ST","NAT'L RD-BONIFACIO","POBLACION","NAGA","CEBU","RESIDENTIAL REGULAR","12,000.00"
"GOMEZ ST","MEJIA ST. BONIFACIO","POBLACION","NAGA","CEBU","RESIDENTIAL REGULAR","12,000.00"
"SAN FRANCISCO ST.","NAT'L RD- BONIFACIO","POBLACION","NAGA","CEBU","RESIDENTIAL REGULAR","16,000.00"
"SAN FRANCISCO ST.","NAT'L RD- BONIFACIO","POBLACION","NAGA","CEBU","COMMERCIAL REGULAR","16,000.00"
"SAN FRANCISCO ST.","BONIFACIO-END SAN FRANCISCO","POBLACION","NAGA","CEBU","RESIDENTIAL REGULAR","12,000.00"
"PATERNO ST.","SHORELINE-MEJIA ST","POBLACION","NAGA","CEBU","RESIDENTIAL REGULAR","12,000.00"
"BURGOS ST.","MEJIA ST-BONIFACIO","POBLACION","NAGA","CEBU","RESIDENTIAL REGULAR","12,000.00"
"J.RIZAL ST.","NAT'L RD-BONIFACIO","POBLACION","NAGA","CEBU","RESIDENTIAL REGULAR","12,000.00"
"AGONCILLO ST.","NAT'L RD- MEJIA ST","POBLACION","NAGA","CEBU","RESIDENTIAL REGULAR","12,000.00"
"HI-WAY TO TOLEDO CITY","NAT'L RD-MEJIA ST","POBLACION","NAGA","CEBU","RESIDENTIAL REGULAR","12,000.00"
"HI-WAY TO TOLEDO CITY","MEJIA ST. BONIFACIO-NAALAD BDRY","POBLACION","NAGA","CEBU","RESIDENTIAL REGULAR","10,000.00"
"MEJIA ST.","AGUINALDO-GOMEZ","POBLACION","NAGA","CEBU","RESIDENTIAL REGULAR","12,000.00"
"MEJIA ST.","GOMEZ-BURGOS","POBLACION","NAGA","CEBU","COMMERCIAL REGULAR","16,000.00"
"MEJIA ST.","BURGOS-HIWAY-TOLEDO RD","POBLACION","NAGA","CEBU","RESIDENTIAL REGULAR","12,000.00"
"GEN. LUNA ST.","AGUINALDO- GOMEZ","POBLACION","NAGA","CEBU","RESIDENTIAL REGULAR","12,000.00"
"GEN. LUNA ST.","GOMEZ- BURGOS","POBLACION","NAGA","CEBU","COMMERCIAL REGULAR","16,000.00"
"BONIFACIO ST.","BRGY BDY MONUMENT TO DACLAN","POBLACION","NAGA","CEBU","RESIDENTIAL REGULAR","12,000.00"
"BONIFACIO ST.","DACLAN-GOMEZ","POBLACION","NAGA","CEBU","RESIDENTIAL REGULAR","12,000.00"
"BONIFACIO ST.","GOMEZ-BURGOS","POBLACION","NAGA","CEBU","RESIDENTIAL REGULAR","12,000.00"
"BONIFACIO ST.","BURGOS-MEJIA","POBLACION","NAGA","CEBU","COMMERCIAL REGULAR","12,000.00"
"BONIFACIO ST.","BURGOS-MEJIA","POBLACION","NAGA","CEBU","RESIDENTIAL REGULAR","12,000.00"
"SAYSON ST.","NAT'L RD TO MEJIA ST.,","POBLACION","NAGA","CEBU","RESIDENTIAL REGULAR","12,000.00"
"SAUDI VILLAGE","DACLAN-END OF RD","POBLACION","NAGA","CEBU","RESIDENTIAL REGULAR","12,000.00"
"BLOCK 1,2,3","PARK-CHURCH-MUN HALL","POBLACION","NAGA","CEBU","GENERAL PURPOSES","10,000.00"
"BLOCK 4,5,6,7,8,9,10","INTERIOR LOTS 50M MUN. RDS","POBLACION","NAGA","CEBU","RESIDENTIAL REGULAR","12,000.00"
"BLOCK 11,12,13,14,15","INTERIOR LOTS 50M MUN. RDS","POBLACION","NAGA","CEBU","RESIDENTIAL REGULAR","12,000.00"
"BLOCKS COVERED BY NAGA","","POBLACION","NAGA","CEBU","GENERAL PURPOSES","10,000.00"
"PROV'L HIGH SCHOOL & NAGA CENTRAL SCHOOLS","","POBLACION","NAGA","CEBU","INSTITUTIONAL","12,000.00"
"PROV'L HIGH SCHOOL & NAGA CENTRAL SCHOOLS","OTHER AGRICULTURAL LANDS","POBLACION","NAGA","CEBU","OTHER AGRICULTURAL LANDS","3,000.00"
"ALL AREAS","200M ALONG BRGY ROAD","TAGJAGUIMIT","NAGA","CEBU","RESIDENTIAL REGULAR","900.00"
"ALL AREAS","200M ALONG BRGY ROAD","TAGJAGUIMIT","NAGA","CEBU","PASTURE LAND","200.00"
"ALL AREAS","BEYOND 200 METERS","TAGJAGUIMIT","NAGA","CEBU","RESIDENTIAL REGULAR","600.00"
"ALL AREAS","MOUNTAINOUS / HILLY LANDS","TAGJAGUIMIT","NAGA","CEBU","MOUNTAINOUS / HILLY AREAS","150.00"
"ALL AREAS","MOUNTAINOUS / HILLY LANDS","TAGJAGUIMIT","NAGA","CEBU","FOREST LAND/TIMBER LAND","150.00"
"ALL AREAS","ALONG NAT'L ROAD","TANGKE","NAGA","CEBU","COMMERCIAL REGULAR","9,000.00"
"ALL AREAS","INTERIOR -  ALONG NAT'L ROAD","TANGKE","NAGA","CEBU","MINERAL LAND","18,000.00"
"ALL AREAS","INTERIOR -  ALONG NAT'L ROAD","TANGKE","NAGA","CEBU","COMMERCIAL REGULAR","7,000.00"
"ALL AREAS","200M ALONG NAT'L ROAD","TANGKE","NAGA","CEBU","RESIDENTIAL REGULAR","6,000.00"
"ALL AREAS","200M ALONG NAT'L ROAD","TANGKE","NAGA","CEBU","PASTURE LAND","2,000.00"
"ALL AREAS","ALONG BRGY ROAD","TANGKE","NAGA","CEBU","RESIDENTIAL REGULAR","4,000.00"
"ALL AREAS","ALONG BRGY ROAD","TANGKE","NAGA","CEBU","PASTURE LAND","1,500.00"
"ALL AREAS","INTERIOR","TANGKE","NAGA","CEBU","RESIDENTIAL REGULAR","3,000.00"
"ALL AREAS","MOUNTAINOUS / HILLY AREAS","TANGKE","NAGA","CEBU","MOUNTAINOUS / HILLY AREAS","300.00"
"ALL AREAS","OTHER AGRICULTURAL LANDS","TANGKE","NAGA","CEBU","OTHER AGRICULTURAL LANDS","200.00"
"ALL AREAS","ALONG NATIONAL ROAD","TINAAN","NAGA","CEBU","COMMERCIAL REGULAR","14,500.00"
"ALL AREAS","ALONG NATIONAL ROAD","TINAAN","NAGA","CEBU","INDUSTRIAL","18,000.00"
"ALL AREAS","INTERIOR","TINAAN","NAGA","CEBU","COMMERCIAL REGULAR","12,000.00"
"ALL AREAS","INTERIOR","TINAAN","NAGA","CEBU","RESIDENTIAL REGULAR","8,000.00"
"ALL AREAS","INTERIOR","TINAAN","NAGA","CEBU","PASTURE LAND","2,500.00"
"ALL AREAS","ALONG BRGY ROAD","TINAAN","NAGA","CEBU","RESIDENTIAL REGULAR","5,000.00"
"ALL AREAS","ALONG BRGY ROAD","TINAAN","NAGA","CEBU","PASTURE LAND","2,000.00"
"ALL AREAS","ALONG BRGY ROAD","TINAAN","NAGA","CEBU","MINERAL LAND","6,000.00"
"ALL AREAS","INTERIOR","TINAAN","NAGA","CEBU","MOUNTAINOUS / HILLY AREAS","14,000.00"
"ALL AREAS","INTERIOR","TINAAN","NAGA","CEBU","RESIDENTIAL REGULAR","4,000.00"
"ALL AREAS","MOUNTAINOUS / HILLY AREAS","TINAAN","NAGA","CEBU","MOUNTAINOUS / HILLY AREAS","1,500.00"
"ALL AREAS","SEASHORE","TINAAN","NAGA","CEBU","SEASHORE","4,000.00"
"ALL AREAS","SEASHORE","TINAAN","NAGA","CEBU","FOREST LAND/TIMBER LAND","1,800.00"
"ALL AREAS","OTHER AGRICULTURAL LANDS","TINAAN","NAGA","CEBU","OTHER AGRICULTURAL LANDS","1,400.00"
"ALL AREAS","ALONG NAT'L ROAD","TUYAN","NAGA","CEBU","COMMERCIAL REGULAR","14,000.00"
"ALL AREAS","INTERIOR","TUYAN","NAGA","CEBU","COMMERCIAL REGULAR","10,000.00"
"ALL AREAS","200M ALONG NAT'L ROAD","TUYAN","NAGA","CEBU","RESIDENTIAL REGULAR","8,000.00"
"ALL AREAS","200M ALONG NAT'L ROAD","TUYAN","NAGA","CEBU","PASTURE LAND","2,000.00"
"ALL SUBDIVISIONS","200M ALONG NAT'L ROAD","TUYAN","NAGA","CEBU","RESIDENTIAL REGULAR","8,000.00"
"ALL SUBDIVISIONS","200M ALONG BRGY ROAD","TUYAN","NAGA","CEBU","RESIDENTIAL REGULAR","6,000.00"
"ALL SUBDIVISIONS","200M ALONG BRGY ROAD","TUYAN","NAGA","CEBU","PASTURE LAND","1,500.00"
"ALL SUBDIVISIONS","INTERIOR","TUYAN","NAGA","CEBU","RESIDENTIAL REGULAR","4,000.00"
"ALL SUBDIVISIONS","INTERIOR","TUYAN","NAGA","CEBU","PASTURE LAND","1,500.00"
"SHORELINE","SEASHORE","TUYAN","NAGA","CEBU","SEASHORE","6,000.00"
"SHORELINE","MOUNTAINOUS / HILLY AREAS","TUYAN","NAGA","CEBU","MOUNTAINOUS / HILLY AREAS","800.00"
"SHORELINE","OTHER AGRICULTURAL LANDS","TUYAN","TALISAY","CEBU","RESIDENTIAL REGULAR","8,100.00"
"SHORELINE","OTHER AGRICULTURAL LANDS","TUYAN","NAGA","CEBU","OTHER AGRICULTURAL LANDS","300.00"
"ALL AREAS","ALONG NAT'L ROAD","ULING","NAGA","CEBU","RESIDENTIAL REGULAR","1,800.00"
"ALL AREAS","ALONG NAGA TO TOLEDO ROAD","ULING","NAGA","CEBU","INDUSTRIAL","3,000.00"
"ALL AREAS","INTERIOR","ULING","NAGA","CEBU","INDUSTRIAL","2,000.00"
"ALL AREAS","INTERIOR -ALONG NAT'L ROAD","ULING","NAGA","CEBU","RESIDENTIAL REGULAR","1,500.00"
"ALL AREAS","INTERIOR -ALONG NAT'L ROAD","ULING","NAGA","CEBU","PASTURE LAND","600.00"
"ALL AREAS","ALONG BRGY ROAD","ULING","NAGA","CEBU","RESIDENTIAL REGULAR","1,000.00"
"ALL AREAS","INTERIOR","ULING","NAGA","CEBU","RESIDENTIAL REGULAR","800.00"
"ALL AREAS","INTERIOR","ULING","NAGA","CEBU","PASTURE LAND","500.00"
"ALL AREAS","MOUNTAINOUS / HILLY AREAS","ULING","NAGA","CEBU","MOUNTAINOUS / HILLY AREAS","150.00"
"ALL AREAS","MOUNTAINOUS / HILLY AREAS","ULING","NAGA","CEBU","FOREST LAND/TIMBER LAND","150.00"
"BARANGAY ROAD","POOC BDRY-MANANGA RIVER","BIASONG","TALISAY","CEBU","RESIDENTIAL REGULAR","8,100.00"
"BARANGAY ROAD","BIASONG PROPER-POOC BDRY","BIASONG","TALISAY","CEBU","RESIDENTIAL REGULAR","8,100.00"
"BURGOS ST.","FROM CROCOLANDIA ENTRANCE OF PEREZ DRIVE SUBD.","BIASONG","TALISAY","CEBU","RESIDENTIAL REGULAR","7,000.00"
"BURGOS ST.","INTERIOR","BIASONG","TALISAY","CEBU","RESIDENTIAL REGULAR","5,100.00"
"BURGOS ST.","FROM CHAPEL  BIASONG BARANGAY HALL","BIASONG","TALISAY","CEBU","SEASHORE","12,900.00"
"BURGOS ST.","FROM CHAPEL  BIASONG BARANGAY HALL","BIASONG","TALISAY","CEBU","RESIDENTIAL REGULAR","7,000.00"
"BAYSWATER SUBD.","","BIASONG","TALISAY","CEBU","RESIDENTIAL REGULAR","12,900.00"
"BEATO PEREZ SUBD","","BIASONG","TALISAY","CEBU","RESIDENTIAL REGULAR","9,000.00"
"DEO HOMES SUBD.","","BIASONG","TALISAY","CEBU","RESIDENTIAL REGULAR","9,000.00"
"JOHANNA SUBD.","","BIASONG","TALISAY","CEBU","RESIDENTIAL REGULAR","9,000.00"
"PALM RIVER SUBD. PHASE 2","","BIASONG","TALISAY","CEBU","RESIDENTIAL REGULAR","8,300.00"
"PEREZ DRIVE SUBDIVISION","","BIASONG","TALISAY","CEBU","RESIDENTIAL REGULAR","8,600.00"
"PUEBLO SAN RICARDO SUBD.","","BIASONG","TALISAY","CEBU","RESIDENTIAL REGULAR","11,000.00"
"RAPHAEL HOMES SUBD.","(ALSO IN LINAO AND POOC)","BIASONG","TALISAY","CEBU","RESIDENTIAL REGULAR","11,000.00"
"VILLA DONNA SUBD.","","BIASONG","TALISAY","CEBU","RESIDENTIAL REGULAR","9,000.00"
"OTHER SUBD/ VILLAGES","","BIASONG","TALISAY","CEBU","RESIDENTIAL REGULAR","8,300.00"
"ALL OTHER STREETS","","BIASONG","TALISAY","CEBU","RESIDENTIAL REGULAR","7,000.00"
"ALL OTHER STREETS","INTERIOR AREAS W/ ROAD RIGHT OF WAY","BIASONG","TALISAY","CEBU","RESIDENTIAL REGULAR","5,100.00"
"ALL OTHER STREETS","INTERIOR AREAS W/OUT ROAD RIGHT OF WAY","BIASONG","TALISAY","CEBU","RESIDENTIAL REGULAR","4,300.00"
"ALL OTHER STREETS","OTHER AGRICULTURAL LANDS","BIASONG","TALISAY","CEBU","OTHER AGRICULTURAL LANDS","2,400.00"
"SHORELINE","SEASHORE","BIASONG","TALISAY","CEBU","SEASHORE","8,000.00"
"SHORELINE","RESORT","BIASONG","TALISAY","CEBU","RESIDENTIAL REGULAR","35,000.00"
"SHORELINE","RESORT","BIASONG","TALISAY","CEBU","RESORT","12,300.00"
"MALIBU RESIDENCES","","BIASONG","TALISAY","CEBU","RESIDENTIAL REGULAR","12,000.00"
"NATIONAL ROAD","BULACAO-TABUNOK BDRY TO BULACAO- CEBU CITY BDRY","BULACAO","TALISAY","CEBU","COMMERCIAL REGULAR","35,000.00"
"NATIONAL ROAD","BIR TO FRIENDLY HOMES SUBD.","BULACAO","TALISAY","CEBU","RESIDENTIAL REGULAR","10,800.00"
"BARANGAY ROAD","NAT'L RD-BULACAO ELEM. SCH.","BULACAO","TALISAY","CEBU","RESIDENTIAL REGULAR","7,000.00"
"BARANGAY ROAD","NAT'L RD- CANDULAWAN BDRY","BULACAO","TALISAY","CEBU","RESIDENTIAL REGULAR","7,000.00"
"EAST VISAYAN ACADEMY","INSTITUTIONAL","BULACAO","TALISAY","CEBU","INSTITUTIONAL","17,200.00"
"EAST VISAYAN ACADEMY","FROM EAST VISAYAN ACADEMY TO CASILDA HOMES","BULACAO","TALISAY","CEBU","RESIDENTIAL REGULAR","10,800.00"
"CASILDA HOMES","FROM EAST VISAYAN ACADEMY TO CASILDA HOMES","BULACAO","TALISAY","CEBU","RESIDENTIAL REGULAR","9,000.00"
"FRIENDLY HOMES SUBDIVISION","WITHIN THE BARANGAY","BULACAO","TALISAY","CEBU","RESIDENTIAL REGULAR","13,200.00"
"GREEN HOMES SUBD.","WITHIN THE BARANGAY","BULACAO","TALISAY","CEBU","RESIDENTIAL REGULAR","9,000.00"
"GOTIANUY SUBDIVISION","WITHIN THE BARANGAY","BULACAO","TALISAY","CEBU","RESIDENTIAL REGULAR","10,200.00"
"HAPPY VALLEY SUBDIVISION","WITHIN THE BARANGAY","BULACAO","TALISAY","CEBU","RESIDENTIAL REGULAR","8,300.00"
"HILLSIDE SUBDIVISION","WITHIN THE BARANGAY","BULACAO","TALISAY","CEBU","RESIDENTIAL REGULAR","9,000.00"
"LOWER CABUNAYAN","WITHIN THE BARANGAY","BULACAO","TALISAY","CEBU","RESIDENTIAL REGULAR","8,300.00"
"LUZ FELIZ HOMES","WITHIN THE BARANGAY","BULACAO","TALISAY","CEBU","RESIDENTIAL REGULAR","9,000.00"
"MAHARLIKA VILLAGE","WITHIN THE BARANGAY","BULACAO","TALISAY","CEBU","RESIDENTIAL REGULAR","12,900.00"
"MAHARLIKA VILLAGE","WITHIN THE BARANGAY","BULACAO","TALISAY","CEBU","RESIDENTIAL REGULAR","10,200.00"
"MANSUETO SUBDIVISION","WITHIN THE BARANGAY","BULACAO","TALISAY","CEBU","RESIDENTIAL REGULAR","10,200.00"
"MINGCOURT SUBDIVISION","WITHIN THE BARANGAY","BULACAO","TALISAY","CEBU","RESIDENTIAL REGULAR","8,100.00"
"NEW CATALINA SUBD.","WITHIN THE BARANGAY","BULACAO","TALISAY","CEBU","RESIDENTIAL REGULAR","9,000.00"
"NEW FRONTIER SUBDIVISION","WITHIN THE BARANGAY","BULACAO","TALISAY","CEBU","RESIDENTIAL REGULAR","9,000.00"
"PLAINVILLE SUBDIVISION","WITHIN THE BARANGAY","BULACAO","TALISAY","CEBU","RESIDENTIAL REGULAR","10,500.00"
"RUSTYVILLE SUBDIVISION","WITHIN THE BARANGAY","BULACAO","TALISAY","CEBU","RESIDENTIAL REGULAR","9,000.00"
"ST. BARACHAEL SUBDIVSION","WITHIN THE BARANGAY","BULACAO","TALISAY","CEBU","RESIDENTIAL REGULAR","8,300.00"
"STA. LUCIA SUBDIVISION","WITHIN THE BARANGAY","BULACAO","TALISAY","CEBU","RESIDENTIAL REGULAR","12,900.00"
"SOUTHGATE SUBDIVISION","WITHIN THE BARANGAY","BULACAO","TALISAY","CEBU","RESIDENTIAL REGULAR","10,500.00"
"VILLA VERNA SUBDIVISION","WITHIN THE BARANGAY","BULACAO","TALISAY","CEBU","RESIDENTIAL REGULAR","10,500.00"
"OTHER SUBD/ VILLAGES","WITHIN THE BARANGAY","BULACAO","TALISAY","CEBU","RESIDENTIAL REGULAR","7,000.00"
"ALL OTHER STREETS","WITHIN THE BARANGAY","BULACAO","TALISAY","CEBU","RESIDENTIAL REGULAR","7,000.00"
"ALL OTHER STREETS","MOUNTAINOUS / HILLY AREAS","BULACAO","TALISAY","CEBU","MOUNTAINOUS / HILLY AREAS","3,400.00"
"ALL OTHER STREETS","OTHER AGRICULTURAL LANDS","BULACAO","TALISAY","CEBU","OTHER AGRICULTURAL LANDS","2,700.00"
"INTERIOR LOTS","INT. LOT W/RIGHT OF WAY","BULACAO","TALISAY","CEBU","RESIDENTIAL REGULAR","5,100.00"
"INTERIOR LOTS","INT LOT W/OUT RIGHT OF WAY","BULACAO","TALISAY","CEBU","RESIDENTIAL REGULAR","12,000.00"
"INTERIOR LOTS","INT LOT W/OUT RIGHT OF WAY","BULACAO","TALISAY","CEBU","RESIDENTIAL REGULAR","4,300.00"
"INTERIOR LOTS","MOUNTAINOUS / HILLY AREAS","BULACAO","TALISAY","CEBU","MOUNTAINOUS / HILLY AREAS","3,400.00"
"INTERIOR LOTS","OTHER AGRICULTURAL LANDS","BULACAO","TALISAY","CEBU","OTHER AGRICULTURAL LANDS","2,700.00"
"PRINCESS VILL","OTHER AGRICULTURAL LANDS","BULACAO","TALISAY","CEBU","RESIDENTIAL REGULAR","9,000.00"
"SMYRNA","OTHER AGRICULTURAL LANDS","BULACAO","TALISAY","CEBU","RESIDENTIAL REGULAR","12,000.00"
"BARANGAY PROV'L ROAD","LOW AREAS","CAMP 4","TALISAY","CEBU","RESIDENTIAL REGULAR","1,300.00"
"BARANGAY PROV'L ROAD","HILLY MOUNTAIN AREAS","CAMP 4","TALISAY","CEBU","MOUNTAINOUS / HILLY AREAS","700.00"
"BARANGAY PROV'L ROAD","OTHER AGRICULTURAL LANDS","CAMP 4","TALISAY","CEBU","OTHER AGRICULTURAL LANDS","650.00"
"BARANGAY PROV'L ROAD","AFTER CAMP 4 STEEL BRIDGE TO 100 MTS BRGY HALL","CAMP 4","TALISAY","CEBU","RICELAND IRRIGATED","1,900.00"
"BARANGAY PROV'L ROAD","100 MTRS FR BRGY HALL TO BDRY BET CAMP 5 & MANIPIS","CAMP 4","TALISAY","CEBU","RESIDENTIAL REGULAR","1,900.00"
"RIVER BANK","OTHER AGRICULTURAL LANDS","CAMP 4","TALISAY","CEBU","OTHER AGRICULTURAL LANDS","600.00"
"INTERIOR AREAS","LOW AREAS","CAMP 4","TALISAY","CEBU","RESIDENTIAL REGULAR","1,200.00"
"INTERIOR AREAS","HILLY/ MOUNTAIN AREAS","CAMP 4","TALISAY","CEBU","MOUNTAINOUS / HILLY AREAS","600.00"
"INTERIOR AREAS","FOREST LAND","CAMP 4","TALISAY","CEBU","OTHER AGRICULTURAL LANDS","525.00"
"INTERIOR AREAS","AREA FOR PRIORITY DEVELOPMENT","CAMP 4","TALISAY","CEBU","AREA FOR PRIORITY DEVELOPMENT","650.00"
"BARANGAY/PROVINCIAL ROAD","","CANDULAWAN","TALISAY","CEBU","RESIDENTIAL REGULAR","3,500.00"
"BARANGAY ROAD","LAGTANG CROSSING LOWER CANDULAWAN","CANDULAWAN","TALISAY","CEBU","MOUNTAINOUS / HILLY AREAS","19,000.00"
"BARANGAY ROAD","LAGTANG CROSSING LOWER CANDULAWAN","CANDULAWAN","TALISAY","CEBU","OTHER AGRICULTURAL LANDS","2,700.00"
"BARANGAY ROAD","BDRY BETWEEN BRGY BULACAO & BRGY CANDULAWAN TO CANDULAWAN ELEM SCHOOL","CANDULAWAN","TALISAY","CEBU","RESIDENTIAL REGULAR","2,700.00"
"UPPER CANDULAWAN","NEAR ELEM. SCHOOL","CANDULAWAN","TALISAY","CEBU","RESIDENTIAL REGULAR","3,500.00"
"UPPER CANDULAWAN","OTHER AGRICULTURAL LANDS","CANDULAWAN","TALISAY","CEBU","OTHER AGRICULTURAL LANDS","1,800.00"
"UPPER CANDULAWAN","OTHER AGRICULTURAL LANDS","CANDULAWAN","TALISAY","CEBU","RICELAND IRRIGATED","1,800.00"
"UPPER CANDULAWAN","OTHER AGRICULTURAL LANDS","CANDULAWAN","TALISAY","CEBU","COCO LAND","1,800.00"
"UPPER CANDULAWAN","OTHER AGRICULTURAL LANDS","CANDULAWAN","TALISAY","CEBU","CORN LAND","1,800.00"
"STA. LUCIA VISTA GRANDE","OTHER AGRICULTURAL LANDS","CANDULAWAN","TALISAY","CEBU","RESIDENTIAL REGULAR","19,000.00"
"VILLA ESTELITA","OTHER AGRICULTURAL LANDS","CANDULAWAN","TALISAY","CEBU","RESIDENTIAL REGULAR","11,000.00"
"GBC FEDERATION AND PEOPLES ASSO.","NO VALUE GIVEN BY ASSESSOR","CANDULAWAN","TALISAY","CEBU","RESIDENTIAL REGULAR","7,800.00"
"KISHANTA SUBD. EXPANSION PROJECT","NO VALUE GIVEN BY ASSESSOR","CANDULAWAN","TALISAY","CEBU","RESIDENTIAL REGULAR","15,000.00"
"PACIFIC HEIGHTS","NO VALUE GIVEN BY ASSESSOR","CANDULAWAN","TALISAY","CEBU","RESIDENTIAL REGULAR","13,500.00"
"OTHER SUBDIVISION/ VILLAGES","NO VALUE GIVEN BY ASSESSOR","CANDULAWAN","TALISAY","CEBU","RESIDENTIAL REGULAR","9,500.00"
"ALL OTHER STREETS","NO VALUE GIVEN BY ASSESSOR","CANDULAWAN","TALISAY","CEBU","RESIDENTIAL REGULAR","4,000.00"
"INTERIOR AREA","OTHER AGRICULTURAL LANDS","CANDULAWAN","TALISAY","CEBU","OTHER AGRICULTURAL LANDS","950.00"
"INTERIOR AREA","HILLY MOUNTAIN AREAS","CANDULAWAN","TALISAY","CEBU","MOUNTAINOUS / HILLY AREAS","1,000.00"
"INTERIOR AREA","HILLY MOUNTAIN AREAS","CANDULAWAN","TALISAY","CEBU","RESIDENTIAL REGULAR","12,000.00"
"INTERIOR AREA","HILLY MOUNTAIN AREAS","CANDULAWAN","TALISAY","CEBU","RICELAND IRRIGATED","1,100.00"
"INTERIOR AREA","HILLY MOUNTAIN AREAS","CANDULAWAN","TALISAY","CEBU","COCO LAND","1,000.00"
"INTERIOR AREA","HILLY MOUNTAIN AREAS","CANDULAWAN","TALISAY","CEBU","CORN LAND","1,000.00"
"PROVINCIAL RD","POBLACION-TANKE BDRY","CANSOJONG","TALISAY","CEBU","COMMERCIAL REGULAR","12,000.00"
"MUNICIPAL RD","WITHIN THE BRGY","CANSOJONG","TALISAY","CEBU","RESIDENTIAL REGULAR","9,500.00"
"BRGY RD","WITHIN THE BRGY","CANSOJONG","TALISAY","CEBU","RESIDENTIAL REGULAR","7,800.00"
"KIMBA RD","KIAMBA-CONSOJONG SIDE FROM TABUNOK","CANSOJONG","TALISAY","CEBU","RESIDENTIAL REGULAR","7,800.00"
"KIMBA RD","TANKE-CANSOJONG BDRY","CANSOJONG","TALISAY","CEBU","COMMERCIAL REGULAR","9,200.00"
"SHORELINE","POBLACION BDRY TO TANGKE BDRY","CANSOJONG","TALISAY","CEBU","COMMERCIAL REGULAR","12,000.00"
"SHORELINE","(50 M INWARD)","CANSOJONG","TALISAY","CEBU","SEASHORE","7,800.00"
"ALBERLYN SOUTH RESIDENCES","(50 M INWARD)","CANSOJONG","TALISAY","CEBU","RESIDENTIAL REGULAR","11,700.00"
"CASA DE LA PAZ","(50 M INWARD)","CANSOJONG","TALISAY","CEBU","RESIDENTIAL REGULAR","9,200.00"
"FORTUNE PLAINS SUBDIVISION","(50 M INWARD)","CANSOJONG","TALISAY","CEBU","RESIDENTIAL REGULAR","10,500.00"
"STA. THERESA VILLAGE III","(50 M INWARD)","CANSOJONG","TALISAY","CEBU","RESIDENTIAL REGULAR","10,900.00"
"MAGLASANG SUBDIVISION","(50 M INWARD)","CANSOJONG","TALISAY","CEBU","RESIDENTIAL REGULAR","9,500.00"
"RECOLETOS VILLE SUBDIVSION","(50 M INWARD)","CANSOJONG","TALISAY","CEBU","RESIDENTIAL REGULAR","9,500.00"
"SACRED HOMES SUBD.","(50 M INWARD)","CANSOJONG","TALISAY","CEBU","COMMERCIAL REGULAR","38,800.00"
"SACRED HOMES SUBD.","(50 M INWARD)","CANSOJONG","TALISAY","CEBU","RESIDENTIAL REGULAR","9,500.00"
"STA. TERESA III AND EXTENSION","(50 M INWARD)","CANSOJONG","TALISAY","CEBU","RESIDENTIAL REGULAR","10,900.00"
"SINCERE HOMES SUBD.","(50 M INWARD)","CANSOJONG","TALISAY","CEBU","RESIDENTIAL REGULAR","9,200.00"
"SOUTH CITY HOMES","(50 M INWARD)","CANSOJONG","TALISAY","CEBU","RESIDENTIAL REGULAR","11,700.00"
"SOUTHWINDS SUBDIVISION","(50 M INWARD)","CANSOJONG","TALISAY","CEBU","RESIDENTIAL REGULAR","10,500.00"
"OTHER SUB/VILLAGES","(50 M INWARD)","CANSOJONG","TALISAY","CEBU","RESIDENTIAL REGULAR","9,200.00"
"ALL OTHER STS.","(50 M INWARD)","CANSOJONG","TALISAY","CEBU","RESIDENTIAL REGULAR","7,800.00"
"INTERIOR AREAS","INT. AREAS W/RIGHT OF WAY","CANSOJONG","TALISAY","CEBU","RESIDENTIAL REGULAR","5,700.00"
"INTERIOR AREAS","W/OUT ROAD RIGHT OF WAY","CANSOJONG","TALISAY","CEBU","RESIDENTIAL REGULAR","4,800.00"
"INTERIOR AREAS","OTHER AGRICULTURAL LANDS","CANSOJONG","TALISAY","CEBU","OTHER AGRICULTURAL LANDS","3,000.00"
"FROM THE BDRY BETWEEN BRGY. POBLACION AND BRGY CANSOJONG","PROVINCIAL ROAD TO PUBLIC CEMETERY","CANSOJONG","TALISAY","CEBU","RESIDENTIAL REGULAR","7,600.00"
"RAMONA ROAD TO","CORNER DAWIS AND KIMBA ROAD","CANSOJONG","TALISAY","CEBU","RESIDENTIAL REGULAR","10,800.00"
"ULDOG ROAD TO","CORNER RAMONA ROAD","CANSOJONG","TALISAY","CEBU","RESIDENTIAL REGULAR","10,800.00"
"FR THE COR DAWIS AND KIMBA RD TO","BARANGAY TANGKE","CANSOJONG","TALISAY","CEBU","RESIDENTIAL REGULAR","9,000.00"
"ALONG SRP ROAD","SLEDA 1 (WITHIN 50 MTRS)","CANSOJONG","TALISAY","CEBU","COMMERCIAL REGULAR","38,800.00"
"ALONG SRP ROAD","SLEDA 2 (BEYOND  50 MTRS UP TO 150 MTRS)","CANSOJONG","TALISAY","CEBU","COMMERCIAL REGULAR","26,300.00"
"ALONG SRP ROAD","SLEDA 3 ( BEYOND 150 MTRS TO 250 MTRS)","CANSOJONG","TALISAY","CEBU","RESIDENTIAL REGULAR","21,500.00"
"ALONG SRP ROAD","SLEDA 3 ( BEYOND 150 MTRS TO 250 MTRS)","CANSOJONG","TALISAY","CEBU","COMMERCIAL REGULAR","21,500.00"
"ALONG SRP ROAD","SLEDA 4 ( BEYOND 250 MTRS TO 300 MTRS)","CANSOJONG","TALISAY","CEBU","COMMERCIAL REGULAR","17,500.00"
"LEMON VILLE","SLEDA 4 ( BEYOND 250 MTRS TO 300 MTRS)","CANSOJONG","TALISAY","CEBU","RESIDENTIAL REGULAR","7,000.00"
"VILLA LUCITA","ALSO LOCATED IN BRGY. SAN ISIDRO","CANSOJONG","TALISAY","CEBU","RESIDENTIAL REGULAR","12,000.00"
"PROVINCIAL RD","BASCON ST- POBLACION BDRY","DUMLOG","TALISAY","CEBU","COMMERCIAL REGULAR","12,800.00"
"BRGY RD","BASCON ST- POBLACION","DUMLOG","TALISAY","CEBU","RESIDENTIAL REGULAR","7,800.00"
"BRGY RD","SHORELINE-MANANGA RIVER TO POBLACION BDRY","DUMLOG","TALISAY","CEBU","RESIDENTIAL REGULAR","7,800.00"
"MUN. RD","BASCON-POBLACION BDRY","DUMLOG","TALISAY","CEBU","RESIDENTIAL REGULAR","9,500.00"
"MUN. RD","BASCON-MANANGA RIVER","DUMLOG","TALISAY","CEBU","RESIDENTIAL REGULAR","11,700.00"
"BASCON ST","JOSE RIZAL-DUMLOG-SAN ISIDRO","DUMLOG","TALISAY","CEBU","RESIDENTIAL REGULAR","10,700.00"
"BASCON ST","JOSE RIZAL-DUMLOG-SAN ISIDRO","DUMLOG","TALISAY","CEBU","COMMERCIAL REGULAR","12,800.00"
"BASCON ST","JOSE RIZAL-POBLACION","DUMLOG","TALISAY","CEBU","RESIDENTIAL REGULAR","10,000.00"
"BASCON ST","POB MUN RD-SHORELINE","DUMLOG","TALISAY","CEBU","RESIDENTIAL REGULAR","7,800.00"
"BASCON ST","BASCON-POBLACION BNDRY","DUMLOG","TALISAY","CEBU","RESIDENTIAL REGULAR","10,000.00"
"BASCON ST","BASCON-MANANGA RIVER","DUMLOG","TALISAY","CEBU","RESIDENTIAL REGULAR","7,800.00"
"SITIO LITMON","BASCON-MANANGA RIVER","DUMLOG","TALISAY","CEBU","CORN LAND","13,500.00"
"SITIO LITMON","BASCON-MANANGA RIVER","DUMLOG","TALISAY","CEBU","RESIDENTIAL REGULAR","7,800.00"
"SHORELINE","W/IN THE BRGY","DUMLOG","TALISAY","CEBU","COMMERCIAL REGULAR","13,500.00"
"SHORELINE","SEASHORE","DUMLOG","TALISAY","CEBU","SEASHORE","7,800.00"
"BELLEZA COMPD","SEASHORE","DUMLOG","TALISAY","CEBU","RESIDENTIAL REGULAR","9,500.00"
"CARMENVILLE SUBDIVISION","SEASHORE","DUMLOG","TALISAY","CEBU","RESIDENTIAL REGULAR","11,700.00"
"DECA HOMES SUBD.","SEASHORE","DUMLOG","TALISAY","CEBU","RESIDENTIAL REGULAR","9,200.00"
"FLORIDA COUNTY","SEASHORE","DUMLOG","TALISAY","CEBU","RESIDENTIAL REGULAR","9,200.00"
"STA. THERESA VILLAGE I","SEASHORE","DUMLOG","TALISAY","CEBU","RESIDENTIAL REGULAR","9,200.00"
"RAMONA SUBD.","SEASHORE","DUMLOG","TALISAY","CEBU","RESIDENTIAL REGULAR","11,700.00"
"REUBENVILLE","SEASHORE","DUMLOG","TALISAY","CEBU","RESIDENTIAL REGULAR","9,200.00"
"SEABREEZE SUBDIVISION","SEASHORE","DUMLOG","TALISAY","CEBU","RESIDENTIAL REGULAR","9,200.00"
"SOUTH COVINA","SEASHORE","DUMLOG","TALISAY","CEBU","RESIDENTIAL REGULAR","11,700.00"
"OTHER SUBD/VILLAGES","SEASHORE","DUMLOG","TALISAY","CEBU","RESIDENTIAL REGULAR","9,200.00"
"ALL OTHER STREETS","SEASHORE","DUMLOG","TALISAY","CEBU","RESIDENTIAL REGULAR","7,800.00"
"ALL OTHER STREETS","SEASHORE","DUMLOG","TALISAY","CEBU","COCO LAND","3,200.00"
"ALL OTHER STREETS","SEASHORE","DUMLOG","TALISAY","CEBU","CORN LAND","3,200.00"
"ALL OTHER STREETS","SEASHORE","DUMLOG","TALISAY","CEBU","RESIDENTIAL REGULAR","38,800.00"
"ALL OTHER STREETS","SEASHORE","DUMLOG","TALISAY","CEBU","SUGAR LAND","2,700.00"
"ALL OTHER STREETS","OTHER AGRICULTURAL LANDS","DUMLOG","TALISAY","CEBU","OTHER AGRICULTURAL LANDS","2,500.00"
"INTERIOR AREAS","INT. AREAS W/ RIGHT OF WAY","DUMLOG","TALISAY","CEBU","RESIDENTIAL REGULAR","6,700.00"
"INTERIOR AREAS","W/ OUT ROUD RIGHT OF WAY","DUMLOG","TALISAY","CEBU","RESIDENTIAL REGULAR","5,300.00"
"ALONG SRP ROAD","SLEDA 1 (WITHIN 50 MTRS)","DUMLOG","TALISAY","CEBU","COMMERCIAL REGULAR","38,800.00"
"ALONG SRP ROAD","SLEDA 2 (BEYOND  50 MTRS UP TO 150 MTRS)","DUMLOG","TALISAY","CEBU","COMMERCIAL REGULAR","28,500.00"
"ALONG SRP ROAD","SLEDA 3 ( BEYOND 150 MTRS TO 250 MTRS)","DUMLOG","TALISAY","CEBU","COMMERCIAL REGULAR","24,500.00"
"ALONG SRP ROAD","SLEDA 4 ( BEYOND 250 MTRS TO 300 MTRS)","DUMLOG","TALISAY","CEBU","COMMERCIAL REGULAR","21,000.00"
"FROM THE CORNER RAMONA ROAD AND PROVINCIAL RD (RIZAL ST) TO","THE MANANGA RIVER (AT THE OLD PHILIPPINE RAILWAY)","DUMLOG","TALISAY","CEBU","RESIDENTIAL REGULAR","7,500.00"
"FROM THE MANANGA BRIDGE AT BARANGAY BIASONG AND DUMLOG JUNCTION TO","TALISAY CENTRAL SCHOOL","DUMLOG","TALISAY","CEBU","RESIDENTIAL REGULAR","7,500.00"
"FROM THE MANANGA BRIDGE AT BARANGAY BIASONG AND DUMLOG JUNCTION TO","THE BARANGAY BOUNDARY BETWEEN DUMLOG AND POBLACION","DUMLOG","TALISAY","CEBU","RESIDENTIAL REGULAR","7,500.00"
"FROM THE DUMLOG AND SAN ISIDRO BDRY ALONG RIZAL ST. TO","SEALIGHTS","DUMLOG","TALISAY","CEBU","RESIDENTIAL REGULAR","7,500.00"
"UNIVILLE HOMES","SEALIGHTS","DUMLOG","TALISAY","CEBU","RESIDENTIAL REGULAR","12,000.00"
"TUASTUMBAN","SEALIGHTS","DUMLOG","TALISAY","CEBU","RESIDENTIAL REGULAR","10,000.00"
"SAMANTHA HOMES","SEALIGHTS","DUMLOG","TALISAY","CEBU","RESIDENTIAL REGULAR","8,000.00"
"PROVINCIAL ROAD","SEALIGHTS","JACLUPAN","TALISAY","CEBU","RESIDENTIAL REGULAR","2,000.00"
"BARANGAY/ MUN. RD","SEALIGHTS","JACLUPAN","TALISAY","CEBU","RESIDENTIAL REGULAR","16,000.00"
"BARANGAY/ MUN. RD","SEALIGHTS","JACLUPAN","TALISAY","CEBU","RESIDENTIAL REGULAR","1,900.00"
"BARANGAY/ MUN. RD","JACLUPAN ELEM. SCHOOL TO CAMP 4","JACLUPAN","TALISAY","CEBU","RESIDENTIAL REGULAR","1,600.00"
"BARANGAY/ MUN. RD","JACLUPAN ELEM SCHOOL TO MCWD WATER PUMP STATION","JACLUPAN","TALISAY","CEBU","RESIDENTIAL REGULAR","1,000.00"
"RIVER BANK","JACLUPAN ELEM SCHOOL TO MCWD WATER PUMP STATION","JACLUPAN","TALISAY","CEBU","INDUSTRIAL","1,000.00"
"INTERIOR LOTS","INT. AREAS W/ RIGHT OF WAY","JACLUPAN","TALISAY","CEBU","RESIDENTIAL REGULAR","900.00"
"INTERIOR LOTS","W/OUT RIGHT OF WAY","JACLUPAN","TALISAY","CEBU","RESIDENTIAL REGULAR","800.00"
"INTERIOR LOTS","W/OUT RIGHT OF WAY","JACLUPAN","TALISAY","CEBU","CACAO","700.00"
"INTERIOR LOTS","W/OUT RIGHT OF WAY","JACLUPAN","TALISAY","CEBU","COCO LAND","700.00"
"INTERIOR LOTS","OTHER AGRICULTURAL LANDS","JACLUPAN","TALISAY","CEBU","OTHER AGRICULTURAL LANDS","650.00"
"ALL OTHER SUB/VILLAGES","","JACLUPAN","TALISAY","CEBU","RESIDENTIAL REGULAR","1,800.00"
"PROV'L ROAD/ NAT'L ROAD","TABUNOK BDRY-ILANG ILANG","LAGTANG","TALISAY","CEBU","COMMERCIAL REGULAR","16,000.00"
"PROV'L ROAD/ NAT'L ROAD","ILANG ILANG 7TH DAY ADVENT","LAGTANG","TALISAY","CEBU","COMMERCIAL REGULAR","16,000.00"
"PROV'L ROAD/ NAT'L ROAD","7TH DAY ADVENT-JACLUPAN","LAGTANG","TALISAY","CEBU","RESIDENTIAL REGULAR","12,000.00"
"PROV'L ROAD/ NAT'L ROAD","ENTRANCE HOLLOWBLOCK SUBD TO BDRY BRGY LAGTANG AND BRGY JACLUPAN","LAGTANG","TALISAY","CEBU","RESIDENTIAL REGULAR","6,500.00"
"PROV'L ROAD/ NAT'L ROAD","CORNER NEAR LAGTANG BRGY HALL TO MCWD RESERVOIR","LAGTANG","TALISAY","CEBU","RESIDENTIAL REGULAR","6,500.00"
"PROV'L ROAD/ NAT'L ROAD","CORNER FRONTING ST. TO SITIO MOLAVE","LAGTANG","TALISAY","CEBU","RESIDENTIAL REGULAR","6,000.00"
"BRGY/ MUNICIPAL RD","","LAGTANG","TALISAY","CEBU","RESIDENTIAL REGULAR","16,500.00"
"BRGY/ MUNICIPAL RD","","LAGTANG","TALISAY","CEBU","RESIDENTIAL REGULAR","8,000.00"
"BRGY RD HOLLOW BLK","SITIO MOLAVE-MANANGA RIVER","LAGTANG","TALISAY","CEBU","RESIDENTIAL REGULAR","8,000.00"
"ILANG ILANG","PROV'L RD-STO NIÑO VILLAGE","LAGTANG","TALISAY","CEBU","RESIDENTIAL REGULAR","8,000.00"
"RIVER BANK","SITIO HALLOW BLOCK-NUNEZ BATCHING PLANT","LAGTANG","TALISAY","CEBU","RESIDENTIAL REGULAR","8,000.00"
"HOLLOW BLOCKS","","LAGTANG","TALISAY","CEBU","RESIDENTIAL REGULAR","8,500.00"
"RIVER VIEW SUBD","","LAGTANG","TALISAY","CEBU","RESIDENTIAL REGULAR","8,500.00"
"STA. CATALINA SUBDIVISION","","LAGTANG","TALISAY","CEBU","RESIDENTIAL REGULAR","9,000.00"
"STO. NIÑO SUBD. (VILL)","EAST OF ILANG ILANG & WEST OF MOLAVE","LAGTANG","TALISAY","CEBU","RESIDENTIAL REGULAR","8,500.00"
"KISHANTA SUBD.","","LAGTANG","TALISAY","CEBU","RESIDENTIAL REGULAR","16,500.00"
"STERLING LAND RESIDENCES","","LAGTANG","TALISAY","CEBU","RESIDENTIAL REGULAR","11,000.00"
"ST. SCHOLASTICA'S ACADEMY","COR. PROV'L ROAD AND BRGY RD","LAGTANG","TALISAY","CEBU","INSTITUTIONAL","16,500.00"
"ST. SCHOLASTICA'S ACADEMY","ALONG RIVER BANK PROV'L ROAD BRGY RD HOLLOW BLOCK","LAGTANG","TALISAY","CEBU","RESIDENTIAL REGULAR","8,000.00"
"ST. SCHOLASTICA'S ACADEMY","100M AWAY ILANG-ILANG PROV'L RD SITIO MOLAVE AND BRGY BULACAO BDRY","LAGTANG","TALISAY","CEBU","RESIDENTIAL REGULAR","8,000.00"
"ST. SCHOLASTICA'S ACADEMY","HILLY AREAS","LAGTANG","TALISAY","CEBU","MOUNTAINOUS / HILLY AREAS","5,000.00"
"ST. SCHOLASTICA'S ACADEMY","OTHER AGRICULTURAL AREAS","LAGTANG","TALISAY","CEBU","OTHER AGRICULTURAL LANDS","4,900.00"
"OTHER SUB/VILLAGES","","LAGTANG","TALISAY","CEBU","RESIDENTIAL REGULAR","8,800.00"
"ALL OTHER STREETS","","LAGTANG","TALISAY","CEBU","COMMERCIAL REGULAR","34,000.00"
"ALL OTHER STREETS","","LAGTANG","TALISAY","CEBU","RESIDENTIAL REGULAR","8,000.00"
"INTERIOR LOTS","WITH RIGHT OF WAY","LAGTANG","TALISAY","CEBU","RESIDENTIAL REGULAR","6,500.00"
"INTERIOR LOTS","WITHOUT RIGHT OF WAY","LAGTANG","TALISAY","CEBU","RESIDENTIAL REGULAR","6,000.00"
"PRECIOUSVILLE ROWHOUSE","","LAGTANG","TALISAY","CEBU","RESIDENTIAL REGULAR","10,000.00"
"NATIONAL ROAD/PROVINCIAL RD","LAWAAN BRGY HALLTO MANANGA BRIDGE","LAWAAN-I","TALISAY","CEBU","COMMERCIAL REGULAR","16,000.00"
"NATIONAL ROAD/PROVINCIAL RD","LAWAAN BRGY HALLTO MANANGA BRIDGE","LAWAAN-I","TALISAY","CEBU","RESIDENTIAL REGULAR","11,500.00"
"NATIONAL ROAD/PROVINCIAL RD","INTERSECTION NAT'L. ROAD TO CAMELLA HOMES","LAWAAN-I","TALISAY","CEBU","RESIDENTIAL REGULAR","11,000.00"
"BARANGAY RD/ MUNICIPAL RD","","LAWAAN-I","TALISAY","CEBU","RESIDENTIAL REGULAR","8,000.00"
"LAWAAN ELEM. SCHOOL","EAST OF SEAVIEW HTS &","LAWAAN-I","TALISAY","CEBU","GENERAL PURPOSES","11,000.00"
"LAWAAN ELEM. SCHOOL","WEST OF NAT'L RD","LAWAAN-I","TALISAY","CEBU","RESIDENTIAL REGULAR","11,000.00"
"LAWAAN ELEM. SCHOOL","NATIONAL ROAD ALONG MAGHAWAY ROAD TO BOUNDARY","LAWAAN-I","TALISAY","CEBU","RESIDENTIAL REGULAR","11,000.00"
"LAWAAN ELEM. SCHOOL","LINAO BDRY CROSSING LAWAAN TO CORNER POOC BRGY ROAD","LAWAAN-I","TALISAY","CEBU","RESIDENTIAL REGULAR","11,000.00"
"POOC BARANGAY ROAD","NATIONAL RD -MOHON-LINAO ROAD","LAWAAN-I","TALISAY","CEBU","RESIDENTIAL REGULAR","9,500.00"
"UPPER MOHON ROAD","SOUTH MEMORIAL GARDEN","LAWAAN-I","TALISAY","CEBU","RESIDENTIAL REGULAR","11,000.00"
"POOC TO DUMLOG","INTERSECTION GOING TO TABUNOK NAT'L. ROAD","LAWAAN-I","TALISAY","CEBU","RESIDENTIAL REGULAR","9,500.00"
"ALONG SRP ROAD","SLEDA 1 (WITHIN 50 MTRS)","LAWAAN-I","TALISAY","CEBU","COMMERCIAL REGULAR","34,000.00"
"ALONG SRP ROAD","SLEDA 2 (BEYOND  50 MTRS UP TO 150 MTRS)","LAWAAN-I","TALISAY","CEBU","COGON","24,000.00"
"ALONG SRP ROAD","SLEDA 2 (BEYOND  50 MTRS UP TO 150 MTRS)","LAWAAN-I","TALISAY","CEBU","COMMERCIAL REGULAR","24,000.00"
"ALONG SRP ROAD","SLEDA 3 ( BEYOND 150 MTRS TO 250 MTRS)","LAWAAN-I","TALISAY","CEBU","COMMERCIAL REGULAR","21,000.00"
"ALONG SRP ROAD","SLEDA 4 ( BEYOND 250 MTRS TO 300 MTRS)","LAWAAN-I","TALISAY","CEBU","COMMERCIAL REGULAR","16,500.00"
"ALPHA EXECUTIVE HOMES","SLEDA 4 ( BEYOND 250 MTRS TO 300 MTRS)","LAWAAN-I","TALISAY","CEBU","RESIDENTIAL REGULAR","13,000.00"
"BF BETTER HOMES","SLEDA 4 ( BEYOND 250 MTRS TO 300 MTRS)","LAWAAN-I","TALISAY","CEBU","RESIDENTIAL REGULAR","11,300.00"
"CAMELLA HOMES, TIERRA GRANDE SUBD.","SLEDA 4 ( BEYOND 250 MTRS TO 300 MTRS)","LAWAAN-I","TALISAY","CEBU","RESIDENTIAL REGULAR","11,300.00"
"FAIRVIEW HEIGHTS","SLEDA 4 ( BEYOND 250 MTRS TO 300 MTRS)","LAWAAN-I","TALISAY","CEBU","RESIDENTIAL REGULAR","13,000.00"
"SEAVIEW HEIGHTS SUBDIVISION","SLEDA 4 ( BEYOND 250 MTRS TO 300 MTRS)","LAWAAN-I","TALISAY","CEBU","RESIDENTIAL REGULAR","12,800.00"
"VICENTA RETUYA SUBD.","SLEDA 4 ( BEYOND 250 MTRS TO 300 MTRS)","LAWAAN-I","TALISAY","CEBU","RESIDENTIAL REGULAR","9,500.00"
"OTHER SUBD/VILLAGES","SLEDA 4 ( BEYOND 250 MTRS TO 300 MTRS)","LAWAAN-I","TALISAY","CEBU","RESIDENTIAL REGULAR","8,500.00"
"ALL OTHER STREETS","SLEDA 4 ( BEYOND 250 MTRS TO 300 MTRS)","LAWAAN-I","TALISAY","CEBU","RESIDENTIAL REGULAR","8,000.00"
"OTHER AGRICULTURAL AREAS","OTHER AGRICULTURAL LANDS","LAWAAN-I","TALISAY","CEBU","OTHER AGRICULTURAL LANDS","4,800.00"
"INTERIOR AREAS","INT. AREAS W/ RIGHT OF WAY","LAWAAN-I","TALISAY","CEBU","RESIDENTIAL REGULAR","6,500.00"
"INTERIOR AREAS","W/ OUT ROAD RIGHT OF WAY","LAWAAN-I","TALISAY","CEBU","RESIDENTIAL REGULAR","6,000.00"
"INTERIOR AREAS","MOUNTAINOUS / HILLY AREAS","LAWAAN-I","TALISAY","CEBU","MOUNTAINOUS / HILLY AREAS","5,800.00"
"INTERIOR AREAS","MOUNTAINOUS / HILLY AREAS","LAWAAN-I","TALISAY","CEBU","COGON","5,800.00"
"AZIENDA ROMA","MOUNTAINOUS / HILLY AREAS","LAWAAN-I","TALISAY","CEBU","RESIDENTIAL REGULAR","34,000.00"
"AZIENDA ROMA","MOUNTAINOUS / HILLY AREAS","LAWAAN-I","TALISAY","CEBU","RESIDENTIAL REGULAR","12,000.00"
"NATIONAL ROAD","LAWAAN I BDRY-MANANGA BDRY","LAWAAN-II","TALISAY","CEBU","RESIDENTIAL REGULAR","11,500.00"
"NATIONAL ROAD","BARANGAY BOUNDARY","LAWAAN-II","TALISAY","CEBU","COMMERCIAL REGULAR","16,000.00"
"NATIONAL ROAD","INTERSECTION GOING TO POOC UNTIL INTERSECTION OF TALISAY CITY HALL","LAWAAN-II","TALISAY","CEBU","RESIDENTIAL REGULAR","9,000.00"
"NATIONAL ROAD","INTERSECTION FR. POOC -MANANGA RIVER","LAWAAN-II","TALISAY","CEBU","COMMERCIAL REGULAR","16,000.00"
"BRGY/MUN ROAD","W/IN BRGY","LAWAAN-II","TALISAY","CEBU","RESIDENTIAL REGULAR","8,000.00"
"POOC BRGY RD","NATL RD ALONG LAWAAN II TO MOHON-DUMLOG BRGY RD","LAWAAN-II","TALISAY","CEBU","RESIDENTIAL REGULAR","8,000.00"
"ALONG MANANGA RIVER","FAIRVIEW VILLAGE DOWN TO MOHON-DUMLOG BRGY RD","LAWAAN-II","TALISAY","CEBU","RESIDENTIAL REGULAR","9,000.00"
"ALONG SRP ROAD","SLEDA 1 (WITHIN 50 MTRS)","LAWAAN-II","TALISAY","CEBU","COMMERCIAL REGULAR","34,000.00"
"ALONG SRP ROAD","SLEDA 2 (BEYOND  50 MTRS UP TO 150 MTRS)","LAWAAN-II","TALISAY","CEBU","COMMERCIAL REGULAR","24,000.00"
"ALONG SRP ROAD","SLEDA 3 ( BEYOND 150 MTRS TO 250 MTRS)","LAWAAN-II","TALISAY","CEBU","COMMERCIAL REGULAR","21,000.00"
"ALONG SRP ROAD","SLEDA 4 ( BEYOND 250 MTRS TO 300 MTRS)","LAWAAN-II","TALISAY","CEBU","COMMERCIAL REGULAR","16,500.00"
"AZIENDA LOMBARDI","SLEDA 4 ( BEYOND 250 MTRS TO 300 MTRS)","LAWAAN-II","TALISAY","CEBU","RESIDENTIAL REGULAR","11,300.00"
"FAIRVIEW VILLAGE","EAST OF NATL ROAD","LAWAAN-II","TALISAY","CEBU","RESIDENTIAL REGULAR","13,000.00"
"GENTLEPEACE VILLAGE","EAST OF NATL ROAD","LAWAAN-II","TALISAY","CEBU","RESIDENTIAL REGULAR","11,000.00"
"OTHER SUBD/ VILLAGES","EAST OF NATL ROAD","LAWAAN-II","TALISAY","CEBU","RESIDENTIAL REGULAR","9,300.00"
"ALL OTHER STS.","W/IN THE BRGY","LAWAAN-II","TALISAY","CEBU","RESIDENTIAL REGULAR","150,000.00"
"ALL OTHER STS.","W/IN THE BRGY","LAWAAN-II","TALISAY","CEBU","RESIDENTIAL REGULAR","8,000.00"
"INTERIOR AREAS","SITIO BONBON-LOWER SOMBIA & LITTLE CALAMBA RIVER","LAWAAN-II","TALISAY","CEBU","OTHER AGRICULTURAL LANDS","5,000.00"
"INTERIOR AREAS","W/ ROAD RIGHT OF WAY","LAWAAN-II","TALISAY","CEBU","RESIDENTIAL REGULAR","6,800.00"
"INTERIOR AREAS","W/OUT ROAD RIGHT OF WAY","LAWAAN-II","TALISAY","CEBU","RESIDENTIAL REGULAR","6,000.00"
"COUNTRYSIDE HOMES","ALONG AZIENDA LOMBARDI","LAWAAN-II","TALISAY","CEBU","RESIDENTIAL REGULAR","12,000.00"
"MERRYWOOD TOWNHOMES","","LAWAAN-II","TALISAY","CEBU","RESIDENTIAL REGULAR","12,000.00"
"NATIONAL ROAD","BRGY BOUNDARY","LAWAAN-III","TALISAY","CEBU","COMMERCIAL REGULAR","15,000.00"
"NATIONAL ROAD","CORNER OF THE NAT'L. RD GOING TO CAMELLA HOMES TIERRA GRANDE","LAWAAN-III","TALISAY","CEBU","RESIDENTIAL REGULAR","12,000.00"
"NATIONAL ROAD","CORNER BETWEEN BDRY OF LAWAAN I & LAWAAN III GOING TO MANANGA RIVER","LAWAAN-III","TALISAY","CEBU","RESIDENTIAL REGULAR","10,000.00"
"NATIONAL ROAD","COR. NEAR MANANGA BRIDGE TO SAN JOSE VILL","LAWAAN-III","TALISAY","CEBU","RESIDENTIAL REGULAR","8,000.00"
"BRGY RD/MUN RD","W/IN THE BRGY","LAWAAN-III","TALISAY","CEBU","RESIDENTIAL REGULAR","8,000.00"
"ALPHA EXECUTIVE HOMES","W/IN THE BRGY","LAWAAN-III","TALISAY","CEBU","RESIDENTIAL REGULAR","25,000.00"
"ANTARA CONDOMINIUM","W/IN THE BRGY","LAWAAN-III","TALISAY","CEBU","RESIDENTIAL CONDOMINIUM","90,000.00"
"ANTARA CONDOMINIUM","W/IN THE BRGY","LAWAAN-III","TALISAY","CEBU","COMMERCIAL CONDOMINIUM","150,000.00"
"ANTARA CONDOMINIUM","W/IN THE BRGY","LAWAAN-III","TALISAY","CEBU","PARKING SLOT","50,000.00"
"AZEINDA LOMBARDI","W/IN THE BRGY","LAWAAN-III","TALISAY","CEBU","RESIDENTIAL REGULAR","15,000.00"
"CAMELLA HOMES, TIERRA GRANDE SUBD.","W/IN THE BRGY","LAWAAN-III","TALISAY","CEBU","RESIDENTIAL REGULAR","20,000.00"
"DON BOSCO SEMINARY","W/IN THE BRGY","LAWAAN-III","TALISAY","CEBU","INDUSTRIAL","15,000.00"
"HERMELIE HOMES","W/IN THE BRGY","LAWAAN-III","TALISAY","CEBU","RESIDENTIAL REGULAR","15,000.00"
"MANANGA RELOCATION SITE","W/IN THE BRGY","LAWAAN-III","TALISAY","CEBU","RESIDENTIAL REGULAR","5,000.00"
"PAGTAMBAYAYONG","W/IN THE BRGY","LAWAAN-III","TALISAY","CEBU","RESIDENTIAL REGULAR","5,000.00"
"SAN JOSE VILLAGE","W/IN THE BRGY","LAWAAN-III","TALISAY","CEBU","RESIDENTIAL REGULAR","10,000.00"
"VILLARAYA I & II","W/IN THE BRGY","LAWAAN-III","TALISAY","CEBU","RESIDENTIAL REGULAR","10,000.00"
"BLISS PROJECT","SITIO CADICAY","LAWAAN-III","TALISAY","CEBU","AREA FOR PRIORITY DEVELOPMENT","6,000.00"
"ALONG RIVER BANK","NAT'L RD TO MAGHAWAY BDRY","LAWAAN-III","TALISAY","CEBU","OTHER AGRICULTURAL LANDS","5,000.00"
"OTHER SUBD/ VILLAGES","NAT'L RD TO MAGHAWAY BDRY","LAWAAN-III","TALISAY","CEBU","RESIDENTIAL REGULAR","8,000.00"
"ALL OTHER STREETS","NAT'L RD TO MAGHAWAY BDRY","LAWAAN-III","TALISAY","CEBU","RESIDENTIAL REGULAR","7,800.00"
"INTERIOR LOTS","W/ROAD RIGHT OF WAY","LAWAAN-III","TALISAY","CEBU","RESIDENTIAL REGULAR","5,000.00"
"INTERIOR LOTS","W/ OUT ROAD OF WAY","LAWAAN-III","TALISAY","CEBU","RESIDENTIAL REGULAR","5,000.00"
"INTERIOR LOTS","SUCH AS SITIO PUNGSOD, UPPER SOMBRIA, UPPER LAWAAN, UPPER CADICAY & SITIO CANDULDULAN","LAWAAN-III","TALISAY","CEBU","OTHER AGRICULTURAL LANDS","3,000.00"
"NATIONAL ROAD","SCHOOL MONTESSORI-BARANGAY BDRY","LINAO","TALISAY","CEBU","COMMERCIAL REGULAR","16,500.00"
"NATIONAL ROAD","SCHOOL MONTESSORI-BARANGAY BDRY","LINAO","TALISAY","CEBU","RESIDENTIAL REGULAR","11,500.00"
"NATIONAL ROAD","INAJADA WOODCRAFT TO ST. THOMAS AQUINAS","LINAO","TALISAY","CEBU","OTHER AGRICULTURAL LANDS","16,500.00"
"NATIONAL ROAD","INAJADA WOODCRAFT TO ST. THOMAS AQUINAS","LINAO","TALISAY","CEBU","COMMERCIAL REGULAR","16,500.00"
"NATIONAL ROAD","CORNER INAJADA WOODCRAFT TO UPPER MOHON (AT SITIO MOLILA)","LINAO","TALISAY","CEBU","RESIDENTIAL REGULAR","14,000.00"
"NATIONAL ROAD","COR OF NATIONAL ROAD GOING TO SITIO ANTIPOLO","LINAO","TALISAY","CEBU","RESIDENTIAL REGULAR","8,000.00"
"MUNICIPAL /BRGY RD","W/IN THE BARANGAY","LINAO","TALISAY","CEBU","RESIDENTIAL REGULAR","7,000.00"
"LINAO-MOHON ROAD","NAT'L RD-MOHON BDRY","LINAO","TALISAY","CEBU","RESIDENTIAL REGULAR","8,000.00"
"LINAO-MAGHAWAY RD","NAT'L RD-MAGHAWAY RD","LINAO","TALISAY","CEBU","RESIDENTIAL REGULAR","8,000.00"
"LINAO-LAWAAN RD","COR DAR-LAWAAN BDRY","LINAO","TALISAY","CEBU","RESIDENTIAL REGULAR","8,000.00"
"H. CAPARIDA RD","LINAO-MOHON RD-NAT'L RD","LINAO","TALISAY","CEBU","RESIDENTIAL REGULAR","8,000.00"
"ABUCEJO SUBDIVISION","LINAO-MOHON RD-NAT'L RD","LINAO","TALISAY","CEBU","RESIDENTIAL REGULAR","8,500.00"
"CAMELLA HOMES","LINAO-MOHON RD-NAT'L RD","LINAO","TALISAY","CEBU","RESIDENTIAL REGULAR","12,800.00"
"THE HEIGHTS SUBD.","LINAO-MOHON RD-NAT'L RD","LINAO","TALISAY","CEBU","RESIDENTIAL REGULAR","12,800.00"
"OTHER SUB/VILLAGES","LINAO-MOHON RD-NAT'L RD","LINAO","TALISAY","CEBU","RESIDENTIAL REGULAR","9,300.00"
"ALL OTHER STREETS","LINAO-MOHON RD-NAT'L RD","LINAO","TALISAY","CEBU","RESIDENTIAL REGULAR","8,000.00"
"INTERIOR AREAS","W/ ROAD RIGHT OF WAY","LINAO","TALISAY","CEBU","RESIDENTIAL REGULAR","6,800.00"
"INTERIOR AREAS","W/OUT ROAD RIGHT OF WAY","LINAO","TALISAY","CEBU","RESIDENTIAL REGULAR","6,000.00"
"INTERIOR AREAS","OTHER AGRICULTURAL LANDS","LINAO","TALISAY","CEBU","OTHER AGRICULTURAL LANDS","4,800.00"
"CASA LUCIA","OTHER AGRICULTURAL LANDS","LINAO","TALISAY","CEBU","RESIDENTIAL REGULAR","15,000.00"
"RAPHAEL HOMES","ALSO LOCATED IN BRGY. BIASONG AND BRGY. POOC","LINAO","TALISAY","CEBU","RESIDENTIAL REGULAR","12,000.00"
"RECUNDO COUNTRY HOMES","ALSO LOCATED IN BRGY. BIASONG AND BRGY. POOC","LINAO","TALISAY","CEBU","RESIDENTIAL REGULAR","15,000.00"
"RICHVIEW HEIGHTS","ALSO LOCATED IN BRGY. BIASONG AND BRGY. POOC","LINAO","TALISAY","CEBU","RESIDENTIAL REGULAR","15,000.00"
"BRGY RD/OTHER RD","ALSO LOCATED IN BRGY. BIASONG AND BRGY. POOC","MAGHAWAY","TALISAY","CEBU","RESIDENTIAL REGULAR","6,000.00"
"BRGY RD/OTHER RD","FROM ENTRANCE OF CAMELLA HOMES TO TALISAY CITY JAIL","MAGHAWAY","TALISAY","CEBU","RESIDENTIAL REGULAR","6,000.00"
"BRGY RD/OTHER RD","FROM CORNER GOING TO BRGY TAPUL TO STA. MARIA HEIGHTS","MAGHAWAY","TALISAY","CEBU","RESIDENTIAL REGULAR","5,000.00"
"BRGY RD/OTHER RD","AFTER STA MARIA HEIGHTS TO BRGY. MAGHAWAY-BRGY TAPUL BOUNDARY","MAGHAWAY","TALISAY","CEBU","RESIDENTIAL REGULAR","5,000.00"
"LOWER MAGHAWAY","MOUNTAINOUS/ HILLY AREAS","MAGHAWAY","TALISAY","CEBU","MOUNTAINOUS / HILLY AREAS","1,800.00"
"LOWER MAGHAWAY","OTHER AGRICULTURAL LANDS","MAGHAWAY","TALISAY","CEBU","OTHER AGRICULTURAL LANDS","1,000.00"
"MAGHAWAY PROPER","OTHER AGRICULTURAL LANDS","MAGHAWAY","TALISAY","CEBU","RESIDENTIAL REGULAR","2,800.00"
"MAGHAWAY PROPER","MOUNTAINOUS/ HILLY AREAS","MAGHAWAY","TALISAY","CEBU","MOUNTAINOUS / HILLY AREAS","1,800.00"
"MAGHAWAY PROPER","OTHER AGRICULTURAL LANDS","MAGHAWAY","TALISAY","CEBU","OTHER AGRICULTURAL LANDS","1,000.00"
"MAGHAWAY DAKU","HILLY MOUNTAIN AREAS","MAGHAWAY","TALISAY","CEBU","MOUNTAINOUS / HILLY AREAS","900.00"
"INTERIOR LOTS","W/ ROAD RIGHT OF WAY","MAGHAWAY","TALISAY","CEBU","RESIDENTIAL REGULAR","6,000.00"
"INTERIOR LOTS","W/OUT ROAD RIGHT OF WAY","MAGHAWAY","TALISAY","CEBU","RESIDENTIAL REGULAR","4,000.00"
"INTERIOR LOTS","OTHER AGRICULTURAL LANDS","MAGHAWAY","TALISAY","CEBU","RESIDENTIAL REGULAR","20,000.00"
"INTERIOR LOTS","OTHER AGRICULTURAL LANDS","MAGHAWAY","TALISAY","CEBU","OTHER AGRICULTURAL LANDS","1,000.00"
"AZIENDA GENOMA","OTHER AGRICULTURAL LANDS","MAGHAWAY","TALISAY","CEBU","RESIDENTIAL REGULAR","15,000.00"
"AZIENDA MILAN SUBDIVISION","OTHER AGRICULTURAL LANDS","MAGHAWAY","TALISAY","CEBU","RESIDENTIAL REGULAR","15,000.00"
"AZIENDA VENEZIA SUBDIVISION","OTHER AGRICULTURAL LANDS","MAGHAWAY","TALISAY","CEBU","RESIDENTIAL REGULAR","15,000.00"
"CAMELLA HOMES, TIERA GRANDE SUBDIVISION","OTHER AGRICULTURAL LANDS","MAGHAWAY","TALISAY","CEBU","RESIDENTIAL REGULAR","20,000.00"
"SAN JOSE MARIA VILLAGE TALISAY","OTHER AGRICULTURAL LANDS","MAGHAWAY","TALISAY","CEBU","RESIDENTIAL REGULAR","10,000.00"
"STA. MARIA HEIGHTS SUBDIVISION","OTHER AGRICULTURAL LANDS","MAGHAWAY","TALISAY","CEBU","RESIDENTIAL REGULAR","10,000.00"
"OTHER SUBD/VILLAGES","OTHER AGRICULTURAL LANDS","MAGHAWAY","TALISAY","CEBU","RESIDENTIAL REGULAR","5,000.00"
"BARANGAY  ROAD","LOW AREAS","MANIPIS","TALISAY","CEBU","RESIDENTIAL REGULAR","1,300.00"
"BARANGAY  ROAD","HILLY/ MOUNTAIN AREAS","MANIPIS","TALISAY","CEBU","MOUNTAINOUS / HILLY AREAS","800.00"
"BARANGAY  ROAD","OTHER AGRICULTURAL LANDS","MANIPIS","TALISAY","CEBU","OTHER AGRICULTURAL LANDS","700.00"
"PROV'L ROAD","OTHER AGRICULTURAL LANDS","MANIPIS","TALISAY","CEBU","RESIDENTIAL REGULAR","2,400.00"
"PROV'L ROAD","OTHER AGRICULTURAL LANDS","MANIPIS","TALISAY","CEBU","COCO LAND","800.00"
"PROV'L ROAD","OTHER AGRICULTURAL LANDS","MANIPIS","TALISAY","CEBU","CORN LAND","700.00"
"FROM CAMP 4- MANIPIS BDRY TO CORNER GOING","TO CAMPINSA AND TO SUDLON","MANIPIS","TALISAY","CEBU","RICELAND IRRIGATED","900.00"
"AT THE VICINITY OF CHAPEL, BRGY HALL AND BASKETBALL COURT","TO CAMPINSA AND TO SUDLON","MANIPIS","TALISAY","CEBU","RESIDENTIAL REGULAR","1,800.00"
"RIVERBANK","OTHER AGRICULTURAL LANDS","MANIPIS","TALISAY","CEBU","RESIDENTIAL REGULAR","11,300.00"
"RIVERBANK","OTHER AGRICULTURAL LANDS","MANIPIS","TALISAY","CEBU","OTHER AGRICULTURAL LANDS","700.00"
"INTERIOR AREAS","LOW AREAS","MANIPIS","TALISAY","CEBU","RESIDENTIAL REGULAR","700.00"
"INTERIOR AREAS","HILLY/ MOUNTAIN AREAS","MANIPIS","TALISAY","CEBU","MOUNTAINOUS / HILLY AREAS","700.00"
"INTERIOR AREAS","OTHER AGRICULTURAL LANDS","MANIPIS","TALISAY","CEBU","OTHER AGRICULTURAL LANDS","600.00"
"INTERIOR AREAS","FOREST LAND","MANIPIS","TALISAY","CEBU","AREA FOR PRIORITY DEVELOPMENT","600.00"
"PROVINCIAL RD","FOREST LAND","MOHON","TALISAY","CEBU","RESIDENTIAL REGULAR","9,500.00"
"BRGY/MUNICIAL RD","FOREST LAND","MOHON","TALISAY","CEBU","RESIDENTIAL REGULAR","9,500.00"
"BELEZZA","MOHON CENTRAL CROSSING M. NOEL AVE. - DEAD END","MOHON","TALISAY","CEBU","RESIDENTIAL REGULAR","9,500.00"
"M. NOEL AVE.","FIDEL BAS-OLD RAILWAY","MOHON","TALISAY","CEBU","RESIDENTIAL REGULAR","9,500.00"
"FIDEL BAS","M. NOEL AVE- MANANGA RIVER","MOHON","TALISAY","CEBU","RESIDENTIAL REGULAR","9,500.00"
"FIDEL BAS","M NOEL AVE - LINAO BDRY","MOHON","TALISAY","CEBU","RESIDENTIAL REGULAR","9,500.00"
"ALBERLYN BOX HILLS RESIDENCES SUBD","M NOEL AVE - LINAO BDRY","MOHON","TALISAY","CEBU","RESIDENTIAL REGULAR","11,300.00"
"LOVELY HOMES SUBDIVISION","M NOEL AVE - LINAO BDRY","MOHON","TALISAY","CEBU","RESIDENTIAL REGULAR","11,300.00"
"MONTEREY HOMES SUBD","M NOEL AVE - LINAO BDRY","MOHON","TALISAY","CEBU","RESIDENTIAL REGULAR","11,300.00"
"PLEASANT HOMES","M NOEL AVE - LINAO BDRY","MOHON","TALISAY","CEBU","RESIDENTIAL REGULAR","11,300.00"
"PUEBLO SAN RICARDO SUBD.","M NOEL AVE - LINAO BDRY","MOHON","TALISAY","CEBU","RESIDENTIAL REGULAR","11,000.00"
"SAN RAFAEL SUBDIVISION","M NOEL AVE - LINAO BDRY","MOHON","TALISAY","CEBU","RESIDENTIAL REGULAR","34,000.00"
"SAN RAFAEL SUBDIVISION","M NOEL AVE - LINAO BDRY","MOHON","TALISAY","CEBU","RESIDENTIAL REGULAR","10,500.00"
"STA. MONICA SUBD.","M NOEL AVE - LINAO BDRY","MOHON","TALISAY","CEBU","RESIDENTIAL REGULAR","11,300.00"
"VALLEYVIEW SUBDIVISION","INTERIOR AREA ALONG FIDEL BAS - M. NOEL AVE & BELLEZA ST","MOHON","TALISAY","CEBU","RESIDENTIAL REGULAR","11,300.00"
"VALLEYVIEW SUBDIVISION","FIDEL BAS - OLD PHIL. RAILWAY","MOHON","TALISAY","CEBU","RESIDENTIAL REGULAR","10,000.00"
"OTHER SUBD/VILLAGES","FIDEL BAS - OLD PHIL. RAILWAY","MOHON","TALISAY","CEBU","RESIDENTIAL REGULAR","9,300.00"
"ALL OTHER STREETS","FIDEL BAS - OLD PHIL. RAILWAY","MOHON","TALISAY","CEBU","RESIDENTIAL REGULAR","8,000.00"
"INTERIOR AREAS","INT. AREAS W/RIGHT OF WAY","MOHON","TALISAY","CEBU","RESIDENTIAL REGULAR","6,500.00"
"INTERIOR AREAS","W/OUT ROAD RIGHT OF WAY","MOHON","TALISAY","CEBU","RESIDENTIAL REGULAR","6,000.00"
"ALONG SRP ROAD","SLEDA 1 (WITHIN 50 MTRS)","MOHON","TALISAY","CEBU","COMMERCIAL REGULAR","34,000.00"
"ALONG SRP ROAD","SLEDA 2 (BEYOND  50 MTRS UP TO 150 MTRS)","MOHON","TALISAY","CEBU","COMMERCIAL REGULAR","24,000.00"
"ALONG SRP ROAD","SLEDA 3 ( BEYOND 150 MTRS TO 250 MTRS)","MOHON","TALISAY","CEBU","COMMERCIAL REGULAR","21,000.00"
"ALONG SRP ROAD","SLEDA 4 ( BEYOND 250 MTRS TO 300 MTRS)","MOHON","TALISAY","CEBU","COMMERCIAL REGULAR","16,500.00"
"FROM THE MANANGA BRIDGE","TO BDRY BETWEEN BRGY LINAO AND BRGY MOHON AT SITIO MOLILA","MOHON","TALISAY","CEBU","RESIDENTIAL REGULAR","11,500.00"
"FROM CORNER GOING","TO POOC NEAR TALISAY CITY HALL TO COR OF THE OLD PHIL RAILWAY","MOHON","TALISAY","CEBU","RESIDENTIAL REGULAR","11,500.00"
"FROM THE CORNER OF THE OLD PHIL RAILWAY GOING","TO BARANGAY TUNGKIL","MOHON","TALISAY","CEBU","RESIDENTIAL REGULAR","9,500.00"
"FROM THE CORNER AT SITIO LIBO GOING","TO SAN RAFAEL SUBD.","MOHON","TALISAY","CEBU","RESIDENTIAL REGULAR","6,900.00"
"FROM THE CORNER GOING","TO MOHON BARANGAY HALL","MOHON","TALISAY","CEBU","RESIDENTIAL REGULAR","15,000.00"
"FROM THE CORNER GOING","TO MOHON BARANGAY HALL","MOHON","TALISAY","CEBU","RESIDENTIAL REGULAR","6,900.00"
"PROVINCIAL RD","TO MOHON BARANGAY HALL","MOHON","TALISAY","CEBU","COMMERCIAL REGULAR","15,000.00"
"SERENIS SOUTH","TO MOHON BARANGAY HALL","MOHON","TALISAY","CEBU","RESIDENTIAL REGULAR","12,000.00"
"ST. LOURDES SUBDIVISION","TO MOHON BARANGAY HALL","MOHON","TALISAY","CEBU","RESIDENTIAL REGULAR","12,000.00"
"VILLA PLANTANA","TO MOHON BARANGAY HALL","MOHON","TALISAY","CEBU","RESIDENTIAL REGULAR","10,000.00"
"PROVINCIAL RD (RIZAL ST)","BARANGAY BDRY","POBLACION","TALISAY","CEBU","COMMERCIAL REGULAR","15,000.00"
"MUNICIPAL / BRGY","BARANGAY BDRY","POBLACION","TALISAY","CEBU","COMMERCIAL REGULAR","15,000.00"
"BEJON FACTORY COMPD.","INTERIOR LOT ALONG ULDOG RECREEK-GEN J. LUNA","POBLACION","TALISAY","CEBU","INDUSTRIAL","12,000.00"
"BURGOS","CREEK-GEN J. LUNA","POBLACION","TALISAY","CEBU","RESIDENTIAL REGULAR","11,000.00"
"BURGOS","GEN J LUNA - V GARCES","POBLACION","TALISAY","CEBU","COMMERCIAL REGULAR","12,000.00"
"BURGOS","V GARCES-TALISAY RD","POBLACION","TALISAY","CEBU","COMMERCIAL REGULAR","12,000.00"
"CABALAN","V GARCES-P DEL ROSARIO","POBLACION","TALISAY","CEBU","RESIDENTIAL REGULAR","11,000.00"
"CABALAN","V GARCES - TALISAY RD","POBLACION","TALISAY","CEBU","COMMERCIAL REGULAR","12,000.00"
"CARMENVILLE SUBDIVISION","V GARCES - TALISAY RD","POBLACION","TALISAY","CEBU","RESIDENTIAL REGULAR","15,000.00"
"FORTUNE HOMES SUBDIVISION","V GARCES - TALISAY RD","POBLACION","TALISAY","CEBU","RESIDENTIAL REGULAR","15,000.00"
"SARIVILLE SUBD.","V GARCES - TALISAY RD","POBLACION","TALISAY","CEBU","RESIDENTIAL REGULAR","15,000.00"
"GEN. J. LUNA","CREEK-BURGOS","POBLACION","TALISAY","CEBU","COMMERCIAL REGULAR","15,000.00"
"GEN. J. LUNA","CREEK-BURGOS","POBLACION","TALISAY","CEBU","RESIDENTIAL REGULAR","10,000.00"
"GEN. J. LUNA","BURGOS-CABALAN","POBLACION","TALISAY","CEBU","RESIDENTIAL REGULAR","10,000.00"
"J RIZAL (PROVINCIAL RD)","V GARCES-GEN J LUNA- DEL ROSARIO (50 M INWARD)","POBLACION","TALISAY","CEBU","RESIDENTIAL REGULAR","12,000.00"
"J RIZAL (PROVINCIAL RD)","DEL ROSARIO-DUMLOG-POB BDRY EXT. TALISAY CENTRAL SCHOOL","POBLACION","TALISAY","CEBU","RESIDENTIAL REGULAR","12,000.00"
"J RIZAL (PROVINCIAL RD)","TALISAY CENTRAL SCHOOL","POBLACION","TALISAY","CEBU","RESIDENTIAL REGULAR","10,000.00"
"J RIZAL (PROVINCIAL RD)","SISTER OF MARY SCHOOL","POBLACION","TALISAY","CEBU","INSTITUTIONAL","15,000.00"
"J RIZAL (PROVINCIAL RD)","LOT 14-STA. TERESA PAR ALONG J RIZAL, LOPEZ JAENA AND V. GARCES STS","POBLACION","TALISAY","CEBU","RESIDENTIAL REGULAR","10,000.00"
"J RIZAL (PROVINCIAL RD)","REMAINING LOTS IN BETWN RIZAL & ULDOG TO DUMLOG-POBLACION BDRY","POBLACION","TALISAY","CEBU","RESIDENTIAL REGULAR","10,000.00"
"LA PATRIA","DEL ROSARIO-V GARCES","POBLACION","TALISAY","CEBU","RESIDENTIAL REGULAR","12,000.00"
"LA PATRIA","V GARCES-TALISAY RD","POBLACION","TALISAY","CEBU","COMMERCIAL REGULAR","15,000.00"
"LA REVOLUCION","DEL ROSARIO-V GARCES","POBLACION","TALISAY","CEBU","RESIDENTIAL REGULAR","12,000.00"
"LOPEZ JAENA","V GARCES-DEL ROSARIO","POBLACION","TALISAY","CEBU","RESIDENTIAL REGULAR","8,000.00"
"P DEL ROSARIO","BURGOS-CABALAN","POBLACION","TALISAY","CEBU","RESIDENTIAL REGULAR","10,000.00"
"SARAVILLE","BURGOS-CABALAN","POBLACION","TALISAY","CEBU","RESIDENTIAL REGULAR","10,000.00"
"SHORELINE/BOULEVARD","BURGOS-CABALAN","POBLACION","TALISAY","CEBU","COMMERCIAL REGULAR","15,000.00"
"TALISAY BLVD","POB-DUMLOG BDRY-BURGO","POBLACION","TALISAY","CEBU","COMMERCIAL REGULAR","15,000.00"
"TALISAY BLVD","BURGOS-CABALAN","POBLACION","TALISAY","CEBU","COMMERCIAL REGULAR","35,000.00"
"TALISAY BLVD","BURGOS-CABALAN","POBLACION","TALISAY","CEBU","COMMERCIAL REGULAR","15,000.00"
"TALISAY BLVD","CABALAN-POB-CANSOJONG BDRY","POBLACION","TALISAY","CEBU","COMMERCIAL REGULAR","15,000.00"
"TRES ALINOS","LOPEZ JAENA-CABALAN","POBLACION","TALISAY","CEBU","RESIDENTIAL REGULAR","10,000.00"
"TRES ALINOS","LOT194- BURGOS","POBLACION","TALISAY","CEBU","RESIDENTIAL REGULAR","10,000.00"
"TRES ALINOS","BURGOS TO RIZAL","POBLACION","TALISAY","CEBU","RESIDENTIAL REGULAR","10,000.00"
"ULDOG ROAD","P DEL ROSARIO-CABALAN","POBLACION","TALISAY","CEBU","OTHER AGRICULTURAL LANDS","6,000.00"
"V GARCES","BURGOS-LA REVOLUCION","POBLACION","TALISAY","CEBU","RESIDENTIAL REGULAR","8,000.00"
"V GARCES","LA REVOLUCION-PLAZA MARTIRES","POBLACION","TALISAY","CEBU","RESIDENTIAL REGULAR","10,000.00"
"V GARCES","PLAZA MARTIREZ - CABALAN","POBLACION","TALISAY","CEBU","COMMERCIAL REGULAR","6,000.00"
"V GARCES","CABALAN-POBLACION-DUMLOG","POBLACION","TALISAY","CEBU","RESIDENTIAL REGULAR","10,000.00"
"OTHER SUB/VILLAGES","CABALAN-POBLACION-DUMLOG","POBLACION","TALISAY","CEBU","RESIDENTIAL REGULAR","10,000.00"
"ALL OTHER STREETS","CABALAN-POBLACION-DUMLOG","POBLACION","TALISAY","CEBU","COMMERCIAL REGULAR","10,000.00"
"ALONG SRP ROAD","SLEDA 1 (WITHIN 50 MTRS)","POBLACION","TALISAY","CEBU","COMMERCIAL REGULAR","35,000.00"
"ALONG SRP ROAD","SLEDA 2 (BEYOND  50 MTRS UP TO 150 MTRS)","POBLACION","TALISAY","CEBU","COMMERCIAL REGULAR","20,000.00"
"ALONG SRP ROAD","SLEDA 3 ( BEYOND 150 MTRS TO 250 MTRS)","POBLACION","TALISAY","CEBU","COMMERCIAL REGULAR","20,000.00"
"ALONG SRP ROAD","SLEDA 4 ( BEYOND 250 MTRS TO 300 MTRS)","POBLACION","TALISAY","CEBU","COMMERCIAL REGULAR","15,000.00"
"INTERIOR AREAS","INT LOT WITH RIGHT OF WAY","POBLACION","TALISAY","CEBU","RESIDENTIAL REGULAR","13,500.00"
"INTERIOR AREAS","INT LOT WITH RIGHT OF WAY","POBLACION","TALISAY","CEBU","RESIDENTIAL REGULAR","8,000.00"
"INTERIOR AREAS","INT. W/OUT RIGHT OF WAY","POBLACION","TALISAY","CEBU","RESIDENTIAL REGULAR","7,000.00"
"INTERIOR AREAS","100M AWAY &OVER ULDOG RD & CABALAN EXT TO EXT TO BRGY BDRY (NORTHERN)","POBLACION","TALISAY","CEBU","OTHER AGRICULTURAL LANDS","6,000.00"
"INTERIOR AREAS","100M AWAY & OVER SHORELINE, BURGOS & GEN LUNA EXT TO DUMLOG BDRY (SOUTH)","POBLACION","TALISAY","CEBU","OTHER AGRICULTURAL LANDS","6,000.00"
"INTERIOR AREAS","100 M AWAY & OVER GEN.LUNA, P DEL ROSARIO & P. DEL ROSARIO RIZAL - DUMLOG BDRY","POBLACION","TALISAY","CEBU","OTHER AGRICULTURAL LANDS","6,000.00"
"INTERIOR AREAS","ALL OTHER LOT NOT CITED","POBLACION","TALISAY","CEBU","OTHER AGRICULTURAL LANDS","6,000.00"
"FR COR P. DEL ROSARIO & P. BURGOS STS. TO","TALISAY TOURIST SEASIDE HOTEL","POBLACION","TALISAY","CEBU","RESIDENTIAL REGULAR","12,000.00"
"FR COR P. DEL ROSARIO & LA PATRIA STS. TO","WASHINGTON ST. NOW VICENTE GARCES ST.","POBLACION","TALISAY","CEBU","RESIDENTIAL REGULAR","12,000.00"
"FR COR P. DEL ROSARIO & LA REVOLUCION STS. TO","PUBLIC MARKET","POBLACION","TALISAY","CEBU","RESIDENTIAL REGULAR","12,000.00"
"FR TALISAY CENTRAL SCHOOL TO","TALISAY CITY COLLEGE","POBLACION","TALISAY","CEBU","RESIDENTIAL REGULAR","12,000.00"
"FR COR P. DEL ROSARIO & LOPEZ JAENA ST. TO","TALISAY MALAYAN ACADEMY","POBLACION","TALISAY","CEBU","RESIDENTIAL REGULAR","12,000.00"
"FR COR P. DEL ROSARIO & P. BURGOS STS. TO","FORTUNE HOMES SUBDIVISION","POBLACION","TALISAY","CEBU","RESIDENTIAL REGULAR","12,000.00"
"GENERAL LUNA STS.","CORNER P.DEL ROSARIO AND CABALAN STS.","POBLACION","TALISAY","CEBU","RESIDENTIAL REGULAR","12,000.00"
"WASHINGTON STS. TO","CORNER P.DEL ROSARIO AND CABALAN STS.","POBLACION","TALISAY","CEBU","RESIDENTIAL REGULAR","12,000.00"
"PROVINCIAL RD/ CITY ROAD","BRGY BDRY","POOC","TALISAY","CEBU","COMMERCIAL REGULAR","13,500.00"
"MUNICIPAL RD/BRGY RD","WITHIN THE BARANGAY","POOC","TALISAY","CEBU","RESIDENTIAL REGULAR","10,500.00"
"MUNICIPAL RD/BRGY RD","WITHIN THE BARANGAY","POOC","TALISAY","CEBU","RESIDENTIAL REGULAR","16,500.00"
"MUNICIPAL RD/BRGY RD","WITHIN THE BARANGAY","POOC","TALISAY","CEBU","RICELAND IRRIGATED","7,500.00"
"MUNICIPAL RD/BRGY RD","WITHIN THE BARANGAY","POOC","TALISAY","CEBU","RICELAND UNIRRIGATED","5,000.00"
"MUNICIPAL RD/BRGY RD","OTHER AGRICULTURAL LANDS","POOC","TALISAY","CEBU","OTHER AGRICULTURAL LANDS","6,900.00"
"SHORELINE","OTHER AGRICULTURAL LANDS","POOC","TALISAY","CEBU","COMMERCIAL REGULAR","14,000.00"
"SHORELINE","RESORT","POOC","TALISAY","CEBU","RESORT","8,000.00"
"OTHER SUBD/VILLAGES","ALL SUBD/VILL. FOUND IN THE BRGY","POOC","TALISAY","CEBU","RESIDENTIAL REGULAR","8,800.00"
"ALL OTHER STREETS","ALL SUBD/VILL. FOUND IN THE BRGY","POOC","TALISAY","CEBU","RESIDENTIAL REGULAR","8,500.00"
"INTERIOR LOTS","INT LOTS W/ RIGHT OF WAY","POOC","TALISAY","CEBU","RESIDENTIAL REGULAR","6,800.00"
"INTERIOR LOTS","INT LOTS W/O RIGHT OF WAY","POOC","TALISAY","CEBU","RESIDENTIAL REGULAR","6,000.00"
"INTERIOR LOTS","OTHER AGRICULTURAL LANDS","POOC","TALISAY","CEBU","OTHER AGRICULTURAL LANDS","4,800.00"
"FROM THE CORNER OF THE OLD PHIL RAILWAY GOING","TO TUNGKIL, MINGLANILLA","POOC","TALISAY","CEBU","RICELAND IRRIGATED","5,800.00"
"FROM THE CORNER OF THE OLD PHIL RAILWAY GOING","TO POOC BEACH","POOC","TALISAY","CEBU","RESIDENTIAL REGULAR","8,000.00"
"FR THE CORNER GOING TO BRGY BIASONG AT SITIO RANGER","TO PEREZ DRIVE","POOC","TALISAY","CEBU","RESIDENTIAL REGULAR","8,000.00"
"FROM THE CORNER PASSING","THRU BLUEBEACH RESORT AND PUERTO DEL SOL","POOC","TALISAY","CEBU","RESIDENTIAL REGULAR","9,500.00"
"CORONA DEL MAR SUBDIVISION","THRU BLUEBEACH RESORT AND PUERTO DEL SOL","POOC","TALISAY","CEBU","RESIDENTIAL REGULAR","16,500.00"
"LA ESCALA AT CORONA DEL MAR","THRU BLUEBEACH RESORT AND PUERTO DEL SOL","POOC","TALISAY","CEBU","RESIDENTIAL REGULAR","13,500.00"
"PUERTO DEL SOL","THRU BLUEBEACH RESORT AND PUERTO DEL SOL","POOC","TALISAY","CEBU","RESIDENTIAL REGULAR","26,500.00"
"PUERTO DEL SOL","THRU BLUEBEACH RESORT AND PUERTO DEL SOL","POOC","TALISAY","CEBU","RESIDENTIAL REGULAR","13,300.00"
"RAPHAEL HOMES","THRU BLUEBEACH RESORT AND PUERTO DEL SOL","POOC","TALISAY","CEBU","RESIDENTIAL REGULAR","11,800.00"
"ROSEVILLE SUBDIVISION","THRU BLUEBEACH RESORT AND PUERTO DEL SOL","POOC","TALISAY","CEBU","RESIDENTIAL REGULAR","11,800.00"
"SEABREEZE RESIDENCES","THRU BLUEBEACH RESORT AND PUERTO DEL SOL","POOC","TALISAY","CEBU","RESIDENTIAL REGULAR","11,800.00"
"VILLA SOLANA","THRU BLUEBEACH RESORT AND PUERTO DEL SOL","POOC","TALISAY","CEBU","RESIDENTIAL REGULAR","11,800.00"
"WOODWAY TOWNHOMES SUBD.","THRU BLUEBEACH RESORT AND PUERTO DEL SOL","POOC","TALISAY","CEBU","RESIDENTIAL REGULAR","11,800.00"
"THE ROSEPIKE RESIDENCES","THRU BLUEBEACH RESORT AND PUERTO DEL SOL","POOC","TALISAY","CEBU","COMMERCIAL REGULAR","20,000.00"
"THE ROSEPIKE RESIDENCES","THRU BLUEBEACH RESORT AND PUERTO DEL SOL","POOC","TALISAY","CEBU","RESIDENTIAL REGULAR","12,000.00"
"PROVINCIAL RD","TABUNOK-SAN ISIDRO BDRY TO DUMLOG-SAN ISIDRO BDRY","SAN ISIDRO","TALISAY","CEBU","COMMERCIAL REGULAR","16,000.00"
"BARANGAY RD","WITHIN BRGY","SAN ISIDRO","TALISAY","CEBU","RESIDENTIAL REGULAR","11,500.00"
"ARTVILLE","WITHIN BRGY","SAN ISIDRO","TALISAY","CEBU","RESIDENTIAL REGULAR","10,000.00"
"CABUSAS CPD","WITHIN BRGY","SAN ISIDRO","TALISAY","CEBU","RESIDENTIAL REGULAR","10,500.00"
"CANTONVILLE SUBDIVISION","WITHIN BRGY","SAN ISIDRO","TALISAY","CEBU","RESIDENTIAL REGULAR","10,500.00"
"CASAL'S SUBDIVISION","WITHIN BRGY","SAN ISIDRO","TALISAY","CEBU","RESIDENTIAL REGULAR","10,500.00"
"CORAZON VILLAGE I & 2","SLEDA 1 (WITHIN 50 MTRS)","SAN ISIDRO","TALISAY","CEBU","COMMERCIAL REGULAR","26,500.00"
"CORAZON VILLAGE I & 2","INTERIOR SLEDA","SAN ISIDRO","TALISAY","CEBU","RESIDENTIAL REGULAR","14,000.00"
"DAKAY SUBDIVISON","INTERIOR SLEDA","SAN ISIDRO","TALISAY","CEBU","COMMERCIAL REGULAR","34,000.00"
"DAKAY SUBDIVISON","INTERIOR SLEDA","SAN ISIDRO","TALISAY","CEBU","RESIDENTIAL REGULAR","10,500.00"
"GLENDALE SUBD.","INTERIOR SLEDA","SAN ISIDRO","TALISAY","CEBU","RESIDENTIAL REGULAR","11,500.00"
"GREENVILLE SUBDIVISION","INTERIOR SLEDA","SAN ISIDRO","TALISAY","CEBU","RESIDENTIAL REGULAR","11,000.00"
"ISLA VERDE","INTERIOR SLEDA","SAN ISIDRO","TALISAY","CEBU","RESIDENTIAL REGULAR","7,800.00"
"MIAME HOMES","INTERIOR SLEDA","SAN ISIDRO","TALISAY","CEBU","RESIDENTIAL REGULAR","10,500.00"
"PANGPANG/ MAHAYAG","INTERIOR SLEDA","SAN ISIDRO","TALISAY","CEBU","RESIDENTIAL REGULAR","8,500.00"
"PEACEVILLE SUBDIVISION","INTERIOR SLEDA","SAN ISIDRO","TALISAY","CEBU","RESIDENTIAL REGULAR","9,300.00"
"RAMONA VILLAGE","SLEDA 2 (BEYOND  50 MTRS UP TO 150 MTRS)","SAN ISIDRO","TALISAY","CEBU","RESIDENTIAL REGULAR","20,000.00"
"SACRED HEART VILLAGE","SLEDA 2 (BEYOND  50 MTRS UP TO 150 MTRS)","SAN ISIDRO","TALISAY","CEBU","RESIDENTIAL REGULAR","10,500.00"
"SAN ISIDRO VILLAGE","SLEDA 2 (BEYOND  50 MTRS UP TO 150 MTRS)","SAN ISIDRO","TALISAY","CEBU","RESIDENTIAL REGULAR","11,300.00"
"STO.NIÑO VILLAGE","SLEDA 2 (BEYOND  50 MTRS UP TO 150 MTRS)","SAN ISIDRO","TALISAY","CEBU","RESIDENTIAL REGULAR","11,300.00"
"TIAGO COMPOUND","SLEDA 2 (BEYOND  50 MTRS UP TO 150 MTRS)","SAN ISIDRO","TALISAY","CEBU","RESIDENTIAL REGULAR","11,300.00"
"TREASUREVILLE","SLEDA 2 (BEYOND  50 MTRS UP TO 150 MTRS)","SAN ISIDRO","TALISAY","CEBU","RESIDENTIAL REGULAR","11,300.00"
"VERGARA SUBDIVION","SLEDA 2 (BEYOND  50 MTRS UP TO 150 MTRS)","SAN ISIDRO","TALISAY","CEBU","RESIDENTIAL REGULAR","11,300.00"
"OTHER SUBD/ VILLAGES","SLEDA 2 (BEYOND  50 MTRS UP TO 150 MTRS)","SAN ISIDRO","TALISAY","CEBU","RESIDENTIAL REGULAR","9,300.00"
"ALONG SRP ROAD","SLEDA 1 (WITHIN 50 MTRS)","SAN ISIDRO","TALISAY","CEBU","COMMERCIAL REGULAR","34,000.00"
"ALONG SRP ROAD","SLEDA 2 (BEYOND  50 MTRS UP TO 150 MTRS)","SAN ISIDRO","TALISAY","CEBU","RESIDENTIAL REGULAR","24,000.00"
"ALONG SRP ROAD","SLEDA 2 (BEYOND  50 MTRS UP TO 150 MTRS)","SAN ISIDRO","TALISAY","CEBU","COMMERCIAL REGULAR","24,000.00"
"ALONG SRP ROAD","SLEDA 3 ( BEYOND 150 MTRS TO 250 MTRS)","SAN ISIDRO","TALISAY","CEBU","COMMERCIAL REGULAR","21,000.00"
"ALONG SRP ROAD","SLEDA 4 ( BEYOND 250 MTRS TO 300 MTRS)","SAN ISIDRO","TALISAY","CEBU","COMMERCIAL REGULAR","16,500.00"
"TABULASAN ROAD","COR TO  RAMONA SUBD.","SAN ISIDRO","TALISAY","CEBU","RESIDENTIAL REGULAR","9,300.00"
"TIAGO ROAD","COR TABULASAN TO RAMONA CROSSING","SAN ISIDRO","TALISAY","CEBU","RESIDENTIAL REGULAR","9,300.00"
"ALL OTHER STREETS","W/IN THE BARANGAY","SAN ISIDRO","TALISAY","CEBU","RESIDENTIAL REGULAR","8,000.00"
"INTERIOR LOTS","INT LOTS W/ RIGHT OF WAY","SAN ISIDRO","TALISAY","CEBU","RESIDENTIAL REGULAR","6,800.00"
"INTERIOR LOTS","INT LOTS W/O RIGHT OF WAY","SAN ISIDRO","TALISAY","CEBU","RESIDENTIAL REGULAR","6,000.00"
"INTERIOR LOTS","OTHER AGRICULTURAL LANDS","SAN ISIDRO","TALISAY","CEBU","OTHER AGRICULTURAL LANDS","4,800.00"
"LINES TOWN HOMES","OTHER AGRICULTURAL LANDS","SAN ISIDRO","TALISAY","CEBU","RESIDENTIAL REGULAR","12,000.00"
"STA. THERESA VILLAGE II","ALSO IN CANSOJONG AND DUMLOG","SAN ISIDRO","TALISAY","CEBU","RESIDENTIAL REGULAR","12,000.00"
"VILLA LUCITA","ALSO LOCATED IN BRGY. CANSOJONG","SAN ISIDRO","TALISAY","CEBU","RESIDENTIAL REGULAR","12,000.00"
"PROVINCIAL RD","CANSOJONG BDRY-CEBU CITY BDRY","SAN ROQUE","TALISAY","CEBU","COMMERCIAL REGULAR","16,500.00"
"SAN ROQUE- TABUNOK PROV'L ROAD","CANSOJONG BDRY-CEBU CITY BDRY","SAN ROQUE","TALISAY","CEBU","RESIDENTIAL REGULAR","14,000.00"
"MUNICIPAL/ BARANGAY","CANSOJONG BDRY-CEBU CITY BDRY","SAN ROQUE","TALISAY","CEBU","RESIDENTIAL REGULAR","11,500.00"
"BELLEZA","CANSOJONG BDRY-CEBU CITY BDRY","SAN ROQUE","TALISAY","CEBU","RESIDENTIAL REGULAR","9,500.00"
"BONANZA SUBDIVISION","CANSOJONG BDRY-CEBU CITY BDRY","SAN ROQUE","TALISAY","CEBU","RESIDENTIAL REGULAR","26,500.00"
"BONANZA SUBDIVISION","CANSOJONG BDRY-CEBU CITY BDRY","SAN ROQUE","TALISAY","CEBU","RESIDENTIAL REGULAR","9,500.00"
"COASTAL VIEW SUBDIVISION","SLEDA 1 (WITHIN 50 MTRS)","SAN ROQUE","TALISAY","CEBU","COMMERCIAL REGULAR","26,500.00"
"COASTAL VIEW SUBDIVISION","","SAN ROQUE","TALISAY","CEBU","RESIDENTIAL REGULAR","16,500.00"
"COASTAL VIEW SUBDIVISION","SLEDA 2 (BEYOND  50 MTRS UP TO 150 MTRS)","SAN ROQUE","TALISAY","CEBU","COMMERCIAL REGULAR","24,000.00"
"COASTAL VIEW SUBDIVISION","SLEDA 2 (BEYOND  50 MTRS UP TO 150 MTRS)","SAN ROQUE","TALISAY","CEBU","RESIDENTIAL REGULAR","12,800.00"
"88 BROOKSIDE SUBD.","SLEDA 2 (BEYOND  50 MTRS UP TO 150 MTRS)","SAN ROQUE","TALISAY","CEBU","RESIDENTIAL REGULAR","11,300.00"
"FATIMA VILLAGE","SLEDA 2 (BEYOND  50 MTRS UP TO 150 MTRS)","SAN ROQUE","TALISAY","CEBU","RESIDENTIAL REGULAR","11,300.00"
"GREENFIELD SUBDIVISION","SLEDA 2 (BEYOND  50 MTRS UP TO 150 MTRS)","SAN ROQUE","TALISAY","CEBU","RESIDENTIAL REGULAR","9,500.00"
"GREEN MEADOWS SUBDIVISION","SLEDA 2 (BEYOND  50 MTRS UP TO 150 MTRS)","SAN ROQUE","TALISAY","CEBU","RESIDENTIAL REGULAR","9,500.00"
"JAMESTOWN SUBDIVISION","SLEDA 2 (BEYOND  50 MTRS UP TO 150 MTRS)","SAN ROQUE","TALISAY","CEBU","RESIDENTIAL REGULAR","9,500.00"
"RAMONA VILLAGE","SLEDA 2 (BEYOND  50 MTRS UP TO 150 MTRS)","SAN ROQUE","TALISAY","CEBU","RESIDENTIAL REGULAR","9,500.00"
"TIERRA DEL SOL","SLEDA 1 (WITHIN 50 MTRS)","SAN ROQUE","TALISAY","CEBU","COMMERCIAL REGULAR","26,500.00"
"TIERRA DEL SOL","SLEDA 1 (WITHIN 50 MTRS)","SAN ROQUE","TALISAY","CEBU","RESIDENTIAL REGULAR","16,500.00"
"UGHAI 1 & 2 SUBD.","SLEDA 2 (BEYOND  50 MTRS UP TO 150 MTRS)","SAN ROQUE","TALISAY","CEBU","COMMERCIAL REGULAR","24,000.00"
"UGHAI 1 & 2 SUBD.","SLEDA 2 (BEYOND  50 MTRS UP TO 150 MTRS)","SAN ROQUE","TALISAY","CEBU","RESIDENTIAL REGULAR","12,800.00"
"VIP SUBD.","TO CORNER KIMBA AND LARAY ROAD","SAN ROQUE","TALISAY","CEBU","RESIDENTIAL REGULAR","9,500.00"
"WILLIAMSVILLE SUBDIVISION","","SAN ROQUE","TALISAY","CEBU","RESIDENTIAL REGULAR","35,000.00"
"WILLIAMSVILLE SUBDIVISION","","SAN ROQUE","TALISAY","CEBU","RESIDENTIAL REGULAR","9,500.00"
"OTHER SUB/D VILLAGES","","SAN ROQUE","TALISAY","CEBU","RESIDENTIAL REGULAR","8,000.00"
"ALL OTHER STREETS","INT LOTS W/ RIGHT OF WAY","SAN ROQUE","TALISAY","CEBU","RESIDENTIAL REGULAR","6,800.00"
"ALL OTHER STREETS","INT LOTS W/O RIGHT OF WAY","SAN ROQUE","TALISAY","CEBU","RESIDENTIAL REGULAR","6,000.00"
"ALL OTHER STREETS","OTHER AGRICULTURAL LANDS","SAN ROQUE","TALISAY","CEBU","OTHER AGRICULTURAL LANDS","4,800.00"
"FR THE CORNER DAWIS CROSSING","RAMONA VILLAGE","SAN ROQUE","TALISAY","CEBU","RESIDENTIAL REGULAR","9,500.00"
"ALONG SRP ROAD","SLEDA 1 (WITHIN 50 MTRS)","SAN ROQUE","TALISAY","CEBU","COMMERCIAL REGULAR","34,000.00"
"ALONG SRP ROAD","SLEDA 2 (BEYOND  50 MTRS UP TO 150 MTRS)","SAN ROQUE","TALISAY","CEBU","COMMERCIAL REGULAR","26,500.00"
"ALONG SRP ROAD","SLEDA 3 ( BEYOND 150 MTRS TO 250 MTRS)","SAN ROQUE","TALISAY","CEBU","COMMERCIAL REGULAR","21,000.00"
"ALONG SRP ROAD","SLEDA 4 ( BEYOND 250 MTRS TO 300 MTRS)","SAN ROQUE","TALISAY","CEBU","COMMERCIAL REGULAR","16,500.00"
"ALONG SRP ROAD","TO SITIO SAWSAWAN BRIDGE","SAN ROQUE","TALISAY","CEBU","RESIDENTIAL REGULAR","8,000.00"
"FROM CORNER SAN ROQUE ELEMENTARY SCHOOL","","SAN ROQUE","TALISAY","CEBU","RESIDENTIAL REGULAR","9,300.00"
"ALBERLYN BOX HILL WEST RESIDENCES","BESIDE ALBERLYN BOX HILL RESIDENCES (LOCATED AT CANSOJONG/NONE IN SAN ROQUE)","SAN ROQUE","TALISAY","CEBU","RESIDENTIAL REGULAR","12,000.00"
"ASTERRA TOWNHOMES","BESIDE ALBERLYN BOX HILL RESIDENCES (LOCATED AT CANSOJONG/NONE IN SAN ROQUE)","SAN ROQUE","TALISAY","CEBU","RESIDENTIAL REGULAR","12,000.00"
"NATIONAL ROAD","FR MANANGA BRIDGE  TO BULACAO BDRY.","TABUNOK","TALISAY","CEBU","COMMERCIAL REGULAR","35,000.00"
"NATIONAL ROAD","FR MANANGA BRIDGE  TO BULACAO BDRY.","TABUNOK","TALISAY","CEBU","RESIDENTIAL REGULAR","24,000.00"
"NATIONAL ROAD","INTERIOR","TABUNOK","TALISAY","CEBU","OTHER AGRICULTURAL LANDS","28,000.00"
"NATIONAL ROAD","INTERIOR","TABUNOK","TALISAY","CEBU","RESIDENTIAL REGULAR","14,000.00"
"BRGY RD/ HOLLOW BLOCK","","TABUNOK","TALISAY","CEBU","RESIDENTIAL REGULAR","11,500.00"
"INTERIOR AREAS","BET MOLAVE & BRGY RD.","TABUNOK","TALISAY","CEBU","RESIDENTIAL REGULAR","8,000.00"
"INTERIOR AREAS","BNDED BY BRGY RD ALONG NUNEZ CMPD.","TABUNOK","TALISAY","CEBU","RESIDENTIAL REGULAR","9,500.00"
"INTERIOR AREAS","BRGY RD LAGTANG & BULACAO","TABUNOK","TALISAY","CEBU","RESIDENTIAL REGULAR","9,500.00"
"CABUSAS CMPD","BRGY RD LAGTANG & BULACAO","TABUNOK","TALISAY","CEBU","RESIDENTIAL REGULAR","11,300.00"
"MUNICIPAL/BRGY RD","W/IN 250M FR MARKET SITE","TABUNOK","TALISAY","CEBU","COMMERCIAL REGULAR","21,500.00"
"MUNICIPAL/BRGY RD","250 MTRS AWAY FR MKT SITE","TABUNOK","TALISAY","CEBU","COMMERCIAL REGULAR","16,500.00"
"MOLAVE","NATL H-WAY TO END OF ST. INTERSECTING W. BRGY RD BND FOR TALISAY SPORTS COMPLEX","TABUNOK","TALISAY","CEBU","RESIDENTIAL REGULAR","11,500.00"
"NATL HIGHWAY","MANANGA RIVER/BRIDGE TO TABUNOK-BULACAO BOUNDARY","TABUNOK","TALISAY","CEBU","COMMERCIAL REGULAR","28,000.00"
"PROVINCIAL ROAD","SAN ISIDRO BDRY-GAISANO COMPLEX","TABUNOK","TALISAY","CEBU","COMMERCIAL REGULAR","28,000.00"
"BOUND FOR TOLEDO CITY","BDRY-SANGI INTERSECTION RD","TABUNOK","TALISAY","CEBU","COMMERCIAL REGULAR","19,000.00"
"BOUND FOR TOLEDO CITY","SANGI ROAD- OLD RAILWAY KIMBA","TABUNOK","TALISAY","CEBU","COMMERCIAL REGULAR","13,000.00"
"BOUND FOR TOLEDO CITY","OLD RAILWAY-INTERSECTION SANGI ROAD (50 M INWARD)","TABUNOK","TALISAY","CEBU","RESIDENTIAL REGULAR","11,000.00"
"INTERIOR AREAS","BNDED BY NAT'L H-WAY- PROV'L RD TO CEBU CITY","TABUNOK","TALISAY","CEBU","COMMERCIAL REGULAR","9,800.00"
"INTERIOR AREAS","A HECTARE AWAY FR EXISTING BRGY/ PROV'L","TABUNOK","TALISAY","CEBU","OTHER AGRICULTURAL LANDS","5,300.00"
"INTERIOR LOTS","INTERIOR LOTS W/ RIGHT OF WAY","TABUNOK","TALISAY","CEBU","RESIDENTIAL REGULAR","35,000.00"
"INTERIOR LOTS","INTERIOR LOTS W/ RIGHT OF WAY","TABUNOK","TALISAY","CEBU","RESIDENTIAL REGULAR","6,900.00"
"INTERIOR LOTS","INTERIOR LOTS W/O RIGHT OF WAY","TABUNOK","TALISAY","CEBU","RESIDENTIAL REGULAR","6,000.00"
"PUBLIC MARKET SITE","INTERIOR LOTS W/O RIGHT OF WAY","TABUNOK","TALISAY","CEBU","COMMERCIAL REGULAR","35,000.00"
"PUBLIC MARKET SITE","FR CRNR AT TALISAY RURAL BANK GOING TO SITIO MOLAVE","TABUNOK","TALISAY","CEBU","RESIDENTIAL REGULAR","8,000.00"
"ST. SCHOLASTICAS ACDMY","PROV'L RD- TOLEDO CITY","TABUNOK","TALISAY","CEBU","INSTITUTIONAL","16,500.00"
"TALISAY SPORTS COMPLEX","FRONTING GAISANO TABUNOK","TABUNOK","TALISAY","CEBU","COMMERCIAL REGULAR","35,000.00"
"TALISAY SPORTS COMPLEX","50 MTRS AWAY","TABUNOK","TALISAY","CEBU","COMMERCIAL REGULAR","25,000.00"
"FRIENDLY HOMES SUBD","50 MTRS AWAY","TABUNOK","TALISAY","CEBU","RESIDENTIAL REGULAR","11,000.00"
"HAPPY HOMES SUBD.","50 MTRS AWAY","TABUNOK","TALISAY","CEBU","RESIDENTIAL REGULAR","11,300.00"
"HAPPY VALLEY","50 MTRS AWAY","TABUNOK","TALISAY","CEBU","RESIDENTIAL REGULAR","13,300.00"
"HARMONIS RESIDENCES","50 MTRS AWAY","TABUNOK","TALISAY","CEBU","RESIDENTIAL REGULAR","11,300.00"
"HOLLOWBLOCK SUBDIVISION","50 MTRS AWAY","TABUNOK","TALISAY","CEBU","RESIDENTIAL REGULAR","11,300.00"
"MONTE CARLO SUBD.","50 MTRS AWAY","TABUNOK","TALISAY","CEBU","RESIDENTIAL REGULAR","11,300.00"
"NONOC HOMES","50 MTRS AWAY","TABUNOK","TALISAY","CEBU","RESIDENTIAL REGULAR","11,500.00"
"NUNEZ COMPOUND","50 MTRS AWAY","TABUNOK","TALISAY","CEBU","RESIDENTIAL REGULAR","12,300.00"
"(PLAINVIEW SUBD) PALMVIEW SUBD","50 MTRS AWAY","TABUNOK","TALISAY","CEBU","RESIDENTIAL REGULAR","12,300.00"
"PLAINVILLE SUBDIVISION","50 MTRS AWAY","TABUNOK","TALISAY","CEBU","COMMERCIAL REGULAR","23,000.00"
"PLAINVILLE SUBDIVISION","50 MTRS AWAY","TABUNOK","TALISAY","CEBU","RESIDENTIAL REGULAR","11,300.00"
"RAMONA VILLAGE","50 MTRS AWAY","TABUNOK","TALISAY","CEBU","RESIDENTIAL REGULAR","12,300.00"
"ROSITA LOPEZ SUBDIVISION","50 MTRS AWAY","TABUNOK","TALISAY","CEBU","RESIDENTIAL REGULAR","11,300.00"
"TALI PLAINS SUBD.","50 MTRS AWAY","TABUNOK","TALISAY","CEBU","RESIDENTIAL REGULAR","11,300.00"
"VICTORIA VILLAGE","FR NAT'L TO RABAYA ST.","TABUNOK","TALISAY","CEBU","RESIDENTIAL REGULAR","11,500.00"
"OTHER SUBD/VILLAGES","FR NAT'L TO RABAYA ST.","TABUNOK","TALISAY","CEBU","RESIDENTIAL REGULAR","9,500.00"
"SANGI ROAD","FR RABAYA ST. TO SAN ISIDRO BDRY.","TABUNOK","TALISAY","CEBU","COMMERCIAL REGULAR","23,000.00"
"SANGI ROAD","FR CORNER TABULASAN TO CORNER TIAGO ROAD","TABUNOK","TALISAY","CEBU","RESIDENTIAL REGULAR","15,000.00"
"SANGI ROAD","INTERIOR","TABUNOK","TALISAY","CEBU","RESIDENTIAL REGULAR","11,500.00"
"SANGI ROAD","FR CORNER NATIONAL ROAD NEAR  TO VICTORIA VILLAGE","TABUNOK","TALISAY","CEBU","RESIDENTIAL REGULAR","10,000.00"
"OTHER ROADS/PRIVATE ROADS","","TABUNOK","TALISAY","CEBU","RESIDENTIAL REGULAR","9,700.00"
"OTHER BRGY RD.","EXC ALREADY MENTIONED (50M INWARD)","TABUNOK","TALISAY","CEBU","RESIDENTIAL REGULAR","7,800.00"
"ELKWOOD HOMES","EXC ALREADY MENTIONED (50M INWARD)","TABUNOK","TALISAY","CEBU","RESIDENTIAL REGULAR","20,000.00"
"PROVINCIAL RD","EXC ALREADY MENTIONED (50M INWARD)","TANGKE","TALISAY","CEBU","RESIDENTIAL REGULAR","8,500.00"
"PROVINCIAL RD","EXC ALREADY MENTIONED (50M INWARD)","TANGKE","TALISAY","CEBU","INDUSTRIAL","9,500.00"
"PROVINCIAL RD","CANSOJONG BDRY. & SAN ROQUE","TANGKE","TALISAY","CEBU","COMMERCIAL REGULAR","10,500.00"
"MUNICIPAL RD/BRGY RD","WITHIN THE BARANGAY","TANGKE","TALISAY","CEBU","RESIDENTIAL REGULAR","15,000.00"
"MUNICIPAL RD/BRGY RD","WITHIN THE BARANGAY","TANGKE","TALISAY","CEBU","RESIDENTIAL REGULAR","7,500.00"
"ALL SUBD/VILLAGES","WITHIN THE BARANGAY","TANGKE","TALISAY","CEBU","RESIDENTIAL REGULAR","9,300.00"
"SHORELINE","WITHIN THE BARANGAY","TANGKE","TALISAY","CEBU","COMMERCIAL REGULAR","13,000.00"
"SHORELINE","WITHIN THE BARANGAY","TANGKE","TALISAY","CEBU","RESIDENTIAL REGULAR","8,000.00"
"ALL OTHER ROADS","WITHIN THE BARANGAY","TANGKE","TALISAY","CEBU","RESIDENTIAL REGULAR","7,000.00"
"INTERIOR LOTS","INT LOTS W/ RIGHT OF WAY","TANGKE","TALISAY","CEBU","RESIDENTIAL REGULAR","6,800.00"
"INTERIOR LOTS","INT LOTS W/O RIGHT OF WAY","TANGKE","TALISAY","CEBU","RESIDENTIAL REGULAR","6,000.00"
"INTERIOR LOTS","OTHER AGRICULTURAL LANDS","TANGKE","TALISAY","CEBU","OTHER AGRICULTURAL LANDS","4,800.00"
"FROM PUBLIC CEMETERY GOING","TO SITIO SALVADOR CHAPEL","TANGKE","TALISAY","CEBU","RESIDENTIAL REGULAR","8,000.00"
"SITIO GALAXY","INTERIOR AREAS","TANGKE","TALISAY","CEBU","RESIDENTIAL REGULAR","6,000.00"
"ALMOND DRIVE","INTERIOR AREAS","TANGKE","TALISAY","CEBU","RESIDENTIAL CONDOMINIUM","15,000.00"
"BARANGAY RD","LOW AREAS","TAPUL","TALISAY","CEBU","RESIDENTIAL REGULAR","1,300.00"
"BARANGAY RD","HILLY/MOUNTAIN AREAS","TAPUL","TALISAY","CEBU","MOUNTAINOUS / HILLY AREAS","800.00"
"BARANGAY RD","OTHER AGRICULTURAL LANDS","TAPUL","TALISAY","CEBU","OTHER AGRICULTURAL LANDS","700.00"
"BARANGAY RD","SITIO PUROK 4 TO TAPUL ELEM SCHOOL","TAPUL","TALISAY","CEBU","RESIDENTIAL REGULAR","1,000.00"
"BARANGAY RD","SITIO PUROK 4 CHAPEL - TAPUL BRGY HALL","TAPUL","TALISAY","CEBU","RESIDENTIAL REGULAR","1,000.00"
"BARANGAY RD","W/IN SITIO PUROK 1 TO BASKETBALL COURT","TAPUL","TOLEDO","CEBU","COMMERCIAL REGULAR","10,500.00"
"BARANGAY RD","W/IN SITIO PUROK 1 TO BASKETBALL COURT","TAPUL","TALISAY","CEBU","RESIDENTIAL REGULAR","1,000.00"
"INTERIOR AREAS","LOW AREAS","TAPUL","TALISAY","CEBU","RESIDENTIAL REGULAR","800.00"
"INTERIOR AREAS","HILLY/FOREST LAND","TAPUL","TALISAY","CEBU","MOUNTAINOUS / HILLY AREAS","700.00"
"INTERIOR AREAS","OTHER AGRICULTURAL LANDS","TAPUL","TALISAY","CEBU","OTHER AGRICULTURAL LANDS","600.00"
"INTERIOR AREAS","OTHER AGRICULTURAL LANDS","TAPUL","TALISAY","CEBU","AREA FOR PRIORITY DEVELOPMENT","625.00"
"B.B.CAVADA SR. ST. (HOSPITAL ST)","MAGSAYSAY ST. - CITY HOSPITAL","CITY PROPER (POBLACION)","TOLEDO","CEBU","RESIDENTIAL REGULAR","6,500.00"
"B.B.CAVADA SR. ST. (HOSPITAL ST)","COGONAL","CITY PROPER (POBLACION)","TOLEDO","CEBU","COGON","1,150.00"
"ALPAR SUBDIVISION (UNKNOWN ROAD)","TUBOD-LANDAHAN RD - CITY  HOSPITAL, PALACE OF JUSTICE","CITY PROPER (POBLACION)","TOLEDO","CEBU","RESIDENTIAL REGULAR","6,000.00"
"ALPAR SUBDIVISION (UNKNOWN ROAD)","TUBOD-LANDAHAN RD - CITY  HOSPITAL, PALACE OF JUSTICE","CITY PROPER (POBLACION)","TOLEDO","CEBU","OTHER AGRICULTURAL LANDS","800.00"
"CLIMACO ST","S. OSMENA SR. ST.  -  PRES. D MACAPAGAL HI-WAY","CITY PROPER (POBLACION)","TOLEDO","CEBU","COMMERCIAL REGULAR","10,500.00"
"CLIMACO ST","S. OSMENA SR. ST.  -  PRES. D MACAPAGAL HI-WAY","CITY PROPER (POBLACION)","TOLEDO","CEBU","RESIDENTIAL REGULAR","9,000.00"
"CLIMACO ST. EXT.    22","S. OSMENA SR. ST. EXT.-MAGSAYSAY ST.","CITY PROPER (POBLACION)","TOLEDO","CEBU","RESIDENTIAL REGULAR","8,000.00"
"F. TROCIO ST","S. OSMENA SR. ST. - PRES. C. MACAPAGAL HI-WAY","CITY PROPER (POBLACION)","TOLEDO","CEBU","COMMERCIAL REGULAR","4,800.00"
"F. TROCIO ST","S. OSMENA SR. ST. - PRES. C. MACAPAGAL HI-WAY","CITY PROPER (POBLACION)","TOLEDO","CEBU","RESIDENTIAL REGULAR","4,500.00"
"F. TROCIO ST","S. OSMENA SR. ST - AFC COMPOUND","CITY PROPER (POBLACION)","TOLEDO","CEBU","RESIDENTIAL REGULAR","4,800.00"
"HINULAWAN ST","MAGSAYSAY  ST. - PRES. D. MACAPAGAL HI-WAY.","CITY PROPER (POBLACION)","TOLEDO","CEBU","COMMERCIAL REGULAR","10,000.00"
"HINULAWAN ST","MAGSAYSAY  ST. - PRES. D. MACAPAGAL HI-WAY.","CITY PROPER (POBLACION)","TOLEDO","CEBU","RESIDENTIAL REGULAR","16,000.00"
"HINULAWAN ST","MAGSAYSAY  ST. - PRES. D. MACAPAGAL HI-WAY.","CITY PROPER (POBLACION)","TOLEDO","CEBU","RESIDENTIAL REGULAR","9,000.00"
"LIBRE ST","PRES. D. MACAPAGAL HIWAY - S. OSMENA ST.","CITY PROPER (POBLACION)","TOLEDO","CEBU","COMMERCIAL REGULAR","9,000.00"
"LIBRE ST","FRONTING (ALONG) LIBRE ST.  6","CITY PROPER (POBLACION)","TOLEDO","CEBU","COMMERCIAL REGULAR","10,500.00"
"LIBRE ST","S. OSMENA SR. ST - MAGSAYSAY JUNCTION  7","CITY PROPER (POBLACION)","TOLEDO","CEBU","RESIDENTIAL REGULAR","5,500.00"
"M. A. BARBA ST.","S. OSMENA SR. ST. -R.G. ESPINOSA 13","CITY PROPER (POBLACION)","TOLEDO","CEBU","COMMERCIAL REGULAR","11,250.00"
"M. A. BARBA ST.","S. OSMENA SR. ST - MAGSAYSAY ST.  14","CITY PROPER (POBLACION)","TOLEDO","CEBU","RESIDENTIAL REGULAR","8,750.00"
"MAGSAYSAY ST.","TUBOD-LANDAHAN RD.-HINULAWAN EXT.15","CITY PROPER (POBLACION)","TOLEDO","CEBU","RESIDENTIAL REGULAR","6,500.00"
"MAGSAYSAY ST.","HINULAWAN ST. EXT.-LURAY 2 BOUNDARY  16","CITY PROPER (POBLACION)","TOLEDO","CEBU","RESIDENTIAL REGULAR","6,000.00"
"MERCADO ST.","S. OSMENA SR. ST - MAGSAYSAY ST.  9","CITY PROPER (POBLACION)","TOLEDO","CEBU","RESIDENTIAL REGULAR","9,000.00"
"PRES. D. MACAPAGAL HI-WAY","RAFOLS ST.-ZAMORA ST.","CITY PROPER (POBLACION)","TOLEDO","CEBU","COMMERCIAL REGULAR","16,000.00"
"PRES. D. MACAPAGAL HI-WAY","ZAMORA ST - HINULAWAN ST.","CITY PROPER (POBLACION)","TOLEDO","CEBU","COMMERCIAL REGULAR","14,000.00"
"PRES. D. MACAPAGAL HI-WAY","HINULAWAN ST.-MA. BARBA ST.","CITY PROPER (POBLACION)","TOLEDO","CEBU","RESIDENTIAL REGULAR","10,500.00"
"PRES. D. MACAPAGAL HI-WAY","M. A. BARBA ST - TROCIO ST (LURAY 2 BOUNDARY)","CITY PROPER (POBLACION)","TOLEDO","CEBU","RESIDENTIAL REGULAR","10,500.00"
"PRES. D. MACAPAGAL HI-WAY","RAFOLS ST - ST. JOHN OF SAHAGUN DRIVE  10","CITY PROPER (POBLACION)","TOLEDO","CEBU","COMMERCIAL REGULAR","16,000.00"
"PRES. D. MACAPAGAL HI-WAY","ST. JOHN OF SAHAGUN DRIVE - LIBRE ST","CITY PROPER (POBLACION)","TOLEDO","CEBU","COMMERCIAL REGULAR","13,500.00"
"PRES. D. MACAPAGAL HI-WAY","LIBRE ST.-IBO BDRY/CEMETERY   17","CITY PROPER (POBLACION)","TOLEDO","CEBU","RESIDENTIAL REGULAR","8,000.00"
"PRES. D. MACAPAGAL HI-WAY","LIBRE ST.,-IBO BDRY/CEMETERY   18","CITY PROPER (POBLACION)","TOLEDO","CEBU","RESIDENTIAL REGULAR","16,000.00"
"PRES. D. MACAPAGAL HI-WAY","LIBRE ST.,-IBO BDRY/CEMETERY   18","CITY PROPER (POBLACION)","TOLEDO","CEBU","COMMERCIAL REGULAR","10,000.00"
"R. G. ESPINOSA ST.","RAFOLS ST.-VICENTE PENALOSA ST.","CITY PROPER (POBLACION)","TOLEDO","CEBU","COMMERCIAL REGULAR","12,000.00"
"R. G. ESPINOSA ST.","VICENTE PENALOSA ST. - HINULAWAN ST.","CITY PROPER (POBLACION)","TOLEDO","CEBU","COMMERCIAL REGULAR","11,000.00"
"R. G. ESPINOSA ST.","HINULAWAN ST.- M.A. BARBA ST.-TROCIO ST. (LURAY 2 BDRY)","CITY PROPER (POBLACION)","TOLEDO","CEBU","RESIDENTIAL REGULAR","11,000.00"
"R. G. ESPINOSA ST.","RAFOLS ST - TOLEDO DAYS HOTEL","CITY PROPER (POBLACION)","TOLEDO","CEBU","COMMERCIAL REGULAR","11,000.00"
"RAFOLS ST.","PRES. D. MACAPAGAL.-S. OSMENA SR. ST.","CITY PROPER (POBLACION)","TOLEDO","CEBU","COMMERCIAL REGULAR","16,000.00"
"RAFOLS ST.","PRES. D. MACAPAGAL HI-WAY -  PUBLIC MARKET","CITY PROPER (POBLACION)","TOLEDO","CEBU","COMMERCIAL REGULAR","15,500.00"
"RAFOLS ST. EXT.","S. OSMENA ST.-MAGSAYSAY ST.    19","CITY PROPER (POBLACION)","TOLEDO","CEBU","COMMERCIAL REGULAR","14,000.00"
"RAFOLS ST. EXT.","S. OSMENA ST.-MAGSAYSAY ST.    19","CITY PROPER (POBLACION)","TOLEDO","CEBU","RESIDENTIAL REGULAR","8,750.00"
"RODRIGUEZ ST","S. OSMENA SR. ST. - PRES. C. MACAPAGAL HI-WAY","CITY PROPER (POBLACION)","TOLEDO","CEBU","COMMERCIAL REGULAR","14,000.00"
"RODRIGUEZ ST","S. OSMENA SR. ST. - PRES. C. MACAPAGAL HI-WAY","CITY PROPER (POBLACION)","TOLEDO","CEBU","RESIDENTIAL REGULAR","8,750.00"
"S. OSMENA SR. ST.","RAFOLS ST- ZAMORA ST.","CITY PROPER (POBLACION)","TOLEDO","CEBU","COMMERCIAL REGULAR","13,000.00"
"S. OSMENA SR. ST.","ZAMORA ST.-HINULAWAN ST-M.A.BARBA ST.-LURAY 2  20","CITY PROPER (POBLACION)","TOLEDO","CEBU","RESIDENTIAL REGULAR","10,000.00"
"S. OSMENA SR. ST.","RAFOLS - CLIMACO STS","CITY PROPER (POBLACION)","TOLEDO","CEBU","COMMERCIAL REGULAR","13,000.00"
"S. OSMENA SR. ST.","CLIMACO ST.-LIBRE ST.","CITY PROPER (POBLACION)","TOLEDO","CEBU","RESIDENTIAL REGULAR","8,500.00"
"S. OSMENA SR. ST.","LIBRE ST.-POLOYAPOY","CITY PROPER (POBLACION)","TOLEDO","CEBU","RESIDENTIAL REGULAR","7,250.00"
"S. OSMENA SR. ST.","F. POLOYAPOY ST - BDRY OF IBO","CITY PROPER (POBLACION)","TOLEDO","CEBU","FOREST LAND/TIMBER LAND","13,500.00"
"S. OSMENA SR. ST.","F. POLOYAPOY ST - BDRY OF IBO","CITY PROPER (POBLACION)","TOLEDO","CEBU","RESIDENTIAL REGULAR","7,750.00"
"ST. JOHN OF SAHAGUN DRIVE  10","S. OSMENA SR. ST. - PRES. C. MACAPAGAL HI-WAY","CITY PROPER (POBLACION)","TOLEDO","CEBU","COMMERCIAL REGULAR","13,500.00"
"ST. JOHN OF SAHAGUN DRIVE  10","S. OSMENA SR. ST. - PRES. C. MACAPAGAL HI-WAY","CITY PROPER (POBLACION)","TOLEDO","CEBU","RESIDENTIAL REGULAR","9,500.00"
"TUBOD-LANDAHAN ROAD","OSMENA ST,-TUBOD BDRY   21","CITY PROPER (POBLACION)","TOLEDO","CEBU","RESIDENTIAL REGULAR","7,500.00"
"UNKNOWN ROAD","TUBOD LANDAHAN RD.-CITY HOSPITAL","CITY PROPER (POBLACION)","TOLEDO","CEBU","COMMERCIAL REGULAR","6,500.00"
"UNKNOWN ROAD","TUBOD LANDAHAN RD.-CITY HOSPITAL","CITY PROPER (POBLACION)","TOLEDO","CEBU","RESIDENTIAL REGULAR","5,250.00"
"VICENTE P. PENALOSA ST","PRES. D. MACAPAGAL HI-WAY -  R. G. ESPINOSA ST","CITY PROPER (POBLACION)","TOLEDO","CEBU","COMMERCIAL REGULAR","13,000.00"
"ZAMORA ST.","PRES. D. MACAPAGAL HI-WAY - S. OSMENA  SR. ST.","CITY PROPER (POBLACION)","TOLEDO","CEBU","COMMERCIAL REGULAR","13,000.00"
"ALL LOTS FRONTING","BATO-BULONGAN-CABITOONAN & MOHON ROADS","AWIHAO","TOLEDO","CEBU","RESIDENTIAL REGULAR","1,750.00"
"ALL LOTS FRONTING","COCO LAND","AWIHAO","TOLEDO","CEBU","COCO LAND","250.00"
"REST OF AWIHAO","INTERIOR LOTS","AWIHAO","TOLEDO","CEBU","RESIDENTIAL REGULAR","1,250.00"
"REST OF AWIHAO","ALL HILLY LANDS","AWIHAO","TOLEDO","CEBU","MOUNTAINOUS / HILLY AREAS","200.00"
"REST OF AWIHAO","OTHER AGRICULTURAL LANDS","AWIHAO","TOLEDO","CEBU","OTHER AGRICULTURAL LANDS","150.00"
"ALL LOTS","BARANGAY ROADS","BAGACAY","TOLEDO","CEBU","RESIDENTIAL REGULAR","600.00"
"ALL LOTS","ALL HILLY LANDS","BAGACAY","TOLEDO","CEBU","MOUNTAINOUS / HILLY AREAS","7,000.00"
"NATIONAL ROAD","ALL LOTS","BATO","TOLEDO","CEBU","INDUSTRIAL","4,500.00"
"NATIONAL ROAD","ALL LOTS TO PINAMUNGAHAN-SIGMA CEE ROAD","BATO","TOLEDO","CEBU","RESIDENTIAL REGULAR","3,250.00"
"NATIONAL ROAD","ALL LOTS TO CABITOONAN-SIGMA CEE ROAD","BATO","TOLEDO","CEBU","RESIDENTIAL REGULAR","3,250.00"
"NATIONAL ROAD","RICEFIELDS UNIRRIGATED","BATO","TOLEDO","CEBU","RICELAND UNIRRIGATED","550.00"
"BARANGAY ROAD","ALONG BATO-BULONGAN ROAD","BATO","TOLEDO","CEBU","RESIDENTIAL REGULAR","2,000.00"
"BARANGAY ROAD","COCO LANDS","BATO","TOLEDO","CEBU","COCO LAND","450.00"
"ONE AURA RESIDENCES","COCO LANDS","BATO","TOLEDO","CEBU","RESIDENTIAL REGULAR","7,000.00"
"INTERIOR LOTS","SITIO SINSIN & SITIO LAGUNA TO AWIHAO","BATO","TOLEDO","CEBU","RESIDENTIAL REGULAR","1,400.00"
"INTERIOR LOTS","SHORELINE","BATO","TOLEDO","CEBU","SEASHORE","3,750.00"
"INTERIOR LOTS","OTHER AGRICULTURAL LANDS","BATO","TOLEDO","CEBU","OTHER AGRICULTURAL LANDS","200.00"
"ALL LOTS","BARANGAY ROADS","BIGA","TOLEDO","CEBU","INDUSTRIAL","1,375.00"
"ALL LOTS","BARANGAY ROADS","BIGA","TOLEDO","CEBU","RESIDENTIAL REGULAR","600.00"
"ALL LOTS","COCO LANDS","BIGA","TOLEDO","CEBU","COCO LAND","125.00"
"ALL LOTS","BULONGAN ROAD (MEDIA ONCE - SAGAY)","BULONGAN","TOLEDO","CEBU","INDUSTRIAL","6,500.00"
"ALL LOTS","BULONGAN ROAD (MEDIA ONCE - SAGAY)","BULONGAN","TOLEDO","CEBU","RESIDENTIAL REGULAR","900.00"
"ALL LOTS","COCO LAND","BULONGAN","TOLEDO","CEBU","COCO LAND","250.00"
"ALL LOTS","INTERIOR LOTS","BULONGAN","TOLEDO","CEBU","RESIDENTIAL REGULAR","625.00"
"ALL LOTS","OTHER AGRICULTURAL LANDS","BULONGAN","TOLEDO","CEBU","OTHER AGRICULTURAL LANDS","150.00"
"FEEDER ROAD","BOUNDARY DAS TO LAMAC, PINAMUNGAHAN","BUNGA","TOLEDO","CEBU","RESIDENTIAL REGULAR","1,125.00"
"FEEDER ROAD","ALL PLAIN AREAS","BUNGA","TOLEDO","CEBU","COCO LAND","250.00"
"ALL OTHER LOTS","INTERIOR","BUNGA","TOLEDO","CEBU","RESIDENTIAL REGULAR","650.00"
"ALL OTHER LOTS","ALL HILLY LANDS","BUNGA","TOLEDO","CEBU","MOUNTAINOUS / HILLY AREAS","150.00"
"NATIONAL ROAD","BRDY BATO-IBO AREAS","CABITO-ONAN","TOLEDO","CEBU","RESIDENTIAL REGULAR","3,500.00"
"NATIONAL ROAD","ALL LOTS TO IBO-AWIHAO ROAD","CABITO-ONAN","TOLEDO","CEBU","RESIDENTIAL REGULAR","2,500.00"
"NATIONAL ROAD","ALL LOTS TO BATO- AWIHAO ROAD","CABITO-ONAN","TOLEDO","CEBU","RESIDENTIAL REGULAR","2,100.00"
"NATIONAL ROAD","ALL PLAIN AREAS","CABITO-ONAN","TOLEDO","CEBU","COCO LAND","300.00"
"ALONG FEEDER ROAD","INTERIOR","CABITO-ONAN","TOLEDO","CEBU","RESIDENTIAL REGULAR","1,450.00"
"ALONG FEEDER ROAD","SEASHORE","CABITO-ONAN","TOLEDO","CEBU","SEASHORE","6,500.00"
"ALONG FEEDER ROAD","ALL HILLY LANDS","CABITO-ONAN","TOLEDO","CEBU","MOUNTAINOUS / HILLY AREAS","150.00"
"NATIONAL ROAD","ALL LOTS","CALONGCALONG","TOLEDO","CEBU","INDUSTRIAL","2,750.00"
"NATIONAL ROAD","ALL LOTS","CALONGCALONG","TOLEDO","CEBU","RESIDENTIAL REGULAR","2,500.00"
"NATIONAL ROAD","ALL LOTS","CALONGCALONG","TOLEDO","CEBU","RESIDENTIAL REGULAR","1,800.00"
"NATIONAL ROAD","ALL LOW AREAS","CALONGCALONG","TOLEDO","CEBU","COCO LAND","900.00"
"ALL OTHER STREETS","ALL LOW AREAS","CALONGCALONG","TOLEDO","CEBU","RESIDENTIAL REGULAR","1,250.00"
"ALL OTHER STREETS","ALONG THE BEACH","CALONGCALONG","TOLEDO","CEBU","SEASHORE","2,500.00"
"ALL OTHER STREETS","ALL HILLY LANDS","CALONGCALONG","TOLEDO","CEBU","MOUNTAINOUS / HILLY AREAS","200.00"
"NATIONAL ROAD","ALL LOTS","CANTABACO","TOLEDO","CEBU","RESIDENTIAL REGULAR","1,750.00"
"NATIONAL ROAD","ALL PLAIN AREAS","CANTABACO","TOLEDO","CEBU","COCO LAND","250.00"
"ALL OTHER STREETS","INTERIOR","CANTABACO","TOLEDO","CEBU","RESIDENTIAL REGULAR","1,000.00"
"ALL OTHER STREETS","MINERAL LANDS","CANTABACO","TOLEDO","CEBU","MINERAL LAND","200.00"
"ALL OTHER STREETS","ALL HILLY LANDS","CANTABACO","TOLEDO","CEBU","MOUNTAINOUS / HILLY AREAS","150.00"
"NATIONAL ROAD","BDRY OF BRGY CANTABACO-MUN. OF  MINGLANILLA","CAMPO 8","TOLEDO","CEBU","RESIDENTIAL REGULAR","1,250.00"
"NATIONAL ROAD","COCO LAND","CAMPO 8","TOLEDO","CEBU","COCO LAND","175.00"
"INTERIOR LOTS","ALL LOTS","CAMPO 8","TOLEDO","CEBU","RESIDENTIAL REGULAR","800.00"
"ALL LOTS","BARANGAY ROADS","CAMBANG-UG","TOLEDO","CEBU","RESIDENTIAL REGULAR","1,150.00"
"ALL LOTS","ALL LOW AREAS","CAMBANG-UG","TOLEDO","CEBU","RESIDENTIAL REGULAR","6,750.00"
"ALL LOTS","ALL LOW AREAS","CAMBANG-UG","TOLEDO","CEBU","COCO LAND","200.00"
"ALL LOTS","INTERIOR LOTS","CAMBANG-UG","TOLEDO","CEBU","RESIDENTIAL REGULAR","600.00"
"ALL LOTS","ALL HILLY LANDS","CANLUMAPAO","TOLEDO","CEBU","RESIDENTIAL REGULAR","900.00"
"ALL LOTS","ALL LOW AREAS","CANLUMAPAO","TOLEDO","CEBU","COCO LAND","250.00"
"ALL LOTS","INTERIOR LOTS","CANLUMAPAO","TOLEDO","CEBU","RESIDENTIAL REGULAR","750.00"
"ALL LOTS","ALL HILLY LANDS","CANLUMAPAO","TOLEDO","CEBU","MOUNTAINOUS / HILLY AREAS","125.00"
"ALL LOTS","BARANGAY ROADS","CAPT. CLAUDIO","TOLEDO","CEBU","RESIDENTIAL REGULAR","1,000.00"
"ALL LOTS","INTERIOR LOTS","CAPT. CLAUDIO","TOLEDO","CEBU","RESIDENTIAL REGULAR","650.00"
"TOLEDO HEIGHTS SUBD.","INTERIOR LOTS","CAPT. CLAUDIO","TOLEDO","CEBU","RESIDENTIAL REGULAR","6,750.00"
"ALL LOTS","BARANGAY ROADS","CARMEN","TOLEDO","CEBU","COMMERCIAL REGULAR","1,250.00"
"ALL LOTS","BARANGAY ROADS","CARMEN","TOLEDO","CEBU","RESIDENTIAL REGULAR","900.00"
"ALL LOTS","INTERIOR AREAS","CARMEN","TOLEDO","CEBU","RESIDENTIAL REGULAR","600.00"
"ALL LOTS","ALL HILLY LANDS","CARMEN","TOLEDO","CEBU","COMMERCIAL REGULAR","8,750.00"
"ALL LOTS","ALL HILLY LANDS","CARMEN","TOLEDO","CEBU","MOUNTAINOUS / HILLY AREAS","125.00"
"NATIONAL ROAD","ALL COMMERCIAL LOTS","DAANLUNGSOD","TOLEDO","CEBU","COMMERCIAL REGULAR","8,750.00"
"BARANGAY ROAD","ALL COMMERCIAL LOTS","DAANLUNGSOD","TOLEDO","CEBU","RESIDENTIAL REGULAR","3,750.00"
"ALL OTHER STREETS","GLOBAL-AFC","DAANLUNGSOD","TOLEDO","CEBU","INDUSTRIAL","7,250.00"
"ALL OTHER STREETS","INTERIOR","DAANLUNGSOD","TOLEDO","CEBU","RESIDENTIAL REGULAR","1,900.00"
"ALL OTHER STREETS","SEASHORE","DAANLUNGSOD","TOLEDO","CEBU","SEASHORE","6,500.00"
"ALL OTHER STREETS","OTHER AGRICULTURAL LANDS","DAANLUNGSOD","TOLEDO","CEBU","OTHER AGRICULTURAL LANDS","875.00"
"NATIONAL ROAD","ALL COMMERCIAL AREAS","DON ANDRES SORIANO (DAS)","TOLEDO","CEBU","COMMERCIAL REGULAR","5,200.00"
"NATIONAL ROAD","ALONG TOLEDO-MANIPIS ROAD","DON ANDRES SORIANO (DAS)","TOLEDO","CEBU","RESIDENTIAL REGULAR","3,750.00"
"NATIONAL ROAD","POOG JUNCTION  - ULING NAGA ROAD","DON ANDRES SORIANO (DAS)","TOLEDO","CEBU","RESIDENTIAL REGULAR","3,250.00"
"NATIONAL ROAD","COCO LANDS","DON ANDRES SORIANO (DAS)","TOLEDO","CEBU","COCO LAND","1,125.00"
"REST OF DAS","ACMDC AREAS/CARMEN COPPER AREAS","DON ANDRES SORIANO (DAS)","TOLEDO","CEBU","INDUSTRIAL","3,750.00"
"REST OF DAS","INTERIOR AREAS","DON ANDRES SORIANO (DAS)","TOLEDO","CEBU","RESIDENTIAL REGULAR","2,000.00"
"REST OF DAS","PLAIN AREAS","DON ANDRES SORIANO (DAS)","TOLEDO","CEBU","COCO LAND","300.00"
"REST OF DAS","HILLY LANDS","DON ANDRES SORIANO (DAS)","TOLEDO","CEBU","MOUNTAINOUS / HILLY AREAS","150.00"
"NATIONAL ROAD","ALL COMMERCIAL AREAS","DUMLOG","TOLEDO","CEBU","COMMERCIAL REGULAR","4,000.00"
"NATIONAL ROAD","TALAVERA-SANGI","DUMLOG","TOLEDO","CEBU","MOUNTAINOUS / HILLY AREAS","3,750.00"
"NATIONAL ROAD","TALAVERA-SANGI","DUMLOG","TOLEDO","CEBU","RESIDENTIAL REGULAR","2,500.00"
"NATIONAL ROAD","ALL PLAIN AREAS","DUMLOG","TOLEDO","CEBU","COCO LAND","800.00"
"ALL OTHER STREETS","INTERIOR LOTS","DUMLOG","TOLEDO","CEBU","RESIDENTIAL REGULAR","1,500.00"
"ALL OTHER STREETS","SEASHORE","DUMLOG","TOLEDO","CEBU","SEASHORE","3,000.00"
"ALL OTHER STREETS","OTHER AGRICULTURAL LANDS","DUMLOG","TOLEDO","CEBU","OTHER AGRICULTURAL LANDS","225.00"
"ALL LOTS","BARANGAY ROADS","GEN. CLIMACO","TOLEDO","CEBU","RESIDENTIAL REGULAR","1,000.00"
"ALL LOTS","ALL LOW AREAS","GEN. CLIMACO","TOLEDO","CEBU","COCO LAND","200.00"
"ALL LOTS","INTERIOR LOTS","GEN. CLIMACO","TOLEDO","CEBU","RESIDENTIAL REGULAR","650.00"
"NATIONAL ROAD","ALL COMMERCIAL AREAS","IBO","TOLEDO","CEBU","COMMERCIAL REGULAR","3,750.00"
"NATIONAL ROAD","POBLACION BDRY-CABITOONAN","IBO","TOLEDO","CEBU","RESIDENTIAL REGULAR","2,875.00"
"NATIONAL ROAD","ALL PLAIN AREAS / COCO LANDS","IBO","TOLEDO","CEBU","COCO LAND","500.00"
"REST OF IBO","INTERIOR AREAS","IBO","TOLEDO","CEBU","RESIDENTIAL REGULAR","1,750.00"
"REST OF IBO","FISHPOND","IBO","TOLEDO","CEBU","FISHPOND","3,500.00"
"REST OF IBO","ALONG THE BEACH/SEASHORE","IBO","TOLEDO","CEBU","SEASHORE","3,750.00"
"REST OF IBO","ALL HILLY LANDS","IBO","TOLEDO","CEBU","MOUNTAINOUS / HILLY AREAS","110.00"
"NATIONAL ROAD","SANGI-MAGDUGO","ILIHAN","TOLEDO","CEBU","MOUNTAINOUS / HILLY AREAS","4,500.00"
"NATIONAL ROAD","SANGI-MAGDUGO","ILIHAN","TOLEDO","CEBU","COMMERCIAL REGULAR","4,500.00"
"NATIONAL ROAD","SANGI-CITY HALL","ILIHAN","TOLEDO","CEBU","RESIDENTIAL REGULAR","3,500.00"
"NATIONAL ROAD","CITY HALL-MAGDUGO","ILIHAN","TOLEDO","CEBU","RESIDENTIAL REGULAR","2,250.00"
"INTERIOR LOTS","CITY HALL-MAGDUGO","ILIHAN","TOLEDO","CEBU","RESIDENTIAL REGULAR","1,350.00"
"INTERIOR LOTS","ALL PLAIN AREAS","ILIHAN","TOLEDO","CEBU","COCO LAND","750.00"
"INTERIOR LOTS","ALL HILLY LANDS","ILIHAN","TOLEDO","CEBU","MOUNTAINOUS / HILLY AREAS","200.00"
"ALL LOTS","ALL COMMERCIAL LOTS","LANDAHAN","TOLEDO","CEBU","COMMERCIAL REGULAR","1,500.00"
"ALL LOTS","BARANGAY ROADS","LANDAHAN","TOLEDO","CEBU","RESIDENTIAL REGULAR","750.00"
"ALL LOTS","ALL LOW AREAS","LANDAHAN","TOLEDO","CEBU","COCO LAND","250.00"
"ALL LOTS","INTERIOR LOTS","LANDAHAN","TOLEDO","CEBU","RESIDENTIAL REGULAR","400.00"
"ALL LOTS","BARANGAY ROADS","LUAY","TOLEDO","CEBU","RESIDENTIAL REGULAR","600.00"
"ALL LOTS","ALL LOW AREAS","LUAY","TOLEDO","CEBU","COCO LAND","200.00"
"ALL LOTS","INTERIOR LOTS","LUAY","TOLEDO","CEBU","RESIDENTIAL REGULAR","325.00"
"NATIONAL ROAD","POBLACION BDRY-SANGI","LURAY II","TOLEDO","CEBU","SEASHORE","6,750.00"
"NATIONAL ROAD","POBLACION BDRY-SANGI","LURAY II","TOLEDO","CEBU","COMMERCIAL REGULAR","6,750.00"
"NATIONAL ROAD","POBLACION BDRY-SANGI","LURAY II","TOLEDO","CEBU","RESIDENTIAL REGULAR","5,250.00"
"S. OSMENA SR. ST","POBLACION BDRY-SANGI","LURAY II","TOLEDO","CEBU","RESIDENTIAL REGULAR","4,800.00"
"ALONG TROCIO ST & EXT.","POBLACION BDRY-SANGI","LURAY II","TOLEDO","CEBU","RESIDENTIAL REGULAR","4,000.00"
"ALL OTHER STREETS","INTERIOR LOTS","LURAY II","TOLEDO","CEBU","RESIDENTIAL REGULAR","3,900.00"
"ALL OTHER STREETS","HI-WAY ILIHAN - MEDIA ONCE","MAGDUGO (DON JUAN CLIMACO)","TOLEDO","CEBU","COMMERCIAL REGULAR","4,750.00"
"ALL OTHER STREETS","HI-WAY ILIHAN - MEDIA ONCE","MAGDUGO (DON JUAN CLIMACO)","TOLEDO","CEBU","RESIDENTIAL REGULAR","3,250.00"
"ALL OTHER STREETS","CROSSING HI-WAY  -  GEN. CLIMACO RD","MAGDUGO (DON JUAN CLIMACO)","TOLEDO","CEBU","RESIDENTIAL REGULAR","1,750.00"
"ALL OTHER STREETS","INTERIOR LOTS","MAGDUGO (DON JUAN CLIMACO)","TOLEDO","CEBU","RESIDENTIAL REGULAR","1,400.00"
"ALL OTHER STREETS","ALL PLAIN AREAS","MAGDUGO (DON JUAN CLIMACO)","TOLEDO","CEBU","COCO LAND","450.00"
"ALL OTHER STREETS","ALL HILLY LANDS","MAGDUGO (DON JUAN CLIMACO)","TOLEDO","CEBU","MOUNTAINOUS / HILLY AREAS","150.00"
"NATIONAL ROAD","STO. NINO-CALONGCALONG","MATAB-ANG","TOLEDO","CEBU","RESIDENTIAL REGULAR","2,500.00"
"NATIONAL ROAD","STO. NINO-CALONGCALONG","MATAB-ANG","TOLEDO","CEBU","INDUSTRIAL","2,750.00"
"NATIONAL ROAD","ALL LOW AREAS","MATAB-ANG","TOLEDO","CEBU","CORN LAND","800.00"
"NATIONAL ROAD","INTERIOR LOTS","MATAB-ANG","TOLEDO","CEBU","RESIDENTIAL REGULAR","1,350.00"
"NATIONAL ROAD","ALONG THE BEACH","MATAB-ANG","TOLEDO","CEBU","SEASHORE","2,250.00"
"NATIONAL ROAD","COCO LAND","MATAB-ANG","TOLEDO","CEBU","RESIDENTIAL REGULAR","6,000.00"
"NATIONAL ROAD","COCO LAND","MATAB-ANG","TOLEDO","CEBU","COCO LAND","350.00"
"NATIONAL ROAD","ALL HILLY LANDS","MATAB-ANG","TOLEDO","CEBU","MOUNTAINOUS / HILLY AREAS","150.00"
"OTHER SWUBDIVISION","ALL HILLY LANDS","MATAB-ANG","TOLEDO","CEBU","RESIDENTIAL REGULAR","4,000.00"
"NATIONAL ROAD","ALL COMMERCIAL AREAS","MEDIA ONCE","TOLEDO","CEBU","COMMERCIAL REGULAR","3,500.00"
"NATIONAL ROAD","MAGDUGO (JUAN CLIMACO)-POOG BDRY","MEDIA ONCE","TOLEDO","CEBU","RESIDENTIAL REGULAR","1,750.00"
"NATIONAL ROAD","CORN LAND","MEDIA ONCE","TOLEDO","CEBU","CORN LAND","400.00"
"BUOT SUBD","CORN LAND","MEDIA ONCE","TOLEDO","CEBU","RESIDENTIAL REGULAR","1,150.00"
"SAN JOSE MARIA VILLAGE","","MEDIA ONCE","TOLEDO","CEBU","RESIDENTIAL REGULAR","6,000.00"
"BARANGAY ROADS","REST OF MEDIA ONCE TO BULONGAN & PANDUNGBATO","MEDIA ONCE","TOLEDO","CEBU","RESIDENTIAL REGULAR","1,000.00"
"BARANGAY ROADS","COCO LAND","MEDIA ONCE","TOLEDO","CEBU","COCO LAND","375.00"
"BARANGAY ROADS","HILLY LANDS","MEDIA ONCE","TOLEDO","CEBU","MOUNTAINOUS / HILLY AREAS","200.00"
"ALL LOTS","BARANGAY ROADS","PANGAMIHAN","TOLEDO","CEBU","RESIDENTIAL REGULAR","575.00"
"ALL LOTS","LOW AREAS","PANGAMIHAN","TOLEDO","CEBU","COCO LAND","125.00"
"NATIONAL ROAD","ALL COMMERCIAL LOTS","POOG","TOLEDO","CEBU","COMMERCIAL REGULAR","3,750.00"
"NATIONAL ROAD","ACMDC TOWNSHIP - DAS","POOG","TOLEDO","CEBU","RESIDENTIAL REGULAR","1,850.00"
"NATIONAL ROAD","MEDIA ONCE-ACMDC TOWNSHIP","POOG","TOLEDO","CEBU","RESIDENTIAL REGULAR","5,000.00"
"NATIONAL ROAD","MEDIA ONCE-ACMDC TOWNSHIP","POOG","TOLEDO","CEBU","RESIDENTIAL REGULAR","1,125.00"
"NATIONAL ROAD","CORN LAND","POOG","TOLEDO","CEBU","CORN LAND","800.00"
"NATIONAL ROAD","DAS TO BDRY BUNGA","POOG","TOLEDO","CEBU","RESIDENTIAL REGULAR","1,150.00"
"BLASAB SUBDIVISION","","POOG","TOLEDO","CEBU","RESIDENTIAL REGULAR","5,000.00"
"SAN JOSE MARIA VILLAGE","","POOG","TOLEDO","CEBU","RESIDENTIAL REGULAR","4,500.00"
"GREEN BROOKE SUBDIVISION","","POOG","TOLEDO","CEBU","RESIDENTIAL REGULAR","4,200.00"
"REST OF POOG","INTERIOR LOTS","POOG","TOLEDO","CEBU","RESIDENTIAL REGULAR","875.00"
"REST OF POOG","ALL PLAIN AREAS","POOG","TOLEDO","CEBU","COCO LAND","350.00"
"REST OF POOG","ALL HILLY LANDS","POOG","TOLEDO","CEBU","MOUNTAINOUS / HILLY AREAS","125.00"
"ALL LOTS","BARANGAY ROAD","PUTING BATO","TOLEDO","CEBU","RESIDENTIAL REGULAR","1,000.00"
"ALL LOTS","ALL LOW AREAS","PUTING BATO","TOLEDO","CEBU","COCO LAND","200.00"
"ALL LOTS","INTERIOR LOTS","PUTING BATO","TOLEDO","CEBU","RESIDENTIAL REGULAR","650.00"
"ALONG BARANGAY ROAD","BDRY AWIHAO - BULONGAN, SUBAYON","SAGAY","TOLEDO","CEBU","RESIDENTIAL REGULAR","1,000.00"
"ALONG BARANGAY ROAD","ALL LOW LANDS","SAGAY","TOLEDO","CEBU","COCO LAND","400.00"
"ALONG BARANGAY ROAD","INTERIOR LOTS","SAGAY","TOLEDO","CEBU","RESIDENTIAL REGULAR","650.00"
"ALONG BARANGAY ROAD","ALLL HILLY LANDS","SAGAY","TOLEDO","CEBU","INDUSTRIAL","8,000.00"
"ALONG BARANGAY ROAD","ALLL HILLY LANDS","SAGAY","TOLEDO","CEBU","MOUNTAINOUS / HILLY AREAS","200.00"
"ALL LOTS","MEDIA ONCE-SAM-ANG ROAD (NEW ROAD)","SAM-ANG","TOLEDO","CEBU","RESIDENTIAL REGULAR","1,350.00"
"ALL LOTS","BARANGAY ROADS","SAM-ANG","TOLEDO","CEBU","RESIDENTIAL REGULAR","1,125.00"
"ALL LOTS","ALL LOW AREAS","SAM-ANG","TOLEDO","CEBU","COCO LAND","350.00"
"ALL LOTS","INTERIOR LOTS","SAM-ANG","TOLEDO","CEBU","RESIDENTIAL REGULAR","650.00"
"ALL LOTS","ALL HILLY LANDS","SAM-ANG","TOLEDO","CEBU","MOUNTAINOUS / HILLY AREAS","125.00"
"NATIONAL ROAD","BOUNDARY DUMLOG -LURAY","SANGI","TOLEDO","CEBU","COMMERCIAL REGULAR","8,000.00"
"NATIONAL ROAD","SAPANGDAKU BRIDGE - SANGI CROSSING","SANGI","TOLEDO","CEBU","RESIDENTIAL REGULAR","6,850.00"
"NATIONAL ROAD","SANGI CROSSING - ILIHAN BDRY","SANGI","TOLEDO","CEBU","RESIDENTIAL REGULAR","6,850.00"
"NATIONAL ROAD","SANGI CROSSING - LURAY II","SANGI","TOLEDO","CEBU","RESIDENTIAL REGULAR","6,850.00"
"P. LEBUMFACIL ST","SANGI CROSSING - LURAY II","SANGI","TOLEDO","CEBU","RESIDENTIAL REGULAR","4,000.00"
"S. OSMENA SR. ST","NATIONAL ROAD - LURAY II BDRY","SANGI","TOLEDO","CEBU","RESIDENTIAL REGULAR","5,000.00"
"ALL OTHER STREETS","INTERIOR","SANGI","TOLEDO","CEBU","RESIDENTIAL REGULAR","3,000.00"
"ALL OTHER STREETS","OTHER AGRICULTURAL LANDS","SANGI","TOLEDO","CEBU","OTHER AGRICULTURAL LANDS","700.00"
"NATIONAL ROAD","ALL LOTS","STO. NINO","TOLEDO","CEBU","COMMERCIAL REGULAR","4,000.00"
"NATIONAL ROAD","ALL LOTS","STO. NINO","TOLEDO","CEBU","INDUSTRIAL","3,250.00"
"NATIONAL ROAD","MATAB-ANG - ARPILI BRIDGE","STO. NINO","TOLEDO","CEBU","CORN LAND","4,000.00"
"NATIONAL ROAD","MATAB-ANG - ARPILI BRIDGE","STO. NINO","TOLEDO","CEBU","RESIDENTIAL REGULAR","2,500.00"
"NATIONAL ROAD","LOW AREAS","STO. NINO","TOLEDO","CEBU","COCO LAND","825.00"
"FEEDER ROAD","NATIONAL ROAD -  BEACH","STO. NINO","TOLEDO","CEBU","RESIDENTIAL REGULAR","1,600.00"
"FEEDER ROAD","CORN LAND","STO. NINO","TOLEDO","CEBU","CORN LAND","650.00"
"FEEDER ROAD","SEASHORE","STO. NINO","TOLEDO","CEBU","SEASHORE","3,250.00"
"FEEDER ROAD","ALL HILLY LANDS","STO. NINO","TOLEDO","CEBU","MOUNTAINOUS / HILLY AREAS","150.00"
"FEEDER ROAD","BOUNDARY CABITOONAN-LANDAHAN","SUBAYON","TOLEDO","CEBU","RESIDENTIAL REGULAR","1,000.00"
"FEEDER ROAD","ALL LOW AREAS","SUBAYON","TOLEDO","CEBU","CORN LAND","250.00"
"REST OF SUBAYON","INTERIOR LOTS","SUBAYON","TOLEDO","CEBU","RESIDENTIAL REGULAR","650.00"
"REST OF SUBAYON","ALL HILLY AREAS","SUBAYON","TOLEDO","CEBU","MOUNTAINOUS / HILLY AREAS","125.00"
"NATIONAL ROAD","ALL COMMERCIAL LOTS","TALAVERA","TOLEDO","CEBU","COMMERCIAL REGULAR","4,000.00"
"NATIONAL ROAD","CALONGCALONG BDRY - DUMLOG","TALAVERA","TOLEDO","CEBU","INDUSTRIAL","3,000.00"
"NATIONAL ROAD","CALONGCALONG BDRY TO JUNCTION OF FEEDER RD","TALAVERA","TOLEDO","CEBU","RESIDENTIAL REGULAR","2,500.00"
"NATIONAL ROAD","FEEDER ROAD JUNCTION - DUMLOG BOUNDARY","TALAVERA","TOLEDO","CEBU","RESIDENTIAL REGULAR","1,750.00"
"NATIONAL ROAD","ALL PLAIN AREAS","TALAVERA","TOLEDO","CEBU","CORN LAND","900.00"
"INTERIOR AREAS","INTERIOR","TALAVERA","TOLEDO","CEBU","FOREST LAND/TIMBER LAND","5,000.00"
"INTERIOR AREAS","INTERIOR","TALAVERA","TOLEDO","CEBU","RESIDENTIAL REGULAR","1,500.00"
"INTERIOR AREAS","SEASHORE","TALAVERA","TOLEDO","CEBU","SEASHORE","3,000.00"
"INTERIOR AREAS","ALL HILLY LANDS","TALAVERA","TOLEDO","CEBU","MOUNTAINOUS / HILLY AREAS","200.00"
"NATIONAL ROAD","BRDY POBLACION - IBO AREAS","TUBOD","TOLEDO","CEBU","RESIDENTIAL REGULAR","3,000.00"
"TUBOD-LANDAHAN BDRY","POBLACION BDRY-INT.TUBOD","TUBOD","TOLEDO","CEBU","RESIDENTIAL REGULAR","1,600.00"
"TUBOD-LANDAHAN BDRY","ALL PLAIN AREAS","TUBOD","TOLEDO","CEBU","CORN LAND","350.00"
"IL GRANDE RESIDENCES SUBD.","ALL PLAIN AREAS","TUBOD","TOLEDO","CEBU","RESIDENTIAL REGULAR","5,000.00"
"UNNAMED SUBD.","ALL PLAIN AREAS","TUBOD","TOLEDO","CEBU","RESIDENTIAL REGULAR","3,000.00"
"ALL OTHER LOTS","INTERIOR","TUBOD","TOLEDO","CEBU","RESIDENTIAL REGULAR","1,200.00"
"ALL OTHER LOTS","FISHPOND","TUBOD","TOLEDO","CEBU","FISHPOND","2,000.00"
"ALL OTHER LOTS","SEASHORE","TUBOD","TOLEDO","CEBU","SEASHORE","4,000.00"
"ALL OTHER LOTS","ALL HILLY LANDS","TUBOD","TOLEDO","CEBU","MOUNTAINOUS / HILLY AREAS","125.00"
"ALL LOTS","BARANGAY ROADS","TUNGKAY","TOLEDO","CEBU","RESIDENTIAL REGULAR","700.00"
"ALL LOTS","ALL PLAIN AREAS","TUNGKAY","TOLEDO","CEBU","COCO LAND","125.00"
"ALL LOTS","INTERIOR LOTS","TUNGKAY","TOLEDO","CEBU","RESIDENTIAL REGULAR","400.00"
"ALL LOTS","ALL HILLY LANDS","TUNGKAY","MINGLANILLA","CEBU","INDUSTRIAL","12,875.00"
"BARANGAY/PROV'L RD","","CANDULAWAN","MINGLANILLA","CEBU","RESIDENTIAL REGULAR","3,000.00"
"BARANGAY/PROV'L RD","","CANDULAWAN","MINGLANILLA","CEBU","OTHER AGRICULTURAL LANDS","1,125.00"
"INTERIOR AREA","","CANDULAWAN","MINGLANILLA","CEBU","RESIDENTIAL REGULAR","2,000.00"
"INTERIOR AREA","OTHER AGRICULTURAL LANDS","CANDULAWAN","MINGLANILLA","CEBU","OTHER AGRICULTURAL LANDS","775.00"
"CRESCENT VILLE SUBD.","","CANDULAWAN","MINGLANILLA","CEBU","RESIDENTIAL REGULAR","8,000.00"
"FRANCESCA HIGHLANDS","","CANDULAWAN","MINGLANILLA","CEBU","RESIDENTIAL REGULAR","8,750.00"
"ALL OTHER SUBDIVISIONS","","CANDULAWAN","MINGLANILLA","CEBU","RESIDENTIAL REGULAR","6,875.00"
"NATIONAL HIGHWAY","EXTENDING 100M FROM HIWAY FROM PAKIGNE-","CALAJO-AN","MINGLANILLA","CEBU","COMMERCIAL REGULAR","12,875.00"
"NATIONAL HIGHWAY","CALAJOAN BDRY","CALAJO-AN","MINGLANILLA","CEBU","RESIDENTIAL REGULAR","7,250.00"
"PROVINCIAL/BRGY RD","ALONG BARANGAY","CALAJO-AN","MINGLANILLA","CEBU","COMMERCIAL REGULAR","9,000.00"
"PROVINCIAL/BRGY RD","ALONG BARANGAY","CALAJO-AN","MINGLANILLA","CEBU","RESIDENTIAL REGULAR","5,500.00"
"ALL OTHER SUBDIVISIONS","ALONG BARANGAY","CALAJO-AN","MINGLANILLA","CEBU","RESIDENTIAL REGULAR","6,875.00"
"INTERIOR AREAS","ALONG BARANGAY","CALAJO-AN","MINGLANILLA","CEBU","RESIDENTIAL REGULAR","3,750.00"
"INTERIOR AREAS","OTHER AGRICULTURAL LANDS","CALAJO-AN","MINGLANILLA","CEBU","OTHER AGRICULTURAL LANDS","1,150.00"
"INTERIOR AREAS","OTHER AGRICULTURAL LANDS","CALAJO-AN","MINGLANILLA","CEBU","INDUSTRIAL","10,750.00"
"INTERIOR AREAS","SEASHORE","CALAJO-AN","MINGLANILLA","CEBU","OTHER AGRICULTURAL LANDS","8,500.00"
"INTERIOR AREAS","SEASHORE","CALAJO-AN","MINGLANILLA","CEBU","SEASHORE","7,250.00"
"COCO GROVE VILL","SEASHORE","CALAJO-AN","MINGLANILLA","CEBU","RESIDENTIAL REGULAR","7,000.00"
"HACIENDA SAN AUGUSTIN","SEASHORE","CALAJO-AN","MINGLANILLA","CEBU","RESIDENTIAL REGULAR","7,000.00"
"IDA VILLE","SEASHORE","CALAJO-AN","MINGLANILLA","CEBU","RESIDENTIAL REGULAR","6,500.00"
"LUANA HOMES","SEASHORE","CALAJO-AN","MINGLANILLA","CEBU","RESIDENTIAL REGULAR","8,000.00"
"MIMOSA SUBDIVISION","SEASHORE","CALAJO-AN","MINGLANILLA","CEBU","RESIDENTIAL REGULAR","8,500.00"
"RIVERGATE","SEASHORE","CALAJO-AN","MINGLANILLA","CEBU","RESIDENTIAL REGULAR","6,500.00"
"SOFTOUCH SUBD","SEASHORE","CALAJO-AN","MINGLANILLA","CEBU","RESIDENTIAL REGULAR","7,000.00"
"ZEN RESIDENCES","SEASHORE","CALAJO-AN","MINGLANILLA","CEBU","RESIDENTIAL REGULAR","7,000.00"
"BARANGAY ROAD","","CAMP 7","MINGLANILLA","CEBU","RESIDENTIAL REGULAR","1,500.00"
"BARANGAY ROAD","","CAMP 7","MINGLANILLA","CEBU","OTHER AGRICULTURAL LANDS","250.00"
"INTERIOR AREA","","CAMP 7","MINGLANILLA","CEBU","RESIDENTIAL REGULAR","1,200.00"
"INTERIOR AREA","","CAMP 7","MINGLANILLA","CEBU","OTHER AGRICULTURAL LANDS","170.00"
"INTERIOR AREA","WATERSHED AREAS/ OTHER AGRICULTURAL LANDS","CAMP 7","MINGLANILLA","CEBU","OTHER AGRICULTURAL LANDS","170.00"
"BARANGAY ROAD","WATERSHED AREAS/ OTHER AGRICULTURAL LANDS","CAMP 8","MINGLANILLA","CEBU","RESIDENTIAL REGULAR","1,400.00"
"BARANGAY ROAD","","CAMP 8","MINGLANILLA","CEBU","OTHER AGRICULTURAL LANDS","200.00"
"INTERIOR AREA","","CAMP 8","MINGLANILLA","CEBU","COMMERCIAL REGULAR","20,000.00"
"INTERIOR AREA","","CAMP 8","MINGLANILLA","CEBU","RESIDENTIAL REGULAR","1,350.00"
"INTERIOR AREA","","CAMP 8","MINGLANILLA","CEBU","OTHER AGRICULTURAL LANDS","175.00"
"INTERIOR AREA","WATERSHED AREAS/ OTHER AGRICULTURAL LANDS","CAMP 8","MINGLANILLA","CEBU","OTHER AGRICULTURAL LANDS","175.00"
"BARANGAY ROAD","","CUANOS","MINGLANILLA","CEBU","RESIDENTIAL REGULAR","1,375.00"
"BARANGAY ROAD","","CUANOS","MINGLANILLA","CEBU","OTHER AGRICULTURAL LANDS","400.00"
"BARANGAY ROAD","","CUANOS","MINGLANILLA","CEBU","RESIDENTIAL REGULAR","1,325.00"
"BARANGAY ROAD","OTHER AGRICULTURAL LANDS","CUANOS","MINGLANILLA","CEBU","OTHER AGRICULTURAL LANDS","175.00"
"BARANGAY ROAD","","CUANOS","MINGLANILLA","CEBU","OTHER AGRICULTURAL LANDS","175.00"
"AZIENDA AZALIYAH SUBDIVISION","","CUANOS","MINGLANILLA","CEBU","RESIDENTIAL REGULAR","5,750.00"
"ALL OTHER SUBDIVISIONS","","CUANOS","MINGLANILLA","CEBU","RESIDENTIAL REGULAR","6,500.00"
"BARANGAY ROAD","","GUINDARUHAN","MINGLANILLA","CEBU","RESIDENTIAL REGULAR","4,000.00"
"INTERIOR AREA","","GUINDARUHAN","MINGLANILLA","CEBU","RESIDENTIAL REGULAR","1,325.00"
"INTERIOR AREA","OTHER AGRICULTURAL LANDS","GUINDARUHAN","MINGLANILLA","CEBU","OTHER AGRICULTURAL LANDS","175.00"
"NATIONAL HI-WAY","LINAO-MINGLANILLA & LINAO-TALISAY","LINAO","MINGLANILLA","CEBU","COMMERCIAL REGULAR","20,000.00"
"NATIONAL HI-WAY","TO PAKIGNE-LINAO","LINAO","MINGLANILLA","CEBU","RESIDENTIAL REGULAR","10,000.00"
"NATIONAL HI-WAY","TO PAKIGNE-LINAO","LINAO","MINGLANILLA","CEBU","RESIDENTIAL REGULAR","7,500.00"
"PROV'L/ BRGY ROAD","EXTENDING 100M FROM LINAO","LINAO","MINGLANILLA","CEBU","RESIDENTIAL REGULAR","6,500.00"
"ALL OTHER SUBDIVISIONS","","LINAO","MINGLANILLA","CEBU","RESIDENTIAL REGULAR","7,500.00"
"ALL OTHER SUBDIVISIONS","","LINAO","MINGLANILLA","CEBU","RESIDENTIAL REGULAR","5,000.00"
"ALL OTHER SUBDIVISIONS","OTHER AGRICULTURAL LANDS","LINAO","MINGLANILLA","CEBU","OTHER AGRICULTURAL LANDS","2,000.00"
"ALMAVILLE SUBD","OTHER AGRICULTURAL LANDS","LINAO","MINGLANILLA","CEBU","RESIDENTIAL REGULAR","7,000.00"
"AMOR VILLE (NEW)","OTHER AGRICULTURAL LANDS","LINAO","MINGLANILLA","CEBU","RESIDENTIAL REGULAR","10,000.00"
"BORROMEO ESTATE","OTHER AGRICULTURAL LANDS","LINAO","MINGLANILLA","CEBU","RESIDENTIAL REGULAR","7,000.00"
"CASA MIRA SUBD","OTHER AGRICULTURAL LANDS","LINAO","MINGLANILLA","CEBU","RESIDENTIAL REGULAR","9,000.00"
"COUNTRYSIDE VILLAGE","OTHER AGRICULTURAL LANDS","LINAO","MINGLANILLA","CEBU","RESIDENTIAL REGULAR","7,000.00"
"KINGSWOOD VILLAGE","OTHER AGRICULTURAL LANDS","LINAO","MINGLANILLA","CEBU","RESIDENTIAL REGULAR","7,000.00"
"LA ASHIRA SUBDIVISION","OTHER AGRICULTURAL LANDS","LINAO","MINGLANILLA","CEBU","RESIDENTIAL REGULAR","5,000.00"
"PACIFIC VILLAGE","OTHER AGRICULTURAL LANDS","LINAO","MINGLANILLA","CEBU","RESIDENTIAL REGULAR","7,000.00"
"VILLA ESTRELITA","OTHER AGRICULTURAL LANDS","LINAO","MINGLANILLA","CEBU","RESIDENTIAL REGULAR","7,000.00"
"VILLA EVITA SUBD","OTHER AGRICULTURAL LANDS","LINAO","MINGLANILLA","CEBU","RESIDENTIAL REGULAR","7,000.00"
"BARANGAY ROAD","","MANDU-ANG","MINGLANILLA","CEBU","RESIDENTIAL REGULAR","1,325.00"
"BARANGAY ROAD","","MANDU-ANG","MINGLANILLA","CEBU","RESIDENTIAL REGULAR","20,000.00"
"BARANGAY ROAD","","MANDU-ANG","MINGLANILLA","CEBU","OTHER AGRICULTURAL LANDS","500.00"
"BARANGAY ROAD","","MANDU-ANG","MINGLANILLA","CEBU","OTHER AGRICULTURAL LANDS","400.00"
"BARANGAY ROAD","","MANDU-ANG","MINGLANILLA","CEBU","RESIDENTIAL REGULAR","1,237.50"
"BARANGAY ROAD","","MANDU-ANG","MINGLANILLA","CEBU","OTHER AGRICULTURAL LANDS","200.00"
"NATIONAL HI-WAY","LINAO-PAKIGNE TO PAKIGNE POBLACION BDRY","PAKIGNE","MINGLANILLA","CEBU","COMMERCIAL REGULAR","20,000.00"
"NATIONAL HI-WAY","","PAKIGNE","MINGLANILLA","CEBU","RESIDENTIAL REGULAR","8,000.00"
"PROV'L/ BRGY ROAD","","PAKIGNE","MINGLANILLA","CEBU","RESIDENTIAL REGULAR","7,000.00"
"ALL OTHER  SUBDIVISIONS","","PAKIGNE","MINGLANILLA","CEBU","RESIDENTIAL REGULAR","6,500.00"
"INTERIOR AREA","","PAKIGNE","MINGLANILLA","CEBU","RESIDENTIAL REGULAR","5,000.00"
"INTERIOR AREA","OTHER AGRICULTURAL LANDS","PAKIGNE","MINGLANILLA","CEBU","OTHER AGRICULTURAL LANDS","2,000.00"
"BELMONT VILLAGE","","PAKIGNE","MINGLANILLA","CEBU","RESIDENTIAL REGULAR","6,500.00"
"VILLA PURITA HILLS SUBD. PHASE 2","","PAKIGNE","MINGLANILLA","CEBU","RESIDENTIAL REGULAR","6,500.00"
"EASY ACCESS SUBD. PHASE 2","","PAKIGNE","MINGLANILLA","CEBU","RESIDENTIAL REGULAR","6,500.00"
"SPRING VILLAGE","","PAKIGNE","MINGLANILLA","CEBU","RESIDENTIAL REGULAR","6,500.00"
"GARDEN BLOOM VILLA","","PAKIGNE","MINGLANILLA","CEBU","RESIDENTIAL REGULAR","7,500.00"
"LUCENA HOMES","","PAKIGNE","MINGLANILLA","CEBU","RESIDENTIAL REGULAR","7,500.00"
"MEADOW LAND","","PAKIGNE","MINGLANILLA","CEBU","COMMERCIAL REGULAR","20,000.00"
"MEADOW LAND","","PAKIGNE","MINGLANILLA","CEBU","RESIDENTIAL REGULAR","6,500.00"
"STO. NIÑO RIVERVIEW","","PAKIGNE","MINGLANILLA","CEBU","RESIDENTIAL REGULAR","6,500.00"
"VEL-PAL ESTATE","","PAKIGNE","MINGLANILLA","CEBU","RESIDENTIAL REGULAR","6,500.00"
"VILLA PURITA HILLS REISIDENCES","","PAKIGNE","MINGLANILLA","CEBU","RESIDENTIAL REGULAR","6,500.00"
"NATIONAL HIGHWAY","VILLORDON- CABALLERO 50M","POBLACION (WARD I,II,III & IV)","MINGLANILLA","CEBU","COMMERCIAL REGULAR","20,000.00"
"NATIONAL HIGHWAY","TULAY TUNGHAAN- VILLORDON","POBLACION (WARD I,II,III & IV)","MINGLANILLA","CEBU","RESIDENTIAL REGULAR","12,000.00"
"NATIONAL HIGHWAY","CABALLERO-POBLACION & CALAJOAN","POBLACION (WARD I,II,III & IV)","MINGLANILLA","CEBU","RESIDENTIAL REGULAR","9,000.00"
"C. CABALLERO ST","CABALLERO-POBLACION & CALAJOAN","POBLACION (WARD I,II,III & IV)","MINGLANILLA","CEBU","COMMERCIAL REGULAR","11,000.00"
"GIMINEZ ST","CABALLERO-POBLACION & CALAJOAN","POBLACION (WARD I,II,III & IV)","MINGLANILLA","CEBU","COMMERCIAL REGULAR","11,000.00"
"L. CANA ST & EXT","CABALLERO-POBLACION & CALAJOAN","POBLACION (WARD I,II,III & IV)","MINGLANILLA","CEBU","COMMERCIAL REGULAR","11,000.00"
"P CANONEO ST","CABALLERO-POBLACION & CALAJOAN","POBLACION (WARD I,II,III & IV)","MINGLANILLA","CEBU","COMMERCIAL REGULAR","11,000.00"
"P DIAZ ST","CABALLERO-POBLACION & CALAJOAN","POBLACION (WARD I,II,III & IV)","MINGLANILLA","CEBU","COMMERCIAL REGULAR","9,500.00"
"P VILLORDON","CABALLERO-POBLACION & CALAJOAN","POBLACION (WARD I,II,III & IV)","MINGLANILLA","CEBU","COMMERCIAL REGULAR","9,500.00"
"RM VILLORDON","CABALLERO-POBLACION & CALAJOAN","POBLACION (WARD I,II,III & IV)","MINGLANILLA","CEBU","COMMERCIAL REGULAR","9,500.00"
"R OSMENA, SR. ST","CABALLERO-POBLACION & CALAJOAN","POBLACION (WARD I,II,III & IV)","MINGLANILLA","CEBU","COMMERCIAL REGULAR","9,500.00"
"TELO COMMERCIAL & RESIDENTIAL COMMUNITIES","CABALLERO-POBLACION & CALAJOAN","POBLACION (WARD I,II,III & IV)","MINGLANILLA","CEBU","COMMERCIAL REGULAR","12,000.00"
"TELO COMMERCIAL & RESIDENTIAL COMMUNITIES","CABALLERO-POBLACION & CALAJOAN","POBLACION (WARD I,II,III & IV)","MINGLANILLA","CEBU","RESIDENTIAL REGULAR","12,000.00"
"TELO COMMERCIAL & RESIDENTIAL COMMUNITIES","CABALLERO-POBLACION & CALAJOAN","POBLACION (WARD I,II,III & IV)","MINGLANILLA","CEBU","RESIDENTIAL REGULAR","10,000.00"
"TRES DE MAYO ST","CABALLERO-POBLACION & CALAJOAN","POBLACION (WARD I,II,III & IV)","MINGLANILLA","CEBU","COMMERCIAL REGULAR","11,000.00"
"18 DE JUNIO ST.","CABALLERO-POBLACION & CALAJOAN","POBLACION (WARD I,II,III & IV)","MINGLANILLA","CEBU","COMMERCIAL REGULAR","11,000.00"
"SIERRA POINT SUBD","","POBLACION (WARD I,II,III & IV)","MINGLANILLA","CEBU","RESIDENTIAL REGULAR","12,000.00"
"ST. LEADING TO CEMETERY","","POBLACION (WARD I,II,III & IV)","MINGLANILLA","CEBU","COMMERCIAL REGULAR","9,500.00"
"TRES DE MAYO","ALONG CREEK","POBLACION (WARD I,II,III & IV)","MINGLANILLA","CEBU","RESIDENTIAL REGULAR","8,750.00"
"GRACELAND IV","ALONG CREEK","POBLACION (WARD I,II,III & IV)","MINGLANILLA","CEBU","RESIDENTIAL REGULAR","6,625.00"
"ALL OTHER SUBDIVISIONS","ALONG CREEK","POBLACION (WARD I,II,III & IV)","MINGLANILLA","CEBU","RESIDENTIAL REGULAR","6,875.00"
"PROV'L ROAD","ALONG PROVINCIAL ROAD","TUBOD","MINGLANILLA","CEBU","COMMERCIAL REGULAR","8,000.00"
"PROV'L ROAD","PAKIGNE-TABUD BRIDGE","TUBOD","MINGLANILLA","CEBU","RESIDENTIAL REGULAR","6,500.00"
"BRGY RD","PAKIGNE-TABUD BRIDGE","TUBOD","MINGLANILLA","CEBU","RESIDENTIAL REGULAR","6,125.00"
"INTERIOR AREA","PAKIGNE-TABUD BRIDGE","TUBOD","MINGLANILLA","CEBU","RESIDENTIAL REGULAR","3,875.00"
"INTERIOR AREA","COCO LAND","TUBOD","MINGLANILLA","CEBU","COCO LAND","1,525.00"
"INTERIOR AREA","OTHER AGRICULTURAL LANDS","TUBOD","MINGLANILLA","CEBU","OTHER AGRICULTURAL LANDS","775.00"
"CEBU SOUTH PLAINS SUBDIVISION","OTHER AGRICULTURAL LANDS","TUBOD","MINGLANILLA","CEBU","RESIDENTIAL REGULAR","5,000.00"
"CLUB 30 HEIGHTS SUBD.","OTHER AGRICULTURAL LANDS","TUBOD","MINGLANILLA","CEBU","RESIDENTIAL REGULAR","6,500.00"
"MINGLANILLA HIGHLAND PHASE 2","OTHER AGRICULTURAL LANDS","TUBOD","MINGLANILLA","CEBU","RESIDENTIAL REGULAR","20,000.00"
"MINGLANILLA HIGHLAND PHASE 2","OTHER AGRICULTURAL LANDS","TUBOD","MINGLANILLA","CEBU","RESIDENTIAL REGULAR","15,000.00"
"PENN DAVE MANOR SUBDIVISION","OTHER AGRICULTURAL LANDS","TUBOD","MINGLANILLA","CEBU","RESIDENTIAL REGULAR","5,500.00"
"SOUTHERN HILLS","OTHER AGRICULTURAL LANDS","TUBOD","MINGLANILLA","CEBU","RESIDENTIAL REGULAR","7,000.00"
"ALL OTHER SUBDIVISIONS","OTHER AGRICULTURAL LANDS","TUBOD","MINGLANILLA","CEBU","RESIDENTIAL REGULAR","6,500.00"
"NATIONAL HIGHWAY","","TULAY","MINGLANILLA","CEBU","COMMERCIAL REGULAR","20,000.00"
"NATIONAL HIGHWAY","","TULAY","MINGLANILLA","CEBU","RESIDENTIAL REGULAR","10,000.00"
"PROVINCIAL. BARANGAY ROAD","","TULAY","MINGLANILLA","CEBU","COMMERCIAL REGULAR","15,000.00"
"PROVINCIAL. BARANGAY ROAD","","TULAY","MINGLANILLA","CEBU","RESIDENTIAL REGULAR","6,000.00"
"ALL OTHER SUBDIVISIONS","","TULAY","MINGLANILLA","CEBU","RESIDENTIAL REGULAR","6,000.00"
"INTERIOR AREAS","","TULAY","MINGLANILLA","CEBU","RESIDENTIAL REGULAR","5,000.00"
"INTERIOR AREAS","OTHER AGRICULTURAL LANDS","TULAY","MINGLANILLA","CEBU","OTHER AGRICULTURAL LANDS","2,000.00"
"INTERIOR AREAS","SEASHORE","TULAY","MINGLANILLA","CEBU","SEASHORE","9,500.00"
"INDUSTRIAL","SEASHORE","TULAY","MINGLANILLA","CEBU","INDUSTRIAL","17,500.00"
"CLS PROPERTIES INC","SEASHORE","TULAY","MINGLANILLA","CEBU","RESIDENTIAL REGULAR","10,500.00"
"FORTE D VERSAILES PHASE III","SEASHORE","TULAY","MINGLANILLA","CEBU","RESIDENTIAL REGULAR","15,000.00"
"SPRINGWOOD COUNTRY","SEASHORE","TULAY","MINGLANILLA","CEBU","RESIDENTIAL REGULAR","12,000.00"
"SOUTH RIDGE RESIDENCES","SEASHORE","TULAY","MINGLANILLA","CEBU","RESIDENTIAL REGULAR","20,000.00"
"SOUTH RIDGE RESIDENCES","SEASHORE","TULAY","MINGLANILLA","CEBU","RESIDENTIAL REGULAR","12,000.00"
"NATIONAL HIGHWAY","","TUNGHA-AN","MINGLANILLA","CEBU","COMMERCIAL REGULAR","20,000.00"
"NATIONAL HIGHWAY","","TUNGHA-AN","MINGLANILLA","CEBU","RESIDENTIAL REGULAR","8,750.00"
"PROVINCIAL/ BARANGAY ROAD","","TUNGHA-AN","MINGLANILLA","CEBU","COMMERCIAL REGULAR","8,000.00"
"PROVINCIAL/ BARANGAY ROAD","","TUNGHA-AN","MINGLANILLA","CEBU","RESIDENTIAL REGULAR","6,500.00"
"ALL OTHER SUBDIVISIONS","","TUNGHA-AN","MINGLANILLA","CEBU","RESIDENTIAL REGULAR","6,125.00"
"INTERIOR AREAS","","TUNGHA-AN","MINGLANILLA","CEBU","RESIDENTIAL REGULAR","5,000.00"
"INTERIOR AREAS","OTHER AGRICULTURAL LANDS","TUNGHA-AN","MINGLANILLA","CEBU","OTHER AGRICULTURAL LANDS","1,525.00"
"6K SUGBO VILL","OTHER AGRICULTURAL LANDS","TUNGHA-AN","MINGLANILLA","CEBU","RESIDENTIAL REGULAR","6,500.00"
"AMALAYAN DOS RESIDENCES","OTHER AGRICULTURAL LANDS","TUNGHA-AN","MINGLANILLA","CEBU","RESIDENTIAL REGULAR","9,000.00"
"BELAGIO 1, 2","OTHER AGRICULTURAL LANDS","TUNGHA-AN","MINGLANILLA","CEBU","RESIDENTIAL REGULAR","8,500.00"
"CARMENVILLE SUBD","OTHER AGRICULTURAL LANDS","TUNGHA-AN","MINGLANILLA","CEBU","RESIDENTIAL REGULAR","7,000.00"
"CFI SUBD","OTHER AGRICULTURAL LANDS","TUNGHA-AN","MINGLANILLA","CEBU","RESIDENTIAL REGULAR","7,000.00"
"CITY HOMES SUBD","OTHER AGRICULTURAL LANDS","TUNGHA-AN","MINGLANILLA","CEBU","RESIDENTIAL REGULAR","12,000.00"
"DECA HOMES","OTHER AGRICULTURAL LANDS","TUNGHA-AN","MINGLANILLA","CEBU","RESIDENTIAL REGULAR","7,000.00"
"EAGLES PEAK SUBD","OTHER AGRICULTURAL LANDS","TUNGHA-AN","MINGLANILLA","CEBU","RESIDENTIAL REGULAR","7,000.00"
"KAMALAYA DOS RESIDENCES","OTHER AGRICULTURAL LANDS","TUNGHA-AN","MINGLANILLA","CEBU","PASTURE LAND","90,000.00"
"KAMALAYA DOS RESIDENCES","OTHER AGRICULTURAL LANDS","TUNGHA-AN","MINGLANILLA","CEBU","RESIDENTIAL REGULAR","12,000.00"
"KAMALAYA TERRACES","OTHER AGRICULTURAL LANDS","TUNGHA-AN","MINGLANILLA","CEBU","RESIDENTIAL REGULAR","9,400.00"
"KASCIA HOMES","OTHER AGRICULTURAL LANDS","TUNGHA-AN","MINGLANILLA","CEBU","RESIDENTIAL REGULAR","6,500.00"
"MODENA SUBD","OTHER AGRICULTURAL LANDS","TUNGHA-AN","MINGLANILLA","CEBU","RESIDENTIAL REGULAR","8,000.00"
"MODENA TOWN SQUARE CONDOMINIUM","OTHER AGRICULTURAL LANDS","TUNGHA-AN","MINGLANILLA","CEBU","COMMERCIAL CONDOMINIUM","90,000.00"
"MODENA TOWN SQUARE CONDOMINIUM","OTHER AGRICULTURAL LANDS","TUNGHA-AN","MINGLANILLA","CEBU","RESIDENTIAL CONDOMINIUM","70,000.00"
"SAN JOSE MARIA VILL","OTHER AGRICULTURAL LANDS","TUNGHA-AN","MINGLANILLA","CEBU","RESIDENTIAL REGULAR","11,000.00"
"ST. JOSEPH VILL","OTHER AGRICULTURAL LANDS","TUNGHA-AN","MINGLANILLA","CEBU","RESIDENTIAL REGULAR","7,000.00"
"ST. PETER VILL","OTHER AGRICULTURAL LANDS","TUNGHA-AN","MINGLANILLA","CEBU","RESIDENTIAL REGULAR","7,000.00"
"RICKSVILLE HEIGHT","OTHER AGRICULTURAL LANDS","TUNGHA-AN","MINGLANILLA","CEBU","RESIDENTIAL REGULAR","9,000.00"
"VELMIRO HEIGHTS","OTHER AGRICULTURAL LANDS","TUNGHA-AN","MINGLANILLA","CEBU","RESIDENTIAL REGULAR","11,500.00"
"BARANGAY ROAD","","TUNGKIL","MINGLANILLA","CEBU","COMMERCIAL REGULAR","8,000.00"
"BARANGAY ROAD","","TUNGKIL","MINGLANILLA","CEBU","RESIDENTIAL REGULAR","6,500.00"
"ALL OTHER SUBDIVISIONS","","TUNGKIL","MINGLANILLA","CEBU","RESIDENTIAL REGULAR","6,500.00"
"INTERIOR AREA","","TUNGKIL","MINGLANILLA","CEBU","RESIDENTIAL REGULAR","5,000.00"
"INTERIOR AREA","PASTURE LAND","TUNGKIL","MINGLANILLA","CEBU","PASTURE LAND","2,000.00"
"INTERIOR AREA","OTHER AGRICULTURAL LANDS","TUNGKIL","MINGLANILLA","CEBU","INDUSTRIAL","20,000.00"
"INTERIOR AREA","OTHER AGRICULTURAL LANDS","TUNGKIL","MINGLANILLA","CEBU","OTHER AGRICULTURAL LANDS","1,800.00"
"INTERIOR AREA","SEASHORE","TUNGKIL","MINGLANILLA","CEBU","SEASHORE","8,000.00"
"INDUSTRIAL","SEASHORE","TUNGKIL","MINGLANILLA","CEBU","INDUSTRIAL","16,000.00"
"AGUSTINA VILLAGE","SEASHORE","TUNGKIL","MINGLANILLA","CEBU","RESIDENTIAL REGULAR","7,000.00"
"ANAMI HOMES SOUTHWINDS","SEASHORE","TUNGKIL","MINGLANILLA","CEBU","RESIDENTIAL REGULAR","7,000.00"
"DECA HOMES","SEASHORE","TUNGKIL","MINGLANILLA","CEBU","RESIDENTIAL REGULAR","7,000.00"
"HABITAT FOR HUMANITY","SEASHORE","TUNGKIL","MINGLANILLA","CEBU","RESIDENTIAL REGULAR","5,000.00"
"MINGLANILLA HOMES","SEASHORE","TUNGKIL","MINGLANILLA","CEBU","RESIDENTIAL REGULAR","7,000.00"
"RIVER BREEZE BUDGET HOMES","SEASHORE","TUNGKIL","MINGLANILLA","CEBU","RESIDENTIAL REGULAR","7,000.00"
"VILLA CELINA I, II, III","SEASHORE","TUNGKIL","MINGLANILLA","CEBU","RESIDENTIAL REGULAR","7,000.00"
"VILLA FELIZA","SEASHORE","TUNGKIL","MINGLANILLA","CEBU","RESIDENTIAL REGULAR","7,000.00"
"NATIONAL HI-WAY","","TUNGKOP","MINGLANILLA","CEBU","COMMERCIAL REGULAR","20,000.00"
"NATIONAL HI-WAY","","TUNGKOP","MINGLANILLA","CEBU","RESIDENTIAL REGULAR","10,000.00"
"PROV'L/ BRGY ROAD","","TUNGKOP","MINGLANILLA","CEBU","COMMERCIAL REGULAR","16,000.00"
"PROV'L/ BRGY ROAD","","TUNGKOP","MINGLANILLA","CEBU","RESIDENTIAL REGULAR","7,000.00"
"PROV'L/ BRGY ROAD","","TUNGKOP","MINGLANILLA","CEBU","INDUSTRIAL","16,000.00"
"ALL OTHER SUBDIVISIONS","","TUNGKOP","MINGLANILLA","CEBU","OTHER AGRICULTURAL LANDS","12,000.00"
"ALL OTHER SUBDIVISIONS","","TUNGKOP","MINGLANILLA","CEBU","RESIDENTIAL REGULAR","7,000.00"
"INTERIOR AREAS","","TUNGKOP","MINGLANILLA","CEBU","RESIDENTIAL REGULAR","5,000.00"
"INTERIOR AREAS","PASTURE LAND","TUNGKOP","MINGLANILLA","CEBU","PASTURE LAND","2,000.00"
"INTERIOR AREAS","OTHER AGRICULTURAL LAND","TUNGKOP","MINGLANILLA","CEBU","OTHER AGRICULTURAL LANDS","1,800.00"
"INTERIOR AREAS","SEASHORE","TUNGKOP","MINGLANILLA","CEBU","SEASHORE","10,000.00"
"CASCIA HOMES PROJ","SEASHORE","TUNGKOP","MINGLANILLA","CEBU","RESIDENTIAL REGULAR","7,000.00"
"CORAL BAY SUBD","SEASHORE","TUNGKOP","MINGLANILLA","CEBU","RESIDENTIAL REGULAR","12,000.00"
"LA BIENVENIDA EXT.","SEASHORE","TUNGKOP","MINGLANILLA","CEBU","RESIDENTIAL REGULAR","7,000.00"
"MAZARI COVE","SEASHORE","TUNGKOP","MINGLANILLA","CEBU","RESIDENTIAL REGULAR","12,000.00"
"MIDORI PLAINS","SEASHORE","TUNGKOP","MINGLANILLA","CEBU","RESIDENTIAL REGULAR","12,000.00"
"PRIMITIVA CMPD","SEASHORE","TUNGKOP","MINGLANILLA","CEBU","RESIDENTIAL REGULAR","7,000.00"
"SOUTH CITY HOMES","SEASHORE","TUNGKOP","MINGLANILLA","CEBU","RESIDENTIAL REGULAR","12,000.00"
"BARANGAY ROAD/ PROV'L RD","","VITO","MINGLANILLA","CEBU","RESIDENTIAL REGULAR","6,000.00"
"ALL OTHER SUBDIVISION","","VITO","MINGLANILLA","CEBU","RESIDENTIAL REGULAR","7,000.00"
"INTERIOR AREA","","VITO","MINGLANILLA","CEBU","RESIDENTIAL REGULAR","3,250.00"
"INTERIOR AREA","OTHER AGRICULTURAL LANDS","VITO","MINGLANILLA","CEBU","OTHER AGRICULTURAL LANDS","1,200.00"
"EL MONTE CARLO SUBD","OTHER AGRICULTURAL LANDS","VITO","SAN FERNANDO","CEBU","RESIDENTIAL REGULAR","12,000.00"
"VALLE DE VITO SUBD","OTHER AGRICULTURAL LANDS","VITO","MINGLANILLA","CEBU","RESIDENTIAL REGULAR","8,000.00"
"VICTORIA HEIGHTS SUBD","OTHER AGRICULTURAL LANDS","VITO","MINGLANILLA","CEBU","RESIDENTIAL REGULAR","8,000.00"
"NAT'L ROAD/ PROVINCIAL RD","BDRY -1ST STREET","NORTH POBLACION","SAN FERNANDO","CEBU","COMMERCIAL REGULAR","9,000.00"
"NAT'L ROAD/ PROVINCIAL RD","3RD STREET-1ST STREET","NORTH POBLACION","SAN FERNANDO","CEBU","RESIDENTIAL REGULAR","7,000.00"
"NAT'L ROAD/ PROVINCIAL RD","INTERIOR AREAS","NORTH POBLACION","SAN FERNANDO","CEBU","RESIDENTIAL REGULAR","6,600.00"
"NAT'L ROAD/ PROVINCIAL RD","OTHER AGRICULTURAL LANDS","NORTH POBLACION","SAN FERNANDO","CEBU","OTHER AGRICULTURAL LANDS","4,000.00"
"MUNICIPAL ARC ROAD","BDRY-INTERSECTION 2ND AND 3RD","NORTH POBLACION","SAN FERNANDO","CEBU","RESIDENTIAL REGULAR","6,600.00"
"MUNICIPAL ARC ROAD","INTERIOR AREAS","NORTH POBLACION","SAN FERNANDO","CEBU","RESIDENTIAL REGULAR","5,500.00"
"MUNICIPAL ARC ROAD","OTHER AGRICULTURAL LANDS","NORTH POBLACION","SAN FERNANDO","CEBU","OTHER AGRICULTURAL LANDS","3,000.00"
"MUNICIPAL ARC ROAD","BDRY-PROV'L RD","NORTH POBLACION","SAN FERNANDO","CEBU","COMMERCIAL REGULAR","7,500.00"
"3RD STREET","NATIONAL ROAD-SHORELINE","NORTH POBLACION","SAN FERNANDO","CEBU","RESIDENTIAL REGULAR","7,400.00"
"3RD STREET","NATIONAL ROAD-2ND & ARC RD","NORTH POBLACION","SAN FERNANDO","CEBU","RESIDENTIAL REGULAR","7,200.00"
"3RD STREET","SEASHORE","NORTH POBLACION","SAN FERNANDO","CEBU","SEASHORE","7,000.00"
"BARANGAY ROAD","SEASHORE","NORTH POBLACION","SAN FERNANDO","CEBU","RESIDENTIAL REGULAR","6,000.00"
"4TH STREET & 6TH STREET","BDRY- 1ST STREET","NORTH POBLACION","SAN FERNANDO","CEBU","RESIDENTIAL REGULAR","6,000.00"
"4TH STREET & 6TH STREET","PAULO LUNA RESORT","NORTH POBLACION","SAN FERNANDO","CEBU","RESIDENTIAL REGULAR","12,000.00"
"4TH STREET & 6TH STREET","PAULO LUNA RESORT","NORTH POBLACION","SAN FERNANDO","CEBU","RESORT","8,000.00"
"PROVINCIAL ROAD","NAT'L ROAD- 2ND STREET","NORTH POBLACION","SAN FERNANDO","CEBU","RESIDENTIAL REGULAR","7,250.00"
"PROVINCIAL ROAD","2ND STREET -TAÑAÑAS BDRY","NORTH POBLACION","SAN FERNANDO","CEBU","RESIDENTIAL REGULAR","7,250.00"
"SITIO CAPANGIAN","INTERIOR PORT-TINUBDAN BDRY","NORTH POBLACION","SAN FERNANDO","CEBU","RESIDENTIAL REGULAR","4,800.00"
"SITIO CAPANGIAN","OTHER AGRICULTURAL LANDS","NORTH POBLACION","SAN FERNANDO","CEBU","OTHER AGRICULTURAL LANDS","2,000.00"
"INTERIOR AREAS","OTHER AGRICULTURAL LANDS","NORTH POBLACION","SAN FERNANDO","CEBU","RESIDENTIAL REGULAR","3,600.00"
"INTERIOR AREAS","OTHER AGRICULTURAL LANDS","NORTH POBLACION","SAN FERNANDO","CEBU","OTHER AGRICULTURAL LANDS","1,000.00"
"ALL  SUBDS.","OTHER AGRICULTURAL LANDS","NORTH POBLACION","SAN FERNANDO","CEBU","RESIDENTIAL REGULAR","8,000.00"
"NATIONAL RD/ PROV'L RD","BOUNDARY TO 1ST STREET","SOUTH POBLACION","SAN FERNANDO","CEBU","COMMERCIAL REGULAR","10,000.00"
"NATIONAL RD/ PROV'L RD","(INCLUDING PORT AREA)","SOUTH POBLACION","SAN FERNANDO","CEBU","INDUSTRIAL","12,000.00"
"NATIONAL RD/ PROV'L RD","(INCLUDING PORT AREA)","SOUTH POBLACION","SAN FERNANDO","CEBU","RESIDENTIAL REGULAR","9,000.00"
"NATIONAL RD/ PROV'L RD","INTERIOR AREAS","SOUTH POBLACION","SAN FERNANDO","CEBU","RESIDENTIAL REGULAR","7,000.00"
"MUNICIPAL ROAD","1ST STREET TO 2ND STREET","SOUTH POBLACION","SAN FERNANDO","CEBU","RESIDENTIAL REGULAR","7,200.00"
"MUNICIPAL ROAD","2ND STREET TO 3RD STREET","SOUTH POBLACION","SAN FERNANDO","CEBU","RESIDENTIAL REGULAR","6,400.00"
"13TH STREET","NEAR PUBLIC MARKET SOUTH","SOUTH POBLACION","SAN FERNANDO","CEBU","COMMERCIAL REGULAR","8,400.00"
"13TH STREET","SHORELINE","SOUTH POBLACION","SAN FERNANDO","CEBU","RESIDENTIAL REGULAR","6,400.00"
"13TH STREET","SEASHORE","SOUTH POBLACION","SAN FERNANDO","CEBU","SEASHORE","12,000.00"
"13TH STREET","SEASHORE","SOUTH POBLACION","SAN FERNANDO","CEBU","SEASHORE","7,000.00"
"13TH STREET","RESORT","SOUTH POBLACION","SAN FERNANDO","CEBU","RESORT","8,000.00"
"SANGI PROV'L RD","NAT'L RD- TINUBDAN BDRY","SOUTH POBLACION","SAN FERNANDO","CEBU","RESIDENTIAL REGULAR","5,000.00"
"1ST STREET","MUN ARC RD- TINUBDAN BDRY","SOUTH POBLACION","SAN FERNANDO","CEBU","RESIDENTIAL REGULAR","5,000.00"
"BRGY RD","MUN ARC RD- TINUBDAN BDRY","SOUTH POBLACION","SAN FERNANDO","CEBU","RESIDENTIAL REGULAR","6,000.00"
"BRGY RD","OTHER AGRICULTURAL LANDS","SOUTH POBLACION","SAN FERNANDO","CEBU","OTHER AGRICULTURAL LANDS","2,000.00"
"BRGY RD","INTERIOR AREAS","SOUTH POBLACION","SAN FERNANDO","CEBU","RESIDENTIAL REGULAR","3,600.00"
"BRGY RD","OTHER AGRICULTURAL LANDS","SOUTH POBLACION","SAN FERNANDO","CEBU","OTHER AGRICULTURAL LANDS","1,000.00"
"VILLAGIO DE DULCE VISTA SUBD.","OTHER AGRICULTURAL LANDS","SOUTH POBLACION","SAN FERNANDO","CEBU","RESIDENTIAL REGULAR","12,000.00"
"ALL OTHER SUBD.","OTHER AGRICULTURAL LANDS","SOUTH POBLACION","SAN FERNANDO","CEBU","RESIDENTIAL REGULAR","8,000.00"
"ALONG NAT'L RD","SANGAT - PANADTARAN BDRY","BALUD","SAN FERNANDO","CEBU","COMMERCIAL REGULAR","10,000.00"
"ALONG NAT'L RD","INDUSTRIAL","BALUD","SAN FERNANDO","CEBU","INDUSTRIAL","10,000.00"
"ALONG NAT'L RD","INDUSTRIAL","BALUD","SAN FERNANDO","CEBU","RESIDENTIAL REGULAR","5,000.00"
"ALONG NAT'L RD","INTERIOR","BALUD","SAN FERNANDO","CEBU","RESIDENTIAL REGULAR","4,600.00"
"ALONG NAT'L RD","COCO LAND","BALUD","SAN FERNANDO","CEBU","COCO LAND","3,000.00"
"ALONG NAT'L RD","SEASHORE","BALUD","SAN FERNANDO","CEBU","SEASHORE","4,500.00"
"ALONG NAT'L RD","50M INT LANTAWAN BDRY","BALUD","SAN FERNANDO","CEBU","PASTURE LAND","8,000.00"
"ALONG NAT'L RD","50M INT LANTAWAN BDRY","BALUD","SAN FERNANDO","CEBU","COCO LAND","2,000.00"
"ALONG NAT'L RD","50M INT LANTAWAN BDRY","BALUD","SAN FERNANDO","CEBU","RESIDENTIAL REGULAR","4,750.00"
"BRGY ROAD","50 METERS INWARD","BALUD","SAN FERNANDO","CEBU","COMMERCIAL REGULAR","8,000.00"
"BRGY ROAD","50 METERS INWARD","BALUD","SAN FERNANDO","CEBU","RESIDENTIAL REGULAR","4,600.00"
"BRGY ROAD","OTHER AGRICULTURAL LANDS","BALUD","SAN FERNANDO","CEBU","OTHER AGRICULTURAL LANDS","500.00"
"INTERIOR AREAS","OTHER AGRICULTURAL LANDS","BALUD","SAN FERNANDO","CEBU","RESIDENTIAL REGULAR","2,500.00"
"INTERIOR AREAS","HILLY/MOUTAINOUS","BALUD","SAN FERNANDO","CEBU","MOUNTAINOUS / HILLY AREAS","300.00"
"INTERIOR AREAS","OTHER AGRICULTURAL LANDS","BALUD","SAN FERNANDO","CEBU","OTHER AGRICULTURAL LANDS","200.00"
"ALL LOTS","BARANGAY ROAD","BALUNGAG","SAN FERNANDO","CEBU","RESIDENTIAL REGULAR","1,000.00"
"ALL LOTS","COCO LAND","BALUNGAG","SAN FERNANDO","CEBU","COCO LAND","800.00"
"ALL LOTS","CORN LAND","BALUNGAG","SAN FERNANDO","CEBU","CORN LAND","800.00"
"ALL LOTS","PASTURE LAND","BALUNGAG","SAN FERNANDO","CEBU","PASTURE LAND","600.00"
"ALL LOTS","OTHER AGRICULTURAL LANDS","BALUNGAG","SAN FERNANDO","CEBU","OTHER AGRICULTURAL LANDS","400.00"
"ALL LOTS","INTERIOR AREA","BALUNGAG","SAN FERNANDO","CEBU","RESIDENTIAL REGULAR","900.00"
"ALL AREAS","HILLY","BALUNGAG","SAN FERNANDO","CEBU","MOUNTAINOUS / HILLY AREAS","160.00"
"ALL AREAS","PASTURE LAND","BALUNGAG","SAN FERNANDO","CEBU","PASTURE LAND","300.00"
"ALL AREAS","COCO LAND","BALUNGAG","SAN FERNANDO","CEBU","SANDY/STONY","2,000.00"
"ALL AREAS","COCO LAND","BALUNGAG","SAN FERNANDO","CEBU","COCO LAND","700.00"
"ALL AREAS","SANDY/ STONY","BALUNGAG","SAN FERNANDO","CEBU","SANDY/STONY","200.00"
"ALL AREAS","CORN LAND","BALUNGAG","SAN FERNANDO","CEBU","CORN LAND","600.00"
"ALL AREAS","MINERAL LAND","BALUNGAG","SAN FERNANDO","CEBU","MINERAL LAND","1,100.00"
"ALL LOTS","BRGY ROAD","BASAK","SAN FERNANDO","CEBU","RESIDENTIAL REGULAR","2,000.00"
"ALL LOTS","COCO LAND","BASAK","SAN FERNANDO","CEBU","COCO LAND","800.00"
"ALL LOTS","CORN LAND","BASAK","SAN FERNANDO","CEBU","CORN LAND","800.00"
"ALL LOTS","PASTURE LAND","BASAK","SAN FERNANDO","CEBU","PASTURE LAND","600.00"
"ALL LOTS","OTHER AGRICULTURAL LANDS","BASAK","SAN FERNANDO","CEBU","OTHER AGRICULTURAL LANDS","160.00"
"LOWLANDS BASAK CENTER","INTERIOR AREA","BASAK","SAN FERNANDO","CEBU","RESIDENTIAL REGULAR","1,500.00"
"LOWLANDS BASAK CENTER","COCO LAND","BASAK","SAN FERNANDO","CEBU","COCO LAND","600.00"
"LOWLANDS BASAK CENTER","CORN LAND","BASAK","SAN FERNANDO","CEBU","CORN LAND","600.00"
"LOWLANDS BASAK CENTER","PASTURE LAND","BASAK","SAN FERNANDO","CEBU","PASTURE LAND","400.00"
"LOWLANDS BASAK CENTER","HILLY","BASAK","SAN FERNANDO","CEBU","MOUNTAINOUS / HILLY AREAS","300.00"
"LOWLANDS BASAK CENTER","SANDY / STONY","BASAK","SAN FERNANDO","CEBU","SANDY/STONY","240.00"
"LOWLANDS BASAK CENTER","OTHER AGRICULTURAL LANDS","BASAK","SAN FERNANDO","CEBU","INDUSTRIAL","2,000.00"
"ALL LOTS","BRGY ROAD","BUGHO","SAN FERNANDO","CEBU","RESIDENTIAL REGULAR","1,000.00"
"ALL LOTS","COCO LAND","BUGHO","SAN FERNANDO","CEBU","COCO LAND","700.00"
"ALL LOTS","PASTURE LAND","BUGHO","SAN FERNANDO","CEBU","PASTURE LAND","600.00"
"ALL LOTS","CORN LAND","BUGHO","SAN FERNANDO","CEBU","CORN LAND","600.00"
"ALL LOTS","OTHER AGRICULTURAL LANDS","BUGHO","SAN FERNANDO","CEBU","OTHER AGRICULTURAL LANDS","200.00"
"ALL LOTS","INTERIOR AREA","BUGHO","SAN FERNANDO","CEBU","RESIDENTIAL REGULAR","900.00"
"ALL LOTS","MOUNTANOUS / HILLY AREAS","BUGHO","SAN FERNANDO","CEBU","MOUNTAINOUS / HILLY AREAS","240.00"
"BUGHO PROPER","COCOLAND","BUGHO","SAN FERNANDO","CEBU","COCO LAND","500.00"
"BUGHO PROPER","PASTURE LAND","BUGHO","SAN FERNANDO","CEBU","PASTURE LAND","300.00"
"BUGHO PROPER","CORN LAND","BUGHO","SAN FERNANDO","CEBU","CORN LAND","500.00"
"BUGHO PROPER","MINERAL LAND","BUGHO","SAN FERNANDO","CEBU","MINERAL LAND","1,100.00"
"BUGHO PROPER","HILLY LAND","BUGHO","SAN FERNANDO","CEBU","MOUNTAINOUS / HILLY AREAS","240.00"
"ALL LOTS","BRGY ROAD","CABATBATAN","SAN FERNANDO","CEBU","RESIDENTIAL REGULAR","1,400.00"
"ALL LOTS","BRGY ROAD","CABATBATAN","SAN FERNANDO","CEBU","INDUSTRIAL","2,000.00"
"ALL LOTS","COCO LAND","CABATBATAN","SAN FERNANDO","CEBU","CORN LAND","2,400.00"
"ALL LOTS","COCO LAND","CABATBATAN","SAN FERNANDO","CEBU","COCO LAND","800.00"
"ALL LOTS","CORN LAND","CABATBATAN","SAN FERNANDO","CEBU","CORN LAND","800.00"
"ALL LOTS","PASTURE LAND","CABATBATAN","SAN FERNANDO","CEBU","PASTURE LAND","700.00"
"ALL LOTS","OTHER AGRICULTURAL LANDS","CABATBATAN","SAN FERNANDO","CEBU","OTHER AGRICULTURAL LANDS","200.00"
"ALL LOTS","INTERIOR AREA","CABATBATAN","SAN FERNANDO","CEBU","RESIDENTIAL REGULAR","1,100.00"
"ALL LOTS","COCO LAND","CABATBATAN","SAN FERNANDO","CEBU","COCO LAND","600.00"
"PROPER","CENTER NEAR CHURCH","CABATBATAN","SAN FERNANDO","CEBU","RESIDENTIAL REGULAR","1,500.00"
"LOWER PORTION","CENTER TO LOWER PART","CABATBATAN","SAN FERNANDO","CEBU","RESIDENTIAL REGULAR","1,400.00"
"INTERIOR AREA","CORN LAND","CABATBATAN","SAN FERNANDO","CEBU","CORN LAND","600.00"
"INTERIOR AREA","PASTURE LAND","CABATBATAN","SAN FERNANDO","CEBU","PASTURE LAND","500.00"
"INTERIOR AREA","HILLY/ MOUNTAINOUS","CABATBATAN","SAN FERNANDO","CEBU","MOUNTAINOUS / HILLY AREAS","200.00"
"NATIONAL ROAD","GREENHILLS (SANGAT) PROPER","GREENHILLS","SAN FERNANDO","CEBU","RESIDENTIAL REGULAR","2,400.00"
"NATIONAL ROAD","SANGAT TO GREENHILLS","GREENHILLS","SAN FERNANDO","CEBU","RESIDENTIAL REGULAR","2,400.00"
"NATIONAL ROAD","COCO LAND","GREENHILLS","SAN FERNANDO","CEBU","COCO LAND","800.00"
"NATIONAL ROAD","CORN LAND","GREENHILLS","SAN FERNANDO","CEBU","CORN LAND","800.00"
"NATIONAL ROAD","PASTURE LAND","GREENHILLS","SAN FERNANDO","CEBU","COCO LAND","1,600.00"
"NATIONAL ROAD","PASTURE LAND","GREENHILLS","SAN FERNANDO","CEBU","PASTURE LAND","700.00"
"NATIONAL ROAD","RESORT","GREENHILLS","SAN FERNANDO","CEBU","RESORT","1,200.00"
"NATIONAL ROAD","OTHER AGRICULTURAL LANDS","GREENHILLS","SAN FERNANDO","CEBU","OTHER AGRICULTURAL LANDS","300.00"
"NATIONAL ROAD","INTERIOR AREA","GREENHILLS","SAN FERNANDO","CEBU","RESIDENTIAL REGULAR","1,600.00"
"NATIONAL ROAD","COCO LAND","GREENHILLS","SAN FERNANDO","CEBU","COCO LAND","700.00"
"NATIONAL ROAD","CORN LAND","GREENHILLS","SAN FERNANDO","CEBU","CORN LAND","700.00"
"NATIONAL ROAD","PASTURE LAND","GREENHILLS","SAN FERNANDO","CEBU","PASTURE LAND","600.00"
"NATIONAL ROAD","HILLY/ MOUNTAINOUS","GREENHILLS","SAN FERNANDO","CEBU","MOUNTAINOUS / HILLY AREAS","200.00"
"NATIONAL ROAD","COCO LAND","ILAYA","SAN FERNANDO","CEBU","COCO LAND","800.00"
"NATIONAL ROAD","CORN LAND","ILAYA","SAN FERNANDO","CEBU","CORN LAND","800.00"
"INTERIOR AREAS","INTERIOR AREA","ILAYA","SAN FERNANDO","CEBU","RESIDENTIAL REGULAR","1,600.00"
"INTERIOR AREAS","COCO LAND","ILAYA","SAN FERNANDO","CEBU","COCO LAND","600.00"
"INTERIOR AREAS","CORN LAND","ILAYA","SAN FERNANDO","CEBU","RESIDENTIAL REGULAR","1,800.00"
"INTERIOR AREAS","CORN LAND","ILAYA","SAN FERNANDO","CEBU","CORN LAND","600.00"
"INTERIOR AREAS","PASTURE LAND","ILAYA","SAN FERNANDO","CEBU","PASTURE LAND","500.00"
"INTERIOR AREAS","HILLY","ILAYA","SAN FERNANDO","CEBU","MOUNTAINOUS / HILLY AREAS","200.00"
"ALL LOTS","BRGY ROAD","LANTAWAN","SAN FERNANDO","CEBU","RESIDENTIAL REGULAR","1,800.00"
"ALL LOTS","COCO LAND","LANTAWAN","SAN FERNANDO","CEBU","COCO LAND","800.00"
"ALL LOTS","CORN LAND","LANTAWAN","SAN FERNANDO","CEBU","CORN LAND","800.00"
"ALL LOTS","PASTURE LAND","LANTAWAN","SAN FERNANDO","CEBU","PASTURE LAND","700.00"
"ALL LOTS","OTHER AGRICULTURAL LANDS","LANTAWAN","SAN FERNANDO","CEBU","OTHER AGRICULTURAL LANDS","300.00"
"ALL LOTS","INTERIOR AREA","LANTAWAN","SAN FERNANDO","CEBU","RESIDENTIAL REGULAR","1,600.00"
"ALL LOTS","COCO LAND","LANTAWAN","SAN FERNANDO","CEBU","COCO LAND","600.00"
"ALL LOTS","CORN LAND","LANTAWAN","SAN FERNANDO","CEBU","CORN LAND","600.00"
"ALL LOTS","PASTURE LAND","LANTAWAN","SAN FERNANDO","CEBU","PASTURE LAND","400.00"
"ALL LOTS","HILLY","LANTAWAN","SAN FERNANDO","CEBU","MOUNTAINOUS / HILLY AREAS","200.00"
"ALL LOTS","BRGY ROAD","LIBURON","SAN FERNANDO","CEBU","RESIDENTIAL REGULAR","1,400.00"
"PROPER","COCO LAND","LIBURON","SAN FERNANDO","CEBU","PASTURE LAND","2,000.00"
"PROPER","COCO LAND","LIBURON","SAN FERNANDO","CEBU","COCO LAND","800.00"
"PROPER","CORN LAND","LIBURON","SAN FERNANDO","CEBU","CORN LAND","800.00"
"PROPER","PASTURE LAND","LIBURON","SAN FERNANDO","CEBU","PASTURE LAND","700.00"
"PROPER","OTHER AGRICULTURAL LANDS","LIBURON","SAN FERNANDO","CEBU","OTHER AGRICULTURAL LANDS","300.00"
"PROPER","INTERIOR AREA","LIBURON","SAN FERNANDO","CEBU","RESIDENTIAL REGULAR","1,000.00"
"PROPER","COCO LAND","LIBURON","SAN FERNANDO","CEBU","COCO LAND","600.00"
"PROPER","CORN LAND","LIBURON","SAN FERNANDO","CEBU","CORN LAND","600.00"
"PROPER","PASTURE LAND","LIBURON","SAN FERNANDO","CEBU","PASTURE LAND","500.00"
"PROPER","HILLY","LIBURON","SAN FERNANDO","CEBU","MOUNTAINOUS / HILLY AREAS","200.00"
"PROPER","MINERAL LAND","LIBURON","SAN FERNANDO","CEBU","MINERAL LAND","1,100.00"
"ALL LOTS","BRGY ROAD","MAGSICO","SAN FERNANDO","CEBU","RESIDENTIAL REGULAR","1,800.00"
"ALL LOTS","BRGY ROAD","MAGSICO","SAN FERNANDO","CEBU","INDUSTRIAL","2,000.00"
"ALL LOTS","COCO LAND","MAGSICO","SAN FERNANDO","CEBU","COCO LAND","1,000.00"
"ALL LOTS","CORN LAND","MAGSICO","SAN FERNANDO","CEBU","CORN LAND","800.00"
"ALL LOTS","PASTURE LAND","MAGSICO","SAN FERNANDO","CEBU","PASTURE LAND","700.00"
"ALL LOTS","OTHER AGRICULTURAL LANDS","MAGSICO","SAN FERNANDO","CEBU","COCO LAND","9,000.00"
"ALL LOTS","OTHER AGRICULTURAL LANDS","MAGSICO","SAN FERNANDO","CEBU","OTHER AGRICULTURAL LANDS","300.00"
"ALL LOTS","INTERIOR AREA","MAGSICO","SAN FERNANDO","CEBU","RESIDENTIAL REGULAR","1,500.00"
"ALL LOTS","COCO LAND","MAGSICO","SAN FERNANDO","CEBU","COCO LAND","600.00"
"ALL LOTS","CORN LAND","MAGSICO","SAN FERNANDO","CEBU","CORN LAND","600.00"
"ALL LOTS","PASTURE LAND","MAGSICO","SAN FERNANDO","CEBU","PASTURE LAND","500.00"
"ALL LOTS","HILLY","MAGSICO","SAN FERNANDO","CEBU","MOUNTAINOUS / HILLY AREAS","200.00"
"ALL LOTS","MINERAL LAND","MAGSICO","SAN FERNANDO","CEBU","MINERAL LAND","1,100.00"
"NAT'L ROAD","SOUTH POBLACION TO BALUD BOUNDARY","PANADTARAN","SAN FERNANDO","CEBU","COMMERCIAL REGULAR","8,000.00"
"NAT'L ROAD","SOUTH POBLACION TO BALUD BOUNDARY","PANADTARAN","SAN FERNANDO","CEBU","INDUSTRIAL","9,000.00"
"NAT'L ROAD","NAT'L RD- 50M FR BRGY RD","PANADTARAN","SAN FERNANDO","CEBU","RESIDENTIAL REGULAR","6,500.00"
"NAT'L ROAD","INTERIOR","PANADTARAN","SAN FERNANDO","CEBU","RESIDENTIAL REGULAR","5,800.00"
"NAT'L ROAD","50M TO TONGO BDY","PANADTARAN","SAN FERNANDO","CEBU","OTHER AGRICULTURAL LANDS","2,000.00"
"NAT'L ROAD","SEASHORE","PANADTARAN","SAN FERNANDO","CEBU","SEASHORE","6,000.00"
"BRGY ROAD","SEASHORE","PANADTARAN","SAN FERNANDO","CEBU","RESIDENTIAL REGULAR","4,800.00"
"BRGY ROAD","COCO LAND","PANADTARAN","SAN FERNANDO","CEBU","COCO LAND","3,000.00"
"BRGY ROAD","CORN LAND","PANADTARAN","SAN FERNANDO","CEBU","CORN LAND","16,000.00"
"BRGY ROAD","CORN LAND","PANADTARAN","SAN FERNANDO","CEBU","CORN LAND","2,600.00"
"BRGY ROAD","PASTURE LAND","PANADTARAN","SAN FERNANDO","CEBU","PASTURE LAND","2,000.00"
"BRGY ROAD","MOUNTAINOUS/ HILLY AREAS","PANADTARAN","SAN FERNANDO","CEBU","MOUNTAINOUS / HILLY AREAS","1,400.00"
"BRGY ROAD","INTERIOR AREA","PANADTARAN","SAN FERNANDO","CEBU","RESIDENTIAL REGULAR","4,000.00"
"BRGY ROAD","HILLY/ MOUNTAINOUS","PANADTARAN","SAN FERNANDO","CEBU","MOUNTAINOUS / HILLY AREAS","1,400.00"
"BRGY ROAD","OTHER AGRICULTURAL LANDS","PANADTARAN","SAN FERNANDO","CEBU","OTHER AGRICULTURAL LANDS","1,000.00"
"NAT'L ROAD","TO NAGA BOUNDARY","PITALO","SAN FERNANDO","CEBU","COMMERCIAL REGULAR","16,000.00"
"NAT'L ROAD","INTERIOR - NAT'L ROAD","PITALO","SAN FERNANDO","CEBU","COMMERCIAL REGULAR","12,000.00"
"NAT'L ROAD","NAT'L RD- 50M FR BGY RD","PITALO","SAN FERNANDO","CEBU","RESIDENTIAL REGULAR","6,400.00"
"NAT'L ROAD","INTERIOR AREA","PITALO","SAN FERNANDO","CEBU","RESIDENTIAL REGULAR","5,800.00"
"NAT'L ROAD","50M TO ILAYA BDY","PITALO","SAN FERNANDO","CEBU","OTHER AGRICULTURAL LANDS","2,000.00"
"NAT'L ROAD","SHORELINE","PITALO","SAN FERNANDO","CEBU","RESIDENTIAL REGULAR","6,000.00"
"BRGY ROAD","SHORELINE","PITALO","SAN FERNANDO","CEBU","RESIDENTIAL REGULAR","4,800.00"
"BRGY ROAD","COCO LAND","PITALO","SAN FERNANDO","CEBU","COCO LAND","3,000.00"
"BRGY ROAD","PASTURE LAND","PITALO","SAN FERNANDO","CEBU","PASTURE LAND","2,600.00"
"BRGY ROAD","CORN LAND","PITALO","SAN FERNANDO","CEBU","CORN LAND","2,000.00"
"CASA MIRA SUBD.","CORN LAND","PITALO","SAN FERNANDO","CEBU","OTHER AGRICULTURAL LANDS","15,000.00"
"CASA MIRA SUBD.","CORN LAND","PITALO","SAN FERNANDO","CEBU","RESIDENTIAL REGULAR","15,000.00"
"ALL OTHER SUBDS.","APPLIED","PITALO","SAN FERNANDO","CEBU","RESIDENTIAL REGULAR","11,000.00"
"INTERIOR AREAS","INTERIOR AREA","PITALO","SAN FERNANDO","CEBU","RESIDENTIAL REGULAR","4,000.00"
"INTERIOR AREAS","MOUNTAINOUS","PITALO","SAN FERNANDO","CEBU","MOUNTAINOUS / HILLY AREAS","1,400.00"
"INTERIOR AREAS","OTHER AGRICULTURAL LANDS","PITALO","SAN FERNANDO","CEBU","OTHER AGRICULTURAL LANDS","1,000.00"
"NAT'L ROAD","BDRIES BALUD TO CARCAR","SANGAT","SAN FERNANDO","CEBU","COMMERCIAL REGULAR","6,400.00"
"NAT'L ROAD","BALUD & SANGAT SEASHORE","SANGAT","SAN FERNANDO","CEBU","INDUSTRIAL","8,000.00"
"NAT'L ROAD","SHORELINE","SANGAT","SAN FERNANDO","CEBU","RESIDENTIAL REGULAR","5,000.00"
"NAT'L ROAD","SEASHORE","SANGAT","SAN FERNANDO","CEBU","SEASHORE","5,400.00"
"NAT'L ROAD","INTERIOR RESIDENTIAL AREA","SANGAT","SAN FERNANDO","CEBU","RESIDENTIAL REGULAR","4,400.00"
"NAT'L ROAD","OTHER AGRICULTURAL LANDS","SANGAT","SAN FERNANDO","CEBU","OTHER AGRICULTURAL LANDS","2,000.00"
"BRGY ROAD","UPPER SANGAT AND BALUD","SANGAT","SAN FERNANDO","CEBU","RESIDENTIAL REGULAR","3,600.00"
"BRGY ROAD","BGY ROAD OF SANGAT- GREENHILLS","SANGAT","SAN FERNANDO","CEBU","OTHER AGRICULTURAL LANDS","1,600.00"
"INTERIOR ROAD","BGY ROAD OF SANGAT- GREENHILLS","SANGAT","SAN FERNANDO","CEBU","RESIDENTIAL REGULAR","3,000.00"
"INTERIOR ROAD","HILLY","SANGAT","SAN FERNANDO","CEBU","MOUNTAINOUS / HILLY AREAS","1,400.00"
"INTERIOR ROAD","OTHER AGRICULTURAL LANDS","SANGAT","SAN FERNANDO","CEBU","OTHER AGRICULTURAL LANDS","1,000.00"
"NAT'L ROAD","BGY PITALO TO NORTH POBLACION","SAN ISIDRO","SAN FERNANDO","CEBU","INDUSTRIAL","7,000.00"
"NAT'L ROAD","BGY PITALO TO NORTH POBLACION","SAN ISIDRO","SAN FERNANDO","CEBU","COMMERCIAL REGULAR","6,400.00"
"NAT'L ROAD","50M FR. NATIONAL ROAD","SAN ISIDRO","SAN FERNANDO","CEBU","RESIDENTIAL REGULAR","5,800.00"
"NAT'L ROAD","SEASHORE","SAN ISIDRO","SAN FERNANDO","CEBU","SEASHORE","6,000.00"
"NAT'L ROAD","SEASHORE","SAN ISIDRO","SAN FERNANDO","CEBU","RESORT","7,000.00"
"NAT'L ROAD","INTERRIOR","SAN ISIDRO","SAN FERNANDO","CEBU","RESIDENTIAL REGULAR","4,400.00"
"NAT'L ROAD","OTHER AGRICULTURAL LANDS","SAN ISIDRO","SAN FERNANDO","CEBU","OTHER AGRICULTURAL LANDS","2,000.00"
"BRGY ROAD","OTHER AGRICULTURAL LANDS","SAN ISIDRO","SAN FERNANDO","CEBU","RESIDENTIAL REGULAR","4,800.00"
"BRGY ROAD","OTHER AGRICULTURAL LANDS","SAN ISIDRO","SAN FERNANDO","CEBU","OTHER AGRICULTURAL LANDS","1,600.00"
"INTERIOR AREA","INTERIOR AREAS","SAN ISIDRO","SAN FERNANDO","CEBU","RESIDENTIAL REGULAR","4,000.00"
"INTERIOR AREA","MOUNTAINOUS","SAN ISIDRO","SAN FERNANDO","CEBU","MOUNTAINOUS / HILLY AREAS","1,400.00"
"INTERIOR AREA","OTHER AGRICULTURAL LANDS","SAN ISIDRO","SAN FERNANDO","CEBU","OTHER AGRICULTURAL LANDS","1,000.00"
"PROVINCIAL RD","OTHER AGRICULTURAL LANDS","TABIONAN","SAN FERNANDO","CEBU","RESIDENTIAL REGULAR","2,000.00"
"PROVINCIAL RD","MOUNTAINOUS / HILLY AREAS","TABIONAN","SAN FERNANDO","CEBU","MOUNTAINOUS / HILLY AREAS","1,000.00"
"PROVINCIAL RD","OTHER AGRICULTURAL LANDS","TABIONAN","SAN FERNANDO","CEBU","OTHER AGRICULTURAL LANDS","800.00"
"ALL LOTS","BRGY ROAD","TABIONAN","SAN FERNANDO","CEBU","RESIDENTIAL REGULAR","1,900.00"
"ALL LOTS","LOWLAND","TABIONAN","SAN FERNANDO","CEBU","INDUSTRIAL","2,000.00"
"ALL LOTS","COCO LAND","TABIONAN","SAN FERNANDO","CEBU","PASTURE LAND","2,400.00"
"ALL LOTS","COCO LAND","TABIONAN","SAN FERNANDO","CEBU","COCO LAND","800.00"
"ALL LOTS","CORN LAND","TABIONAN","SAN FERNANDO","CEBU","CORN LAND","800.00"
"ALL LOTS","PASTURE LAND","TABIONAN","SAN FERNANDO","CEBU","PASTURE LAND","700.00"
"ALL LOTS","PASTURE LAND","TABIONAN","SAN FERNANDO","CEBU","RESORT","1,200.00"
"ALL LOTS","OTHER AGRICULTURAL LANDS","TABIONAN","SAN FERNANDO","CEBU","OTHER AGRICULTURAL LANDS","400.00"
"ALL LOTS","INTERIOR AREA","TABIONAN","SAN FERNANDO","CEBU","RESIDENTIAL REGULAR","1,100.00"
"ALL LOTS","COCO LAND","TABIONAN","SAN FERNANDO","CEBU","COCO LAND","600.00"
"ALL LOTS","CORN LAND","TABIONAN","SAN FERNANDO","CEBU","CORN LAND","600.00"
"ALL LOTS","PASTURE LAND","TABIONAN","SAN FERNANDO","CEBU","PASTURE LAND","500.00"
"ALL LOTS","MINERAL LAND","TABIONAN","SAN FERNANDO","CEBU","MINERAL LAND","1,100.00"
"ALL LOTS","HILLY","TABIONAN","SAN FERNANDO","CEBU","MOUNTAINOUS / HILLY AREAS","300.00"
"ALL LOTS","OTHER AGRICULTURAL LANDS","TABIONAN","SAN FERNANDO","CEBU","OTHER AGRICULTURAL LANDS","200.00"
"ALL LOTS","BRGY ROAD","TAÑAÑAS","SAN FERNANDO","CEBU","RESIDENTIAL REGULAR","2,400.00"
"ALL LOTS","CORN LAND","TAÑAÑAS","SAN FERNANDO","CEBU","CORN LAND","1,800.00"
"ALL LOTS","PASTURE LAND","TAÑAÑAS","SAN FERNANDO","CEBU","PASTURE LAND","1,200.00"
"ALL LOTS","OTHER AGRICULTURAL LANDS","TAÑAÑAS","SAN FERNANDO","CEBU","MOUNTAINOUS / HILLY AREAS","2,600.00"
"ALL LOTS","OTHER AGRICULTURAL LANDS","TAÑAÑAS","SAN FERNANDO","CEBU","OTHER AGRICULTURAL LANDS","400.00"
"ALL LOTS","INTERIOR AREA","TAÑAÑAS","SAN FERNANDO","CEBU","RESIDENTIAL REGULAR","1,600.00"
"ALL LOTS","COCO LAND","TAÑAÑAS","SAN FERNANDO","CEBU","COCO LAND","600.00"
"ALL LOTS","CORN LAND","TAÑAÑAS","SAN FERNANDO","CEBU","CORN LAND","1,000.00"
"ALL LOTS","PASTURE LAND","TAÑAÑAS","SAN FERNANDO","CEBU","PASTURE LAND","700.00"
"ALL LOTS","HILLY","TAÑAÑAS","SAN FERNANDO","CEBU","MOUNTAINOUS / HILLY AREAS","300.00"
"ALL LOTS","OTHER AGRICULTURAL LANDS","TAÑAÑAS","SAN FERNANDO","CEBU","OTHER AGRICULTURAL LANDS","200.00"
"PROVINCIAL RD","","TINUBDAN","SAN FERNANDO","CEBU","RESIDENTIAL REGULAR","2,600.00"
"PROVINCIAL RD","INTERIOR","TINUBDAN","SAN FERNANDO","CEBU","RESIDENTIAL REGULAR","1,700.00"
"BRGY RD.","CENTER","TINUBDAN","SAN FERNANDO","CEBU","RESIDENTIAL REGULAR","1,700.00"
"BRGY RD.","OTHER AGRICULTURAL LANDS","TINUBDAN","SAN FERNANDO","CEBU","OTHER AGRICULTURAL LANDS","400.00"
"INTERIOR AREA","NO ACCESS","TINUBDAN","SAN FERNANDO","CEBU","RESIDENTIAL REGULAR","1,600.00"
"INTERIOR AREA","OTHER AGRICULTURAL LANDS","TINUBDAN","SAN FERNANDO","CEBU","OTHER AGRICULTURAL LANDS","200.00"
"INTERIOR AREA","MINERAL LAND","TINUBDAN","SAN FERNANDO","CEBU","MINERAL LAND","1,100.00"
"INTERIOR AREAS","PASTURE LAND","TINUBDAN","SAN FERNANDO","CEBU","PASTURE LAND","600.00"
"INTERIOR AREAS","HILLY","TINUBDAN","SAN FERNANDO","CEBU","MOUNTAINOUS / HILLY AREAS","300.00"
"ALL LOTS","ALONG BRGY ROAD","TONGO","SAN FERNANDO","CEBU","CORN LAND","2,400.00"
"ALL LOTS","ALONG BRGY ROAD","TONGO","SAN FERNANDO","CEBU","RESIDENTIAL REGULAR","2,400.00"
"ALL LOTS","COCO LAND","TONGO","SAN FERNANDO","CEBU","COCO LAND","800.00"
"ALL LOTS","CORN LAND","TONGO","SAN FERNANDO","CEBU","CORN LAND","800.00"
"ALL LOTS","PASTURE LAND","TONGO","SAN FERNANDO","CEBU","PASTURE LAND","800.00"
"ALL LOTS","PASTURE LAND","TONGO","SAN FERNANDO","CEBU","RESORT","2,000.00"
"ALL LOTS","OTHER AGRICULTURAL LANDS","TONGO","SAN FERNANDO","CEBU","OTHER AGRICULTURAL LANDS","400.00"
"UPPER TONGO","INTERIOR AREA","TONGO","SAN FERNANDO","CEBU","RESIDENTIAL REGULAR","1,600.00"
"UPPER TONGO","COCO LAND","TONGO","SAN FERNANDO","CEBU","COCO LAND","600.00"
"UPPER TONGO","CORN LAND","TONGO","SAN FERNANDO","CEBU","CORN LAND","600.00"
"UPPER TONGO","PASTURE LAND","TONGO","SAN FERNANDO","CEBU","PASTURE LAND","600.00"
"UPPER TONGO","HILLY","TONGO","SAN FERNANDO","CEBU","MOUNTAINOUS / HILLY AREAS","300.00"
"UPPER TONGO","OTHER AGRICULTURAL LANDS","TONGO","SAN FERNANDO","CEBU","OTHER AGRICULTURAL LANDS","200.00"
"ALL LOTS","BRGY ROAD","TUBOD","SAN FERNANDO","CEBU","RESIDENTIAL REGULAR","1,000.00"
"ALL LOTS","RICELAND UNIRRIGATED","TUBOD","SAN FERNANDO","CEBU","RICELAND UNIRRIGATED","600.00"
"ALL LOTS","PASTURE LAND","TUBOD","SAN FERNANDO","CEBU","OTHER AGRICULTURAL LANDS","800.00"
"ALL LOTS","PASTURE LAND","TUBOD","SAN FERNANDO","CEBU","PASTURE LAND","700.00"
"ALL LOTS","OTHER AGRICULTURAL LANDS","TUBOD","SAN FERNANDO","CEBU","OTHER AGRICULTURAL LANDS","300.00"
"ALL LOTS","INTERIOR AREA","TUBOD","SAN FERNANDO","CEBU","RESIDENTIAL REGULAR","800.00"
"ALL LOTS","COCO LAND","TUBOD","SAN FERNANDO","CEBU","COCO LAND","600.00"
"ALL LOTS","CORN LAND","TUBOD","SAN FERNANDO","CEBU","CORN LAND","600.00"
"ALL LOTS","PASTURE LAND","TUBOD","SAN FERNANDO","CEBU","PASTURE LAND","500.00"
"ALL LOTS","HILLY","TUBOD","SAN FERNANDO","CEBU","MOUNTAINOUS / HILLY AREAS","200.00"
